member_id,age,country,job_title,days_since_signup,login_frequency_30d,resources_downloaded,webinars_attended,forum_posts,profile_completion_pct,events_registered,events_attended,newsletter_opens,avg_session_duration_min,support_tickets_raised,emails_to_support,referral_count,converted
IAASSE_00000,56,Australia,Student,412,14,6,0,4,85.29617998972154,3,2,8,25.159702706800605,1,0,0,1
IAASSE_00001,46,Brazil,Software Engineer,607,9,5,2,9,67.0575402551868,5,3,8,19.113455839046743,3,0,0,0
IAASSE_00002,32,India,Student,595,7,7,0,2,82.47594709366996,3,3,3,19.738132865429268,1,0,1,0
IAASSE_00003,60,Canada,Consultant,654,6,7,2,5,39.657797393243015,2,2,6,21.463593488019846,3,0,1,1
IAASSE_00004,25,Germany,Freelancer,475,7,8,2,4,67.7052151118416,5,4,6,60.88439807425929,0,0,0,0
IAASSE_00005,38,UK,Data Analyst,116,6,3,2,2,21.08224648471103,1,1,8,50.199001254672226,1,1,0,0
IAASSE_00006,56,USA,Software Engineer,359,9,6,4,2,52.229691219586016,7,5,7,25.08536442056159,2,0,1,1
IAASSE_00007,36,Australia,Student,97,1,4,2,3,76.83149227333334,3,2,6,5.520724533874219,1,0,1,0
IAASSE_00008,40,Nigeria,Researcher,420,11,6,4,2,83.31353711408843,1,1,5,17.993107208972315,0,0,0,1
IAASSE_00009,28,Nigeria,Software Engineer,708,10,5,1,6,84.44879727154219,2,2,2,9.255649818889992,3,0,0,0
IAASSE_00011,41,Australia,Data Analyst,691,9,4,6,3,45.27143054059223,0,0,7,14.437009787377677,1,1,1,0
IAASSE_00012,53,USA,Researcher,553,7,4,3,3,85.08564614487693,6,4,5,37.33591778214183,0,1,0,1
IAASSE_00013,57,Brazil,Software Engineer,728,5,4,2,4,99.8669980850554,2,2,6,15.377015950150719,1,0,0,0
IAASSE_00014,41,Brazil,Student,304,4,5,2,3,94.19041764049553,1,1,5,6.689828235512399,2,1,0,0
IAASSE_00015,20,Germany,Researcher,651,4,4,4,4,50.1638306624941,4,1,5,39.21377800547195,1,0,0,0
IAASSE_00016,39,India,Software Engineer,289,7,4,5,4,33.691768417176654,3,1,6,2.109031369118205,0,1,0,0
IAASSE_00017,19,Germany,Consultant,511,8,3,5,1,85.56317360745805,3,2,2,42.49410608713373,1,0,0,0
IAASSE_00018,41,Australia,Student,204,9,2,3,4,94.0878120277244,3,1,7,17.19623403722064,0,0,0,1
IAASSE_00020,47,Canada,Researcher,654,5,3,6,4,53.97647901927848,3,1,3,8.105033504503318,5,0,0,0
IAASSE_00021,55,Germany,Student,347,2,8,0,6,21.864257068247806,3,2,8,13.812674938715446,1,1,0,1
IAASSE_00022,19,Germany,Researcher,664,7,8,1,1,57.069143043110685,0,0,9,28.762149493850842,1,1,2,0
IAASSE_00023,38,UK,Software Engineer,340,8,3,3,4,49.828750889395465,2,1,6,2.620666746862586,1,1,0,0
IAASSE_00024,50,Brazil,Professor,149,8,2,1,0,83.95507995592268,2,2,6,46.54280432202172,0,1,0,0
IAASSE_00025,29,USA,Student,416,7,6,2,2,71.71723448545244,2,2,4,12.533339492225274,1,1,0,1
IAASSE_00029,44,Germany,Data Analyst,429,10,5,3,2,78.56558561351652,4,2,2,11.551137896964306,2,1,1,0
IAASSE_00030,59,UK,Freelancer,497,10,6,3,4,30.959043353187425,1,0,11,17.873615269063897,0,0,0,0
IAASSE_00031,45,USA,Professor,166,6,2,1,3,96.30583498494761,3,3,9,33.81574366046374,1,0,0,0
IAASSE_00032,33,Germany,Data Analyst,213,4,7,2,4,59.7805188717626,6,4,8,32.01176221502196,1,1,0,1
IAASSE_00034,64,USA,Freelancer,109,9,5,3,4,45.46128012630384,2,1,3,20.522856574808284,2,1,0,1
IAASSE_00035,61,Germany,Data Analyst,588,3,6,3,3,90.81684979057925,4,3,6,2.1789931067385426,0,0,0,0
IAASSE_00036,20,Canada,Software Engineer,637,7,7,4,2,67.9754244913924,5,2,6,47.29176741054594,1,0,0,0
IAASSE_00037,54,Germany,Software Engineer,657,10,3,3,2,76.73202466449122,4,2,3,19.190466678667082,2,1,0,0
IAASSE_00038,24,India,Data Analyst,678,6,2,3,3,61.68296182249963,1,1,8,97.2872936429964,0,1,0,0
IAASSE_00039,38,USA,Student,238,9,8,6,3,86.5974143151027,0,0,3,32.23737452928987,2,1,0,0
IAASSE_00040,26,USA,Data Analyst,666,9,8,2,3,59.44536449297561,4,3,5,10.403218562004852,3,2,0,0
IAASSE_00041,56,India,Data Analyst,430,10,9,2,5,74.39553116682681,3,2,3,11.614037401068515,2,0,0,0
IAASSE_00042,35,Australia,Software Engineer,553,8,2,2,2,64.09661056185973,0,0,3,38.18995927582939,3,0,0,0
IAASSE_00043,21,Germany,Student,245,9,4,2,7,36.617186148902775,5,4,3,7.920262743909467,0,0,0,0
IAASSE_00044,42,India,Consultant,340,6,2,2,2,68.4757729961183,1,1,7,13.216434039741426,1,0,0,0
IAASSE_00045,31,India,Researcher,155,8,8,0,0,64.72687084072399,4,4,7,15.099513870457514,1,2,0,0
IAASSE_00046,26,Brazil,Student,629,11,5,4,4,31.58932263282918,1,0,5,31.314358147654865,3,1,0,0
IAASSE_00047,43,Australia,Researcher,414,7,8,2,3,61.36130024146118,6,3,6,4.90994107291792,1,1,0,0
IAASSE_00049,37,Canada,Freelancer,232,5,7,2,1,4.128702112435998,4,3,9,17.387764975280227,0,0,1,0
IAASSE_00050,45,USA,Student,658,10,2,1,1,15.814955185924346,4,3,6,44.22638118439419,0,0,0,0
IAASSE_00051,64,Australia,Data Analyst,662,9,5,3,2,33.872139805089155,4,3,2,4.099586596932999,3,0,1,0
IAASSE_00052,24,UK,Professor,266,3,5,1,1,88.40407947962777,5,2,6,1.304062597334268,1,0,0,0
IAASSE_00053,61,Nigeria,Professor,680,8,2,3,1,24.13358716144133,2,2,3,29.17485740058471,0,1,0,0
IAASSE_00054,25,Australia,Manager,610,4,10,0,1,36.92085932066217,4,4,2,14.247969874659145,0,0,0,0
IAASSE_00055,64,Australia,Manager,180,8,6,2,4,99.0450168334486,2,2,6,16.8568074163566,0,0,0,1
IAASSE_00056,52,UK,Student,211,4,9,1,3,59.584359916347964,2,1,6,28.21188354556164,1,0,1,0
IAASSE_00057,31,USA,Software Engineer,421,9,10,2,2,96.11354989213548,4,3,8,42.999963771935015,2,1,1,1
IAASSE_00058,34,USA,Data Analyst,514,8,5,2,7,71.56433035303807,3,1,6,27.251395181287272,0,1,0,0
IAASSE_00059,53,Canada,Student,159,7,3,1,3,17.242857818600125,3,0,7,8.14012826260058,0,1,0,0
IAASSE_00060,57,USA,Manager,109,7,4,1,2,61.662856713554916,4,2,8,8.691756067627614,0,0,0,0
IAASSE_00061,21,Australia,Student,720,15,6,2,5,77.89732178858884,5,3,9,36.73892541738071,0,1,0,1
IAASSE_00063,23,Nigeria,Professor,123,11,1,1,0,45.00619347213542,2,0,4,9.789298915236387,3,0,0,0
IAASSE_00064,59,Germany,Student,671,7,8,3,4,70.18135930569238,9,6,3,27.976316145126816,0,0,0,1
IAASSE_00065,21,USA,Freelancer,162,7,2,3,2,58.143926174305484,3,3,7,47.3020718047757,0,0,0,0
IAASSE_00066,46,Nigeria,Freelancer,682,10,8,1,1,29.225531224432494,4,2,9,31.12269139790603,1,2,0,0
IAASSE_00068,43,USA,Student,524,9,6,2,5,98.21587615121251,1,0,4,4.1609674344071355,1,0,0,0
IAASSE_00070,51,UK,Software Engineer,244,7,4,4,5,96.7809563223526,1,0,4,49.39307679378727,0,0,0,0
IAASSE_00071,27,India,Data Analyst,590,7,5,3,2,72.27840128541843,3,1,6,23.78221915410567,1,0,0,0
IAASSE_00072,53,Brazil,Data Analyst,613,13,9,1,2,82.09360659563242,3,3,6,5.010407996120003,1,0,0,0
IAASSE_00073,31,USA,Freelancer,332,6,4,2,2,98.63195892762403,2,1,6,16.76583459415654,2,0,0,0
IAASSE_00074,48,Nigeria,Student,596,7,7,1,0,46.21537089248949,3,2,8,13.8478723224815,3,0,1,0
IAASSE_00076,25,Brazil,Student,182,7,2,1,3,73.99176432517737,3,1,6,46.50676718554217,0,0,0,0
IAASSE_00077,31,Canada,Software Engineer,690,6,6,4,2,75.08159922189141,0,0,13,24.964603759473064,1,0,0,0
IAASSE_00078,40,India,Professor,484,14,8,2,4,46.19700122288781,5,4,7,31.20961484343416,2,0,0,0
IAASSE_00079,57,USA,Data Analyst,261,10,5,0,5,59.31685616193224,6,3,7,29.78541299914253,1,1,0,0
IAASSE_00081,33,USA,Researcher,409,11,5,1,3,76.13621693817724,2,2,6,22.254634262015486,0,0,0,0
IAASSE_00082,62,Brazil,Researcher,198,7,5,1,5,98.27888192459304,6,4,7,44.679428842303835,2,0,0,0
IAASSE_00083,35,India,Researcher,335,5,10,2,5,71.01025517079854,4,2,8,50.429085320469646,3,0,0,1
IAASSE_00086,43,USA,Freelancer,303,4,4,1,0,69.87754529415366,1,0,7,32.27483426859145,0,0,0,0
IAASSE_00087,42,UK,Professor,251,10,5,2,2,55.7360944978599,3,1,5,38.03264622149438,1,0,0,0
IAASSE_00088,62,USA,Software Engineer,525,13,9,3,3,44.465914024364956,1,1,4,13.64382937265557,0,0,0,0
IAASSE_00089,58,USA,Consultant,399,6,4,2,4,64.7733102902216,1,1,10,20.115992912662676,1,0,1,0
IAASSE_00090,46,USA,Software Engineer,607,12,7,1,0,44.790555456061774,2,2,4,1.4930474863201726,2,0,0,0
IAASSE_00091,32,Canada,Software Engineer,183,8,2,1,2,70.5621386902043,2,0,7,19.69926529209135,2,1,0,1
IAASSE_00092,62,UK,Student,210,6,4,1,3,34.821020801167776,2,1,6,3.771616030300878,0,1,1,0
IAASSE_00093,18,USA,Software Engineer,652,8,9,1,7,54.02953841159198,6,3,8,20.5816077678014,0,0,0,1
IAASSE_00094,42,USA,Software Engineer,600,9,2,0,3,53.5850530468699,2,2,9,28.213330930580796,0,0,1,0
IAASSE_00095,24,USA,Student,539,11,5,3,4,21.30336991978638,3,1,7,11.269804770015035,2,1,0,0
IAASSE_00096,26,Brazil,Software Engineer,134,6,7,0,7,8.433965936149706,2,2,7,10.120377617886176,2,2,0,0
IAASSE_00097,41,India,Manager,201,12,4,0,5,63.63102773754632,2,2,5,29.993613132639712,3,0,0,0
IAASSE_00098,18,Brazil,Researcher,200,11,10,3,5,92.62575671575858,5,4,6,6.761139326200504,1,0,0,1
IAASSE_00099,61,Canada,Researcher,190,9,6,1,7,65.90485973749799,4,1,3,5.81396327092542,3,0,0,0
IAASSE_00100,25,UK,Professor,253,7,6,0,2,90.89035549101314,1,0,7,13.858057868106586,3,0,1,0
IAASSE_00101,41,India,Student,330,7,0,5,1,72.65503913905545,1,1,2,2.7919646247618486,2,0,0,0
IAASSE_00102,28,UK,Software Engineer,166,9,6,4,3,33.905104002603004,1,0,6,18.14840110485522,0,0,2,1
IAASSE_00103,34,UK,Manager,712,11,8,3,2,62.476890403574956,4,3,4,25.454674602602175,0,0,0,1
IAASSE_00104,25,USA,Software Engineer,628,5,2,2,3,75.87229061559975,4,2,6,41.09934107514351,0,1,0,0
IAASSE_00106,52,UK,Student,260,9,3,1,1,57.36687109513912,1,0,5,9.496047969122714,0,0,1,1
IAASSE_00107,50,UK,Consultant,289,9,4,2,3,99.91951226744261,3,2,9,8.822823728055617,0,1,0,1
IAASSE_00109,59,USA,Consultant,124,3,4,0,4,21.277651303784737,5,3,4,20.7684256654126,3,1,0,0
IAASSE_00110,56,USA,Software Engineer,429,9,3,0,5,93.94821198564176,1,0,8,5.891112394957756,0,0,0,0
IAASSE_00111,58,India,Researcher,562,9,5,4,1,67.54316764094935,7,4,7,9.559662391952271,1,2,0,1
IAASSE_00112,45,USA,Manager,728,10,9,2,10,79.3414711055361,7,6,7,41.283285615088104,0,0,1,1
IAASSE_00114,26,Nigeria,Software Engineer,537,6,7,0,2,85.81686492538782,4,3,5,17.822781185488722,1,2,0,0
IAASSE_00115,25,USA,Software Engineer,97,8,4,2,6,48.99308652843192,4,3,9,12.129889596972465,0,2,1,0
IAASSE_00116,29,USA,Manager,307,4,3,0,0,91.60683929432206,2,0,4,7.040849119230702,2,0,0,0
IAASSE_00117,51,Canada,Data Analyst,223,8,5,1,6,49.45741502452658,1,0,5,26.267243557828472,1,0,1,0
IAASSE_00118,50,UK,Software Engineer,104,13,3,2,3,51.603226168439754,1,1,8,18.774765384293577,1,1,0,0
IAASSE_00119,40,Australia,Student,462,4,5,1,5,53.75574679099683,4,2,3,44.55739192130288,1,0,1,0
IAASSE_00120,41,India,Professor,537,6,3,2,3,62.27411798850911,1,0,6,19.3002767875975,0,0,0,0
IAASSE_00121,54,USA,Student,544,5,4,2,2,64.19635637915452,4,3,7,19.523313058960373,0,0,1,1
IAASSE_00123,61,Canada,Software Engineer,582,4,3,1,4,80.3599784827691,3,2,12,7.587087335191888,1,0,0,0
IAASSE_00124,57,USA,Software Engineer,330,9,5,3,1,52.17332473270891,5,4,3,4.042221300280313,3,0,1,0
IAASSE_00125,39,Germany,Researcher,229,4,5,0,0,59.31598149195617,0,0,5,62.52701919073819,1,1,0,0
IAASSE_00127,52,Canada,Software Engineer,569,6,3,4,4,53.52574328997712,3,3,4,24.849999903315208,0,1,0,1
IAASSE_00128,18,USA,Manager,464,11,6,3,2,69.60699032970213,2,0,8,4.958610361973418,0,0,0,0
IAASSE_00129,52,Canada,Consultant,620,7,5,0,2,95.63729147264569,5,3,6,5.309759689948636,1,0,0,1
IAASSE_00130,54,UK,Student,182,12,4,1,2,34.92568203415976,3,3,9,10.528300099337471,0,0,1,1
IAASSE_00131,64,India,Consultant,528,7,4,0,4,59.18470083640901,3,1,4,7.6939997010985515,0,1,0,0
IAASSE_00132,31,USA,Researcher,463,13,5,0,4,93.00331919159824,1,1,7,22.94618995829373,0,0,0,0
IAASSE_00133,20,Canada,Consultant,429,10,7,2,1,33.72401294993342,2,1,8,5.395833069464348,2,1,0,0
IAASSE_00134,18,Canada,Software Engineer,106,13,6,3,3,46.95750875109072,3,1,5,5.168927265720059,0,0,1,0
IAASSE_00135,22,India,Software Engineer,409,9,5,0,4,37.896860776956565,3,2,10,14.237017174245468,1,0,1,0
IAASSE_00136,43,Australia,Professor,582,11,7,3,2,67.91228793917765,2,1,7,7.976151412155544,0,0,0,0
IAASSE_00137,31,Germany,Consultant,386,3,9,2,2,63.55336828236645,4,3,7,17.00747477342095,1,1,0,1
IAASSE_00138,56,India,Software Engineer,537,9,3,2,2,73.27985415508248,1,1,6,52.57264751521235,1,0,0,0
IAASSE_00139,44,Nigeria,Data Analyst,338,5,3,2,1,94.01470680473145,2,2,7,11.105789913023367,0,1,0,0
IAASSE_00140,26,UK,Software Engineer,324,7,1,5,8,73.25675199057541,6,5,5,12.10191384396576,1,0,1,0
IAASSE_00141,32,Australia,Software Engineer,659,6,4,4,3,88.1833802920538,5,2,8,5.848939001579394,1,0,0,0
IAASSE_00142,32,India,Data Analyst,543,12,4,2,6,52.28600742527736,4,2,8,43.62309099869596,0,0,0,0
IAASSE_00143,43,Brazil,Data Analyst,95,8,6,3,4,99.53993364179577,2,1,5,28.581780105937966,1,0,0,1
IAASSE_00144,59,Nigeria,Consultant,610,9,4,2,5,70.91747622429298,5,4,3,12.28610848620729,4,1,0,0
IAASSE_00145,30,UK,Student,517,8,8,2,1,77.95138528142861,0,0,7,26.26869579731177,1,0,0,0
IAASSE_00147,56,Canada,Student,395,8,4,2,5,64.85809236563131,2,0,11,3.440700187275283,0,1,0,0
IAASSE_00149,21,Canada,Student,408,6,4,3,3,17.004659727883194,5,2,10,4.075557832972166,1,0,0,0
IAASSE_00150,47,Canada,Data Analyst,113,7,3,1,1,37.67272498887021,2,2,4,13.27765891391574,2,0,0,0
IAASSE_00151,54,India,Manager,117,3,4,5,2,43.9650621927353,1,0,13,13.692658294568465,2,2,1,0
IAASSE_00152,40,UK,Consultant,283,10,5,0,2,54.158477923529766,2,1,5,7.515490108232924,2,0,1,1
IAASSE_00153,56,Nigeria,Data Analyst,220,13,5,0,2,91.67870498560941,4,1,6,23.53797193096048,3,0,0,0
IAASSE_00154,62,Canada,Software Engineer,512,7,5,1,1,74.17782500337702,1,0,3,33.58975288703433,1,1,0,0
IAASSE_00155,32,UK,Software Engineer,127,7,4,0,3,94.89579590454336,1,0,6,32.194810735605344,1,1,1,1
IAASSE_00156,60,Canada,Consultant,140,6,11,3,3,46.52929911515682,2,2,5,11.051206750041363,0,0,0,0
IAASSE_00157,46,India,Manager,726,6,8,5,2,87.23606164639904,2,1,6,23.283902992087285,0,0,0,0
IAASSE_00158,53,USA,Software Engineer,377,5,5,1,5,51.01049559028748,2,2,9,33.21484022777604,0,0,1,0
IAASSE_00159,30,USA,Researcher,263,9,9,1,2,81.40182723824722,4,2,8,25.155407038708923,2,1,0,1
IAASSE_00160,49,Brazil,Consultant,703,8,5,1,1,33.63054603226687,4,1,6,27.431434131758166,1,0,1,0
IAASSE_00161,24,USA,Student,186,9,5,1,3,56.176612496137246,2,1,7,6.281453783056258,0,0,0,0
IAASSE_00163,45,Australia,Professor,605,9,5,3,6,24.140357016631743,2,1,2,13.565045334219484,6,0,0,1
IAASSE_00166,62,USA,Software Engineer,457,5,4,4,4,71.20547121278864,4,1,6,10.039538860003873,0,1,0,0
IAASSE_00168,45,UK,Software Engineer,663,4,4,4,2,73.57666605537068,2,1,6,32.54805551573123,2,1,2,1
IAASSE_00169,45,Germany,Researcher,98,8,10,5,5,96.81847983150544,5,5,9,13.14595265511783,0,1,1,1
IAASSE_00172,37,USA,Consultant,668,6,4,2,4,28.739280457874163,2,2,9,37.15692038798884,1,0,0,0
IAASSE_00173,47,UK,Student,289,6,5,1,4,4.444980495290279,6,4,5,26.754237943818474,4,1,0,0
IAASSE_00174,28,USA,Software Engineer,317,8,5,1,6,48.17745795136054,2,1,4,20.158574717092634,3,1,0,1
IAASSE_00175,45,USA,Software Engineer,166,6,3,3,3,78.26150038209497,5,3,3,14.947180985758235,1,0,0,0
IAASSE_00176,42,India,Researcher,322,10,2,4,0,71.90536009925037,5,3,4,7.409386415232953,2,0,0,1
IAASSE_00177,56,UK,Data Analyst,674,8,1,2,0,99.1471535538299,2,1,9,26.037595249205413,0,0,0,0
IAASSE_00178,50,Nigeria,Researcher,162,12,8,4,2,91.11232982117792,4,3,8,14.037718645492037,1,2,1,1
IAASSE_00179,18,Brazil,Consultant,720,12,1,0,5,60.67002167594537,0,0,8,17.42970511667743,3,1,0,0
IAASSE_00180,44,Australia,Software Engineer,474,8,2,2,6,26.232355133420032,3,3,6,10.489315664323193,0,0,1,1
IAASSE_00181,30,USA,Professor,468,10,3,5,2,79.6318260811883,4,3,5,25.832574795897486,0,1,0,1
IAASSE_00182,58,UK,Freelancer,123,11,10,5,4,43.91894889100236,3,1,6,5.616671176458996,2,0,0,0
IAASSE_00183,20,India,Student,672,11,4,3,3,70.7402511231318,3,2,8,17.230717763342007,2,1,0,0
IAASSE_00184,56,UK,Data Analyst,370,7,7,2,2,83.55262195175477,2,2,5,32.749629036880364,0,0,2,1
IAASSE_00185,23,USA,Freelancer,637,10,2,2,1,36.52495779705403,3,2,5,19.69517399542997,1,0,0,0
IAASSE_00186,25,Australia,Freelancer,717,5,4,1,0,86.61708692813531,1,1,7,18.656320438284585,1,0,0,0
IAASSE_00187,44,India,Student,472,15,6,2,2,82.57402937408051,0,0,4,1.8768483939963996,0,1,0,0
IAASSE_00188,26,India,Student,190,9,1,2,4,35.0850509940509,7,4,8,77.95623624965017,0,1,0,0
IAASSE_00189,54,USA,Student,666,7,9,2,2,86.24504256164602,4,3,6,9.010597722988894,1,1,1,0
IAASSE_00190,50,Germany,Freelancer,172,7,4,4,5,65.94143084957888,3,3,5,18.384175953079072,2,1,0,0
IAASSE_00192,61,USA,Software Engineer,278,6,4,3,2,59.938138046006884,4,3,4,17.7648043838291,2,0,1,0
IAASSE_00193,41,Nigeria,Consultant,697,8,2,2,4,90.87902175238236,4,2,7,12.36044840683597,3,0,0,0
IAASSE_00194,32,USA,Student,509,6,6,4,2,71.73650981693312,3,3,4,11.321059458436626,2,0,1,0
IAASSE_00195,49,UK,Researcher,569,7,3,2,1,44.48026912041744,5,3,7,8.861516673795538,2,0,0,0
IAASSE_00196,49,USA,Data Analyst,593,5,1,4,5,98.24323911437011,5,4,3,12.430116711137018,2,0,0,0
IAASSE_00197,41,Nigeria,Consultant,662,8,6,3,6,40.80529946134778,3,2,9,14.057430516551214,0,2,1,1
IAASSE_00198,58,India,Data Analyst,349,6,3,1,1,96.17043483700395,4,1,6,25.878643575134394,1,1,0,0
IAASSE_00199,29,Germany,Researcher,706,5,3,2,3,57.403026959035905,1,1,5,23.042910039968874,0,1,0,0
IAASSE_00200,56,India,Researcher,641,11,0,0,2,88.3783381995385,5,4,7,28.173203964790346,0,1,1,0
IAASSE_00201,19,USA,Data Analyst,257,11,10,0,4,37.153674919978954,2,1,5,23.900014271016737,0,0,0,0
IAASSE_00202,20,Canada,Student,136,3,3,2,3,83.18713549740974,0,0,7,42.80883388310436,1,0,1,0
IAASSE_00203,54,UK,Software Engineer,364,4,4,1,2,95.28355745307687,4,2,7,23.184383218236867,1,0,0,0
IAASSE_00204,34,USA,Data Analyst,698,11,3,2,4,18.49793874992901,6,5,8,3.923230256103301,0,0,2,0
IAASSE_00205,19,Canada,Manager,414,6,4,2,2,75.55665273209024,3,1,7,9.843341564140504,1,0,1,0
IAASSE_00206,19,Nigeria,Manager,501,9,3,4,3,77.27091714817062,4,3,4,25.44885999652366,1,2,0,0
IAASSE_00207,45,USA,Software Engineer,628,3,6,1,2,48.84710447547053,4,0,6,11.635921913534427,1,1,0,0
IAASSE_00208,40,UK,Researcher,488,13,9,1,2,45.418758445174994,3,2,6,11.540344341721845,1,1,0,1
IAASSE_00210,49,USA,Consultant,520,8,7,2,5,90.53996942772014,3,1,7,5.393675106764349,1,0,0,0
IAASSE_00211,50,Nigeria,Software Engineer,327,6,8,1,5,88.6076985309183,4,3,7,35.327645987523034,0,1,1,0
IAASSE_00212,18,Canada,Data Analyst,296,11,1,2,1,35.034800255205816,5,4,8,8.547635998016055,2,0,0,0
IAASSE_00213,36,Canada,Data Analyst,303,6,6,5,4,34.31672116917658,4,3,3,6.592617051487995,0,0,0,1
IAASSE_00214,19,India,Software Engineer,687,5,6,0,4,63.44433587107109,1,0,8,11.745260669340796,1,0,0,0
IAASSE_00215,61,USA,Software Engineer,481,4,9,1,4,51.74965401327989,6,1,4,40.85282566369702,3,0,1,0
IAASSE_00217,49,Canada,Student,178,8,7,3,3,88.2255352762684,1,1,2,92.40053912382366,2,0,0,0
IAASSE_00218,23,Australia,Researcher,324,9,1,1,1,95.99147366995595,5,2,4,6.711475638227341,1,0,0,0
IAASSE_00219,49,Brazil,Data Analyst,199,6,2,2,1,83.81400463768225,3,1,3,45.39213122681325,1,0,0,0
IAASSE_00220,21,India,Student,687,7,8,2,4,57.93712228700534,2,1,7,4.898837385666776,2,0,0,0
IAASSE_00221,28,UK,Software Engineer,124,5,7,1,6,83.05228752321646,3,0,6,23.69780106649259,0,0,0,0
IAASSE_00223,55,USA,Software Engineer,489,8,5,3,8,87.40128888996763,5,3,4,7.20240299207905,0,0,0,0
IAASSE_00224,41,USA,Data Analyst,138,9,2,4,2,49.98145375935951,0,0,5,6.906026564038255,1,1,0,0
IAASSE_00225,22,USA,Software Engineer,99,7,5,4,2,99.9616096764258,4,2,9,80.52162548535576,1,0,0,0
IAASSE_00226,51,UK,Software Engineer,528,9,8,0,5,20.206360548961,5,3,5,14.925681283890226,2,0,0,0
IAASSE_00227,23,Canada,Data Analyst,569,4,4,6,3,91.56836620948405,3,2,10,2.66405618269004,2,0,0,1
IAASSE_00228,39,Australia,Student,300,12,3,2,3,57.95805296267026,6,4,6,10.12428440636183,1,0,0,0
IAASSE_00229,28,Nigeria,Consultant,647,7,4,1,3,95.18261301844214,1,0,8,34.13251898864962,3,0,1,1
IAASSE_00230,33,Canada,Software Engineer,398,7,5,5,4,60.166685472931036,2,1,8,10.437561416331606,0,1,0,0
IAASSE_00231,50,Canada,Software Engineer,255,10,4,0,4,35.08440623121673,1,1,9,30.812426283086204,2,1,1,0
IAASSE_00232,26,USA,Student,620,11,2,3,0,54.875336696293,1,1,3,22.187728463204934,2,0,1,0
IAASSE_00233,23,USA,Software Engineer,601,8,5,0,2,87.35001632063143,1,0,9,13.47385746717891,5,0,0,0
IAASSE_00234,33,Australia,Software Engineer,709,7,7,2,2,98.25946988371169,3,2,7,23.872502978925677,0,0,0,1
IAASSE_00235,46,Canada,Software Engineer,423,6,6,2,2,58.395252083248884,2,1,8,26.670515770463055,1,1,0,1
IAASSE_00236,20,India,Researcher,149,8,5,2,3,91.52157555282594,3,1,4,34.07221542609937,0,0,0,0
IAASSE_00237,37,USA,Student,243,10,3,2,5,47.41274837586117,2,2,6,7.957458031895749,2,0,1,0
IAASSE_00238,53,USA,Data Analyst,293,4,6,1,5,87.62498071570273,3,2,6,10.817646779360228,1,1,0,0
IAASSE_00239,36,Canada,Manager,283,13,4,5,3,41.78915015199243,3,1,5,11.97347239631439,1,0,0,1
IAASSE_00240,43,USA,Professor,393,7,7,3,1,47.01321337496525,5,2,8,1.738962742444252,0,1,0,1
IAASSE_00241,20,USA,Student,388,8,7,3,4,57.69115706823862,5,3,9,18.803353999075856,2,0,0,0
IAASSE_00242,36,India,Software Engineer,456,5,6,0,4,16.456989889674645,7,6,8,16.14481073038171,1,0,0,0
IAASSE_00243,37,USA,Data Analyst,297,9,3,2,4,88.24215138051625,4,3,6,9.226667181532616,3,0,0,1
IAASSE_00244,49,Australia,Student,175,12,8,2,2,84.87461288958747,2,1,8,6.305331411127933,3,0,0,0
IAASSE_00245,24,UK,Data Analyst,449,7,5,1,3,59.20845221237977,3,3,9,15.344429404118674,1,0,1,0
IAASSE_00246,58,USA,Student,662,6,7,1,3,93.4770582613324,3,1,5,11.143680953171899,1,3,2,0
IAASSE_00247,50,UK,Researcher,190,10,7,2,3,48.431365848665095,4,1,5,25.998597400545542,2,0,0,1
IAASSE_00249,56,UK,Student,274,5,7,3,1,87.64744673394082,4,2,7,4.545191736662768,2,1,0,0
IAASSE_00250,35,India,Student,482,12,1,0,4,76.66178227984508,2,1,4,34.53338041759186,0,0,0,0
IAASSE_00251,57,USA,Manager,259,10,5,0,2,76.92388116531683,0,0,7,27.23130161102913,1,3,0,0
IAASSE_00252,18,India,Student,402,14,10,0,3,72.86422388171916,4,1,5,29.236438749254763,0,1,1,0
IAASSE_00253,28,USA,Researcher,295,8,5,0,2,68.78039191481187,3,2,5,32.34391906643526,0,0,0,0
IAASSE_00254,45,Germany,Data Analyst,218,13,7,1,1,77.1985715865692,2,0,4,5.161254772122296,1,1,0,0
IAASSE_00255,42,Australia,Software Engineer,695,5,5,2,2,64.25540503244109,3,2,3,15.52843919784219,0,1,1,0
IAASSE_00257,48,UK,Student,322,13,4,1,4,44.546975221187395,5,2,6,12.499615890180333,1,1,2,0
IAASSE_00258,47,USA,Data Analyst,570,12,6,2,4,70.80969853888085,3,1,4,4.10198135265841,1,0,1,0
IAASSE_00259,59,USA,Student,444,6,3,0,1,25.40961145064,1,1,4,13.605018665511167,0,0,0,0
IAASSE_00260,52,India,Software Engineer,429,8,2,1,3,28.048201868038365,0,0,9,18.157098186521324,0,1,1,0
IAASSE_00261,24,Australia,Researcher,239,8,8,3,2,83.8961254130932,4,2,5,41.94578386408055,1,1,1,1
IAASSE_00262,33,India,Data Analyst,129,11,1,5,1,46.42516212831686,3,1,10,5.948145602159812,1,1,0,0
IAASSE_00263,43,USA,Student,618,11,2,3,6,21.367984183661708,2,1,8,22.040304552802613,1,0,1,0
IAASSE_00264,19,UK,Software Engineer,220,8,5,4,2,99.43674528247509,0,0,10,13.849854229413856,0,0,0,0
IAASSE_00265,18,USA,Researcher,653,8,5,2,5,32.89769543097128,6,2,4,40.54722837131284,1,1,1,0
IAASSE_00266,29,Brazil,Freelancer,606,5,9,2,7,68.67554350978264,1,0,8,11.08550144786523,2,0,0,0
IAASSE_00268,54,Brazil,Software Engineer,338,11,6,1,2,49.23072968907479,3,2,10,8.19921652552315,1,0,0,1
IAASSE_00269,49,UK,Software Engineer,654,8,5,5,3,94.5462976572091,4,3,5,10.10007660959391,0,0,0,1
IAASSE_00270,26,Australia,Professor,188,6,3,3,4,87.84522734127611,1,1,5,26.726214231968054,1,0,0,0
IAASSE_00271,58,Germany,Consultant,271,7,3,3,4,75.49401241585983,1,1,4,22.242986223515622,1,1,0,0
IAASSE_00272,52,UK,Data Analyst,700,7,7,1,4,25.69977422815151,6,4,4,5.339701653656021,1,3,1,0
IAASSE_00273,36,India,Data Analyst,539,7,6,1,6,66.2230957885728,0,0,5,8.67901234613965,0,0,1,0
IAASSE_00274,33,Brazil,Data Analyst,438,5,6,3,5,71.21215327204747,3,0,6,26.829992113226773,0,1,0,1
IAASSE_00275,20,Nigeria,Software Engineer,202,8,4,2,3,85.304927012477,5,4,2,8.882797245753096,0,0,0,0
IAASSE_00276,37,India,Manager,515,9,4,3,4,84.58657816395835,2,1,12,43.79929352479216,0,0,0,1
IAASSE_00277,41,UK,Software Engineer,453,6,8,2,4,63.9964198167852,3,2,7,5.316956739281579,2,1,0,0
IAASSE_00278,50,UK,Student,534,7,5,0,2,92.62540651588415,5,4,7,20.29438087465147,0,0,0,0
IAASSE_00279,41,Brazil,Manager,208,7,6,1,1,82.78619997931308,3,3,8,32.812936458793025,2,0,0,0
IAASSE_00280,28,USA,Manager,611,12,7,1,3,44.273339726002874,2,2,8,7.537961349284895,1,0,0,1
IAASSE_00281,25,Germany,Data Analyst,139,7,2,1,5,46.50358685392329,0,0,7,20.143382100094875,2,0,2,0
IAASSE_00282,53,Germany,Researcher,145,7,1,3,5,60.179812126066004,2,1,4,20.099875699106956,3,0,1,0
IAASSE_00283,55,Germany,Software Engineer,675,8,1,2,1,73.15479701000484,2,1,6,21.135157359019537,1,0,1,0
IAASSE_00284,57,Brazil,Consultant,499,11,7,4,1,71.2623385982715,4,2,2,43.20693474728219,0,0,0,1
IAASSE_00287,42,USA,Researcher,218,11,9,1,2,64.28572133365994,5,4,5,11.993567138589633,2,0,1,1
IAASSE_00289,42,UK,Software Engineer,258,11,3,3,0,23.76404368197506,2,0,6,26.586585084226794,1,0,0,0
IAASSE_00290,46,UK,Data Analyst,452,10,8,1,5,20.105912380057582,6,3,8,28.894153619798814,1,1,0,0
IAASSE_00292,63,Brazil,Data Analyst,342,5,7,1,3,70.02223583186998,3,2,4,1.8428263971661925,0,2,1,0
IAASSE_00294,19,UK,Consultant,567,8,6,2,2,82.10650668903415,2,1,9,13.892237601086785,2,0,0,0
IAASSE_00296,33,USA,Software Engineer,478,5,4,1,4,62.660324311428596,1,0,5,10.996681816205056,3,2,0,0
IAASSE_00298,53,USA,Data Analyst,566,7,5,4,4,67.03406141026765,2,2,5,14.50788610694492,1,3,0,0
IAASSE_00299,50,Australia,Data Analyst,614,12,4,2,3,98.64453203149179,1,0,6,59.83874366960493,0,0,0,0
IAASSE_00300,21,USA,Student,171,9,5,0,4,82.26818825165493,7,4,6,31.995871589417312,1,0,1,0
IAASSE_00301,50,Brazil,Manager,464,3,2,2,4,63.11291893168912,2,2,4,1.8104363662138458,1,0,0,0
IAASSE_00302,31,Canada,Data Analyst,182,8,5,1,1,60.073952549727736,5,4,11,13.201766798242584,1,2,0,0
IAASSE_00303,38,Canada,Software Engineer,591,11,4,2,4,47.72364306038682,5,3,7,9.992705697019554,2,0,1,0
IAASSE_00305,25,Canada,Freelancer,675,8,4,3,5,48.44929938166425,0,0,5,9.4999070817129,1,1,0,0
IAASSE_00306,24,Germany,Software Engineer,285,12,7,0,3,61.093137547775974,2,1,5,52.685671539144735,0,1,0,0
IAASSE_00307,20,India,Student,289,8,5,2,3,75.38310739554706,4,3,6,23.62063792557465,0,2,1,0
IAASSE_00308,34,India,Student,485,13,9,2,3,72.44650408127963,2,2,6,25.410528596261695,0,0,1,0
IAASSE_00309,50,Australia,Software Engineer,525,9,8,3,3,99.17125189579485,3,2,5,49.173903542419986,0,1,0,0
IAASSE_00310,29,Nigeria,Software Engineer,311,3,3,2,6,49.20781068013511,4,1,3,23.278984948264934,1,0,1,0
IAASSE_00311,39,India,Software Engineer,700,5,5,1,5,41.89073659068939,1,0,8,43.459517394484884,0,0,0,0
IAASSE_00312,39,India,Software Engineer,115,4,6,1,2,94.95637136008904,4,2,5,8.3093458560084,0,1,0,0
IAASSE_00313,63,USA,Student,330,10,6,1,1,66.59976899691208,2,2,2,26.472589181276796,1,2,0,0
IAASSE_00314,47,USA,Software Engineer,212,7,7,3,2,75.96692306829998,3,1,4,14.359422169660231,2,0,2,1
IAASSE_00315,55,USA,Software Engineer,240,11,10,2,4,88.73721904450642,4,3,9,15.415128098612765,4,0,0,0
IAASSE_00316,55,Germany,Student,464,12,4,1,0,98.77198192471343,2,2,8,3.11257543844331,1,0,0,0
IAASSE_00317,62,Canada,Student,193,8,3,1,5,53.18294019152766,3,2,8,18.734883137617004,0,1,1,0
IAASSE_00318,25,Canada,Student,488,7,5,3,1,49.314430573493176,3,2,6,2.089997534516489,2,0,0,0
IAASSE_00319,44,Nigeria,Student,413,6,5,3,3,86.70930388168772,2,2,9,3.0206703133843,2,0,0,1
IAASSE_00320,44,Nigeria,Researcher,515,8,8,0,5,60.39190415070376,4,2,6,22.08549618510692,1,1,0,0
IAASSE_00321,51,Nigeria,Student,526,7,1,1,1,67.49425756577187,5,4,4,11.33473129622958,3,1,0,0
IAASSE_00323,47,Germany,Student,404,10,5,2,3,77.67293108210795,4,3,8,46.1072328484725,2,0,1,0
IAASSE_00324,50,UK,Freelancer,205,11,7,0,2,68.06838685818502,1,1,6,2.040680065594595,0,1,0,0
IAASSE_00325,45,USA,Consultant,397,6,5,1,1,61.21896613804313,0,0,6,30.138160294214895,1,0,0,0
IAASSE_00326,64,USA,Data Analyst,655,6,3,1,3,34.355585183957956,1,1,7,7.649673694137795,1,0,0,0
IAASSE_00327,50,UK,Data Analyst,504,8,5,3,9,62.42770200697091,2,1,7,23.647651351436046,1,0,0,0
IAASSE_00328,22,Canada,Data Analyst,178,3,4,3,3,88.47751577898495,2,2,7,80.81055781335154,0,0,0,0
IAASSE_00329,36,India,Software Engineer,92,11,2,3,4,57.83296803020066,1,1,5,31.99112097982661,3,0,0,1
IAASSE_00330,21,USA,Student,564,9,2,2,7,32.845807927269874,5,1,9,27.22676438042669,1,0,1,0
IAASSE_00331,52,India,Researcher,192,6,6,2,6,65.4172580573033,4,2,3,9.77579859689474,1,1,0,0
IAASSE_00332,34,Australia,Software Engineer,162,6,5,0,1,74.30164429718269,3,2,3,30.11755694411027,0,1,1,0
IAASSE_00333,61,UK,Consultant,499,10,5,2,5,60.29289329835702,0,0,5,15.621029059980254,2,1,0,0
IAASSE_00334,45,Canada,Student,527,4,8,2,1,58.96508016090212,4,1,5,31.442930916130784,2,0,0,0
IAASSE_00335,47,UK,Manager,633,10,6,3,5,81.64390306448745,3,2,7,25.1730851077303,4,0,1,0
IAASSE_00336,46,Australia,Manager,672,4,3,3,3,33.578413421855366,5,3,10,14.207064369174006,0,2,1,0
IAASSE_00337,63,Canada,Student,136,9,6,3,5,92.19940234088546,5,4,9,47.00299921766253,2,0,1,1
IAASSE_00339,52,USA,Student,390,4,3,1,1,86.76232306445334,3,3,2,11.471207445500687,2,0,0,0
IAASSE_00340,58,Australia,Data Analyst,665,5,8,1,2,61.77991581367457,5,4,7,12.85106652112838,0,0,0,0
IAASSE_00341,54,Nigeria,Data Analyst,301,10,7,1,2,26.040182683749574,2,2,8,31.74291597720362,4,1,0,0
IAASSE_00342,41,UK,Software Engineer,275,9,4,1,2,47.264990208886516,5,2,8,3.0578735263767918,4,0,0,0
IAASSE_00343,46,India,Software Engineer,651,6,9,2,6,67.12267904660575,5,2,11,29.024178368226043,1,0,0,0
IAASSE_00344,63,Germany,Professor,568,10,7,1,3,24.005037830472432,2,1,6,29.036934684440507,2,1,0,0
IAASSE_00345,48,Brazil,Student,541,5,4,2,2,99.02804709783358,2,1,9,18.32554458885684,1,0,0,0
IAASSE_00346,52,India,Freelancer,384,9,5,1,3,99.67652280119233,3,1,8,7.386230460531761,2,2,0,0
IAASSE_00347,50,Australia,Data Analyst,382,10,1,1,3,89.41649684245027,7,4,4,25.830467827727475,1,3,0,0
IAASSE_00348,38,Germany,Manager,94,5,4,5,1,91.43289384578026,5,4,5,26.386112650399212,0,0,1,1
IAASSE_00349,49,Nigeria,Data Analyst,630,8,9,0,3,88.43841243287633,3,2,9,22.70659795296695,2,0,0,0
IAASSE_00350,40,UK,Student,117,9,5,1,1,28.506886632063843,4,2,5,22.77879055174918,0,0,0,0
IAASSE_00351,50,UK,Consultant,590,9,5,3,3,60.643808305208545,2,2,6,20.66289854235138,0,0,0,0
IAASSE_00352,20,USA,Data Analyst,160,3,4,0,2,91.57695032357138,2,1,6,12.653021549450077,1,0,0,0
IAASSE_00353,35,India,Researcher,469,8,8,0,4,29.755974203425424,0,0,5,5.270847189844668,0,0,0,0
IAASSE_00354,42,India,Software Engineer,575,6,5,4,3,91.64198035697267,2,1,7,14.160805524686014,3,2,0,1
IAASSE_00355,59,USA,Software Engineer,162,16,3,2,6,79.9016719153379,3,1,9,31.371465993005394,2,0,0,1
IAASSE_00356,48,Australia,Software Engineer,631,7,5,1,5,8.050388559299746,3,3,6,4.15036438545526,1,1,0,0
IAASSE_00357,20,Canada,Manager,324,6,3,0,3,76.16373368419212,3,3,5,25.257946399712456,3,0,0,0
IAASSE_00358,57,USA,Student,565,9,2,0,4,94.56523918766182,3,3,7,13.693538727164508,3,1,0,0
IAASSE_00359,63,Brazil,Researcher,244,6,9,1,2,80.92547412452402,3,2,5,16.583710823872835,0,0,0,0
IAASSE_00360,41,USA,Consultant,340,6,1,1,3,12.134304592275122,3,1,6,11.771825269080676,2,0,0,1
IAASSE_00361,49,USA,Student,112,14,8,4,0,68.73317195775266,2,0,7,6.223507582972598,2,1,0,0
IAASSE_00362,64,Australia,Student,488,9,2,2,2,69.69628226690239,4,3,8,5.042831656065023,1,1,0,0
IAASSE_00363,39,India,Researcher,705,19,3,2,4,77.98517865973736,2,1,4,14.212508310569724,1,0,1,0
IAASSE_00364,40,USA,Software Engineer,677,9,5,2,3,93.35873825383902,5,3,4,26.612567252402222,1,1,0,1
IAASSE_00365,19,Germany,Software Engineer,716,13,8,1,4,71.40102106283238,5,4,6,44.26223029006054,2,1,0,0
IAASSE_00366,44,Australia,Student,388,7,5,0,3,62.049901618492456,3,2,6,7.363807302709753,0,1,0,0
IAASSE_00367,59,USA,Software Engineer,695,10,2,0,3,20.896772702950187,4,2,5,8.331489664764884,1,0,0,0
IAASSE_00368,19,USA,Student,267,7,8,1,2,25.615843991556964,5,5,8,8.307912655505705,1,0,0,0
IAASSE_00369,43,Australia,Software Engineer,299,14,9,5,2,20.47041416962103,3,1,6,25.645718956038106,1,1,0,1
IAASSE_00370,34,UK,Manager,341,8,6,2,2,60.53687434340303,3,2,8,18.78037034126984,1,0,0,0
IAASSE_00371,57,Brazil,Data Analyst,661,2,10,1,4,51.79686598998137,2,2,5,11.770900069118994,1,1,0,0
IAASSE_00372,50,India,Software Engineer,715,10,8,1,5,37.26306244800416,2,1,10,8.100696433226078,1,0,0,0
IAASSE_00373,26,Brazil,Freelancer,482,10,10,3,1,74.6660098823631,3,2,9,85.4759117299364,1,0,0,1
IAASSE_00374,60,UK,Researcher,231,3,8,6,4,77.56473446275803,1,1,6,31.268925295095865,2,1,0,0
IAASSE_00375,56,Brazil,Consultant,561,12,5,1,1,65.31291913299283,5,2,7,22.79538224650092,0,0,0,0
IAASSE_00376,46,Canada,Software Engineer,460,10,3,2,4,84.21103307039544,2,1,5,26.10988233665183,0,0,0,0
IAASSE_00377,59,UK,Manager,669,7,5,2,2,74.18129557112192,0,0,11,6.68279591063892,0,2,0,0
IAASSE_00378,43,USA,Student,302,11,7,2,8,98.90915124782398,4,1,7,16.235353516400938,1,0,0,0
IAASSE_00379,52,USA,Student,581,6,8,2,3,99.2733173474024,2,2,5,17.873850227895993,1,2,1,1
IAASSE_00380,42,Germany,Data Analyst,648,13,3,2,1,86.07082893726304,1,0,7,5.80882527593558,0,0,0,0
IAASSE_00381,41,Canada,Software Engineer,469,10,4,1,1,48.686489502447934,1,0,6,30.429984089818838,1,0,0,0
IAASSE_00382,30,USA,Consultant,220,9,4,1,4,31.298324905439785,3,0,5,7.511799359656209,1,0,1,0
IAASSE_00383,24,Australia,Data Analyst,591,9,6,3,3,70.57199445278064,2,1,6,40.20915712149515,1,0,0,0
IAASSE_00384,53,UK,Researcher,622,3,0,1,7,89.6217429100514,4,2,4,41.7394848431684,3,0,0,0
IAASSE_00385,62,Australia,Researcher,164,7,2,0,3,56.99477958833469,2,1,6,54.30137253431714,0,0,0,0
IAASSE_00386,37,UK,Software Engineer,278,10,5,1,3,95.31882908050959,4,3,7,36.93846781693514,0,0,0,1
IAASSE_00387,18,India,Data Analyst,244,4,2,3,6,70.3341662024373,3,3,2,2.139490618097113,1,0,0,0
IAASSE_00388,25,India,Software Engineer,309,8,4,0,0,64.18915986791033,4,2,4,5.100633240195355,1,0,0,0
IAASSE_00389,63,Canada,Data Analyst,676,3,7,1,3,81.16680608664467,3,2,6,33.4851349390667,0,0,1,0
IAASSE_00390,33,UK,Student,627,9,4,2,7,92.56144775381033,4,3,8,7.165694514859771,2,0,1,0
IAASSE_00391,31,UK,Freelancer,527,8,5,1,3,58.64270325040616,0,0,8,8.396504340539074,0,0,2,1
IAASSE_00392,29,India,Student,327,8,6,2,1,78.38145494871947,2,1,5,20.428341533255367,1,0,0,0
IAASSE_00394,32,USA,Consultant,364,10,5,2,1,99.1125006105306,2,2,6,15.986300766361467,4,0,0,1
IAASSE_00395,45,USA,Data Analyst,710,10,5,0,4,95.53745151694784,2,1,5,57.143224805927055,1,0,0,1
IAASSE_00396,51,Canada,Researcher,654,6,3,3,1,8.004980582590656,2,1,4,30.812515085795766,0,2,1,0
IAASSE_00397,19,Canada,Data Analyst,257,14,7,1,3,76.9530891865529,2,0,7,37.381346509516675,4,0,0,0
IAASSE_00398,49,India,Software Engineer,442,10,6,3,2,86.83200751388634,2,1,5,9.696149424961986,0,1,0,0
IAASSE_00399,40,USA,Data Analyst,152,7,3,2,2,75.67993758643992,1,1,6,9.676386460748791,3,0,0,0
IAASSE_00400,39,UK,Data Analyst,358,9,8,4,4,82.50241176680393,3,3,7,4.249085555556322,1,0,0,1
IAASSE_00401,42,India,Software Engineer,576,8,4,5,2,41.02002100997016,0,0,3,39.97386039079785,2,0,0,0
IAASSE_00402,39,India,Manager,695,7,9,0,2,86.5600597235597,2,1,4,6.206678125865205,1,0,1,0
IAASSE_00403,39,UK,Software Engineer,251,12,3,3,1,21.42681033008247,2,0,5,28.77728947935704,0,3,0,1
IAASSE_00404,59,Canada,Professor,566,7,4,0,3,98.88079481314035,5,4,6,14.097622971025219,0,0,0,0
IAASSE_00405,23,UK,Student,307,9,7,2,3,31.809207601648065,1,1,9,20.263075647364992,0,2,0,0
IAASSE_00406,32,Brazil,Software Engineer,444,3,8,1,6,29.478911569466977,2,1,3,18.74053791510255,0,1,0,0
IAASSE_00407,60,USA,Software Engineer,106,11,4,1,1,81.73459982809446,3,2,8,10.448806009352964,1,1,0,0
IAASSE_00408,54,Brazil,Professor,486,8,6,1,1,71.07454547835988,5,1,5,13.684244481928605,1,0,0,0
IAASSE_00409,50,Germany,Student,421,6,5,1,1,27.74224832165264,3,1,8,9.99893894607833,0,0,0,0
IAASSE_00410,25,Australia,Software Engineer,171,9,11,3,2,53.063620080925766,1,1,6,5.843167503600127,1,1,0,1
IAASSE_00411,61,USA,Consultant,644,8,6,4,5,78.63756924328997,4,1,5,21.78653211475828,1,1,0,1
IAASSE_00412,61,Canada,Data Analyst,308,10,4,3,2,52.65760075463183,1,1,4,5.303829879132758,4,1,1,0
IAASSE_00413,22,Canada,Consultant,127,10,8,0,4,87.53799136231262,7,5,4,20.23078485441829,0,0,0,1
IAASSE_00414,56,USA,Student,94,8,6,2,3,84.42097420007607,4,2,7,28.35241229918339,0,0,0,0
IAASSE_00415,21,Germany,Manager,223,9,6,5,4,78.66601813874288,3,2,4,20.7084453712232,1,0,1,0
IAASSE_00416,23,Brazil,Professor,579,7,4,3,5,78.41249166726996,1,0,7,23.059232960835566,1,1,0,0
IAASSE_00417,62,Australia,Researcher,185,5,9,4,2,83.17424452151394,2,2,4,25.30870657987663,1,1,0,1
IAASSE_00418,49,Germany,Software Engineer,708,6,2,2,1,96.0699782738847,8,6,7,10.995264404484097,1,1,0,0
IAASSE_00419,47,USA,Student,169,6,5,1,5,38.06961362503706,4,1,9,19.571524666137854,0,0,1,1
IAASSE_00420,64,Canada,Professor,599,10,8,3,3,74.70189796843243,3,3,6,23.926551377507973,0,0,0,1
IAASSE_00421,52,USA,Software Engineer,176,5,9,1,1,96.59975453146384,2,2,5,2.321242055077927,2,1,0,0
IAASSE_00422,57,Australia,Student,307,14,2,1,6,74.50776794932497,4,3,7,10.348115874589212,0,1,0,0
IAASSE_00423,33,Brazil,Researcher,380,7,8,2,0,23.86326748050015,4,2,8,9.417943564259357,2,1,0,0
IAASSE_00424,30,Germany,Software Engineer,714,5,0,4,4,61.65455419768423,3,2,8,45.6765196438332,0,0,1,0
IAASSE_00425,59,USA,Student,209,8,4,2,2,30.333016425764214,3,2,5,17.09759618696374,1,0,0,0
IAASSE_00427,36,Australia,Student,469,8,4,1,3,73.38351176146243,2,1,7,39.82022837159542,1,0,0,0
IAASSE_00428,34,Canada,Software Engineer,676,5,6,3,0,22.550678975752,1,1,5,7.244278103715839,0,1,0,0
IAASSE_00429,36,India,Researcher,414,10,7,3,1,13.986874131770453,1,0,2,10.441233092948043,3,0,0,0
IAASSE_00430,45,India,Software Engineer,200,6,7,3,1,97.15682979285778,7,3,2,28.79868594795711,1,0,0,0
IAASSE_00431,43,Australia,Manager,433,9,4,1,1,88.78399870732578,4,1,5,18.274717566570253,0,1,0,0
IAASSE_00432,54,UK,Consultant,323,7,4,1,4,71.81556954671498,5,3,5,13.843503252480062,2,0,1,1
IAASSE_00433,43,UK,Researcher,485,3,6,2,2,84.4413530121073,4,3,7,25.564990352180295,0,0,0,0
IAASSE_00434,40,USA,Student,427,6,5,2,3,73.49952070915357,8,5,8,18.144348370875413,0,0,0,0
IAASSE_00435,26,UK,Researcher,275,7,5,1,1,96.06620980013615,5,3,4,2.5412991422915567,1,0,0,1
IAASSE_00436,29,Canada,Software Engineer,487,9,5,1,3,91.81521937279608,2,0,10,23.240599608291184,1,1,1,0
IAASSE_00437,18,Germany,Software Engineer,717,6,3,3,0,72.99080383351777,2,2,6,32.18416571211054,1,0,0,0
IAASSE_00438,18,Germany,Researcher,269,8,6,1,2,93.09406993944351,1,0,6,17.11376299991288,1,0,0,0
IAASSE_00439,64,USA,Data Analyst,432,8,5,5,3,52.03970041753478,5,2,7,28.226398553672865,2,0,1,1
IAASSE_00440,51,UK,Professor,172,7,1,3,1,97.42369514543915,5,4,2,9.501367938453072,1,1,0,0
IAASSE_00441,49,USA,Student,698,10,6,0,0,49.97509256516027,5,2,4,12.06643634284264,2,0,0,0
IAASSE_00442,42,USA,Researcher,434,15,8,1,1,61.25097716004855,2,0,3,23.836443087610686,1,0,1,0
IAASSE_00443,57,India,Student,710,8,4,2,7,27.582479746699036,4,3,6,27.69461192524096,1,0,0,1
IAASSE_00444,62,USA,Professor,403,9,5,0,3,58.2407896432401,2,1,4,33.355448514442365,1,0,0,0
IAASSE_00445,18,Canada,Student,222,5,5,3,3,80.18362440863007,3,2,7,11.998631126021117,0,1,1,0
IAASSE_00446,33,USA,Student,113,2,7,1,2,21.208853466953734,3,1,3,9.583901024091116,2,1,0,0
IAASSE_00447,56,Nigeria,Data Analyst,104,3,6,0,5,36.809192353404164,8,5,7,15.289521372080753,3,0,0,1
IAASSE_00448,22,Australia,Data Analyst,488,5,3,2,3,47.186699319863486,1,1,4,5.652422556673397,2,0,0,0
IAASSE_00449,39,USA,Data Analyst,505,9,5,3,2,7.412926610449961,0,0,4,4.694687966273901,0,0,0,0
IAASSE_00450,46,Canada,Software Engineer,236,7,5,2,3,93.38922633403719,0,0,9,14.294136300583979,1,2,0,0
IAASSE_00451,20,India,Software Engineer,263,5,7,1,4,26.92941820694454,5,2,8,29.716746680239268,0,0,0,0
IAASSE_00453,43,USA,Data Analyst,248,14,8,1,1,32.92141440036491,5,2,6,5.851807382184936,1,1,0,1
IAASSE_00454,33,Nigeria,Manager,560,6,7,1,5,52.09753663924057,1,1,9,11.566225269988905,1,0,0,0
IAASSE_00455,54,Brazil,Researcher,101,9,5,2,4,49.55830633934866,2,2,6,32.12674445654283,1,0,0,0
IAASSE_00456,39,Nigeria,Manager,194,8,1,2,5,92.14715837758564,2,1,2,23.995636428187975,2,1,0,1
IAASSE_00457,46,Germany,Researcher,391,4,6,1,6,14.874871907018496,1,0,5,12.868809709147689,0,2,0,1
IAASSE_00458,31,Germany,Data Analyst,406,5,2,3,3,40.85346997573166,3,1,4,35.89134579166706,0,1,0,0
IAASSE_00459,45,Canada,Student,512,9,4,2,4,93.95642604473258,2,2,9,11.36379909207317,1,0,1,0
IAASSE_00460,22,India,Data Analyst,173,8,4,0,3,26.779264465855967,1,1,7,17.776053543251372,1,0,0,0
IAASSE_00461,64,Australia,Consultant,131,12,8,2,2,82.98659692261602,4,1,8,6.813532426603972,0,1,0,0
IAASSE_00462,47,Germany,Freelancer,679,6,5,3,2,39.32856592472952,6,5,10,27.4221786438212,3,2,1,0
IAASSE_00463,63,Canada,Software Engineer,93,12,4,3,2,58.558365597779826,1,0,6,10.186821555327759,0,1,0,0
IAASSE_00464,22,India,Student,495,6,6,3,1,37.86774633027807,5,4,6,8.27536026236716,2,0,0,0
IAASSE_00465,29,India,Student,232,9,8,1,2,89.58664073617491,0,0,5,3.5333995374165754,2,0,1,0
IAASSE_00466,33,USA,Data Analyst,663,4,6,3,3,86.23380725759837,1,1,8,8.840577214604641,0,2,1,1
IAASSE_00467,43,India,Software Engineer,351,8,9,1,3,61.162669406160454,4,0,4,14.837156686847319,1,0,1,1
IAASSE_00468,43,Australia,Student,524,12,6,4,2,55.411460680358324,1,0,2,54.32057267031263,1,0,0,0
IAASSE_00470,56,Canada,Data Analyst,715,5,4,1,2,28.35885412675611,2,1,8,19.72624269722068,1,0,0,0
IAASSE_00471,53,UK,Professor,302,13,3,1,2,68.39024550657456,1,0,7,22.30593572404495,0,1,0,0
IAASSE_00472,50,Nigeria,Manager,420,5,6,3,3,26.685069373939935,3,1,7,25.47469698632335,2,0,1,0
IAASSE_00473,47,UK,Manager,141,5,4,2,2,66.80646647529485,3,2,8,11.188517446162802,2,0,0,1
IAASSE_00474,54,India,Researcher,531,7,5,2,8,42.05642082665374,1,0,4,50.09222937981445,0,1,0,1
IAASSE_00476,27,Canada,Researcher,184,4,2,1,2,96.51903691994104,2,1,10,5.414322722455191,0,1,0,0
IAASSE_00477,22,UK,Researcher,265,5,3,3,3,65.96125696933542,0,0,8,14.356846524397714,0,0,0,0
IAASSE_00478,53,Australia,Software Engineer,658,4,3,2,4,66.73926464265125,0,0,6,7.701715413649929,1,1,0,0
IAASSE_00480,48,USA,Manager,369,7,10,1,0,45.89702039400576,6,4,3,19.002852403135904,2,0,0,1
IAASSE_00481,27,UK,Manager,723,17,3,5,1,39.14875962183923,5,3,8,3.653979737576215,1,1,1,0
IAASSE_00483,49,Brazil,Data Analyst,206,6,5,3,5,79.38235507930334,5,4,4,28.925278335381073,1,0,0,0
IAASSE_00484,18,Brazil,Student,550,9,7,3,1,83.13880750064045,6,3,2,52.638808283726775,2,0,0,0
IAASSE_00485,22,UK,Software Engineer,218,7,6,0,3,41.85828907937486,1,0,7,14.684723432800304,1,1,0,0
IAASSE_00486,62,India,Software Engineer,441,7,9,3,1,84.93827498355657,1,1,8,21.235078184662967,1,0,0,0
IAASSE_00487,21,UK,Consultant,279,14,3,2,4,98.27602617195978,2,1,7,6.024924944963768,1,1,1,0
IAASSE_00488,33,Germany,Software Engineer,296,9,6,4,2,5.953447726516722,4,3,5,31.854818409138534,1,0,0,0
IAASSE_00489,41,India,Software Engineer,489,11,7,2,4,82.16755629862703,4,2,4,15.920038638575736,1,0,2,1
IAASSE_00490,33,Brazil,Software Engineer,240,6,4,2,3,18.980980786507736,1,1,8,22.40208943174447,1,0,2,0
IAASSE_00491,19,Canada,Student,414,4,7,0,3,67.63015331745554,2,2,5,7.312717602160034,1,1,1,0
IAASSE_00492,45,India,Researcher,700,7,4,2,4,98.19387103791487,3,1,7,16.05166330963973,0,0,1,1
IAASSE_00493,49,UK,Consultant,152,8,7,2,2,82.9939426456337,2,0,8,22.32536291563843,0,0,0,1
IAASSE_00494,44,Brazil,Student,568,5,6,2,1,93.88090965526467,2,0,8,19.965698738427804,0,0,0,0
IAASSE_00495,37,USA,Software Engineer,436,5,5,1,2,74.16912244991089,2,1,8,3.047721879327305,2,0,0,0
IAASSE_00496,41,Australia,Software Engineer,438,16,5,3,0,48.4424451021008,4,2,9,18.223784045899908,1,1,0,1
IAASSE_00497,29,Germany,Student,621,7,11,3,0,69.81109016836882,6,4,5,2.9007551930752418,1,1,0,0
IAASSE_00498,52,Germany,Student,551,7,5,1,4,61.553182806407136,1,0,3,23.15826425164897,2,1,0,1
IAASSE_00499,50,USA,Freelancer,503,7,4,3,7,59.82996840699587,2,1,6,5.622239059191148,1,0,0,0
IAASSE_00500,50,Brazil,Software Engineer,95,7,2,3,7,54.8057937560062,1,1,6,19.882084587466252,1,3,2,0
IAASSE_00501,60,USA,Data Analyst,417,8,2,5,3,73.4744632411312,2,2,4,27.120842207496572,0,1,0,0
IAASSE_00502,54,Germany,Student,247,6,4,3,5,59.02605408210763,5,3,1,12.77557294375142,0,0,0,0
IAASSE_00503,29,USA,Researcher,229,9,6,0,2,26.983080034325074,1,1,4,4.657899460313169,1,0,1,0
IAASSE_00504,20,UK,Researcher,671,4,5,1,0,53.46241056059743,4,4,2,10.81648164308356,0,0,0,0
IAASSE_00505,18,Australia,Researcher,474,6,6,1,3,81.9883860291921,4,2,10,13.147321930775757,1,0,0,0
IAASSE_00506,50,Canada,Student,575,12,5,4,4,92.6964304305799,3,2,6,24.925121163973074,0,0,0,0
IAASSE_00507,57,USA,Consultant,328,9,7,1,2,79.12817570262486,7,3,4,6.620753576677469,3,0,0,0
IAASSE_00508,27,USA,Software Engineer,381,4,7,0,2,78.53775786511021,5,4,5,22.74414235056007,1,0,0,0
IAASSE_00509,60,Canada,Data Analyst,118,15,2,1,2,86.19702886047675,3,0,8,5.070186842889834,2,0,0,0
IAASSE_00510,61,India,Software Engineer,533,10,10,3,2,62.22217947581128,1,1,8,10.802891703838512,1,1,0,0
IAASSE_00511,46,Nigeria,Software Engineer,418,6,6,4,5,83.21440720567472,0,0,12,64.40919380356073,2,1,0,0
IAASSE_00512,30,USA,Consultant,275,10,6,5,7,92.90694100621079,3,1,5,6.610872397798292,0,1,0,0
IAASSE_00513,29,UK,Professor,632,11,5,2,7,73.27227803690488,4,3,5,18.6964754359626,2,1,1,0
IAASSE_00514,48,USA,Data Analyst,258,14,5,1,6,67.9270175775422,5,2,4,40.39711652332758,4,1,0,0
IAASSE_00515,63,USA,Consultant,380,5,10,2,4,74.40705480839482,2,2,8,14.097584966870805,1,1,0,1
IAASSE_00516,19,Germany,Manager,660,7,3,0,1,64.34365356649964,4,2,7,19.68038665214965,1,0,0,0
IAASSE_00517,52,Australia,Professor,632,5,7,3,4,78.70435010440131,1,1,6,5.9864510135590345,1,0,0,0
IAASSE_00518,40,USA,Data Analyst,456,6,5,2,3,95.09954987682315,5,4,4,24.94603517383224,1,1,0,1
IAASSE_00519,34,USA,Software Engineer,543,13,5,2,2,59.799941335918184,6,6,5,5.033490784926913,0,0,0,1
IAASSE_00520,43,USA,Data Analyst,374,14,4,1,5,83.83697543843641,5,3,7,12.242219186085133,1,0,1,0
IAASSE_00521,25,India,Consultant,261,9,3,3,3,84.24313236332817,5,3,4,29.200642431685047,0,0,1,1
IAASSE_00522,46,Brazil,Student,469,6,6,1,3,99.82957392366167,3,3,7,12.159166331128779,1,1,1,0
IAASSE_00523,43,USA,Software Engineer,274,10,8,0,4,33.12711654679343,4,2,6,12.589681615002625,0,1,0,0
IAASSE_00524,27,USA,Data Analyst,132,12,5,2,2,31.188726029018106,3,0,3,4.477038332446388,1,1,1,0
IAASSE_00525,43,Nigeria,Data Analyst,399,13,5,1,3,67.72458175559748,8,6,5,22.94508975748368,0,0,0,0
IAASSE_00526,51,Nigeria,Researcher,340,5,6,0,4,18.390955203694627,4,3,7,25.82297846444739,1,1,0,0
IAASSE_00527,58,Canada,Consultant,571,4,2,0,1,22.218104494945226,5,3,3,2.4144633713628574,0,1,0,0
IAASSE_00528,24,USA,Researcher,374,8,4,4,5,53.65746079360329,3,2,5,27.486587527411515,0,1,1,0
IAASSE_00529,21,USA,Consultant,561,11,7,0,3,71.26970694252509,3,3,7,23.88702681595222,1,0,0,0
IAASSE_00530,62,Australia,Data Analyst,684,9,7,2,2,73.70003526478077,1,1,6,27.286240619835805,1,0,0,0
IAASSE_00531,28,UK,Software Engineer,560,9,7,3,1,27.307148822847232,2,1,9,30.841532664789305,0,2,0,0
IAASSE_00532,46,USA,Software Engineer,462,12,3,2,3,82.7603566005975,2,1,5,49.07982875124917,1,0,0,0
IAASSE_00533,53,Australia,Student,694,7,7,2,2,60.579753899975216,6,4,10,15.757020242607764,1,0,0,0
IAASSE_00536,53,UK,Software Engineer,601,4,1,0,2,77.38939464111648,2,1,7,47.46771699914894,2,0,0,1
IAASSE_00537,27,USA,Manager,623,7,3,0,2,76.49212471751144,3,1,5,46.73792915441781,2,3,0,0
IAASSE_00538,54,Australia,Software Engineer,406,7,4,4,2,98.85808601437148,4,4,6,11.784497791344052,2,1,0,0
IAASSE_00539,26,UK,Student,293,13,6,2,3,15.226728833245536,1,0,6,34.371285505108126,1,1,1,0
IAASSE_00540,41,Brazil,Student,192,7,4,3,6,75.9078297742213,3,2,7,12.147336288551593,4,2,0,0
IAASSE_00541,52,Australia,Software Engineer,290,9,6,1,3,63.99911653424909,4,2,4,29.65561882801061,1,0,0,0
IAASSE_00542,52,UK,Data Analyst,522,7,6,1,2,7.342369731111133,1,1,8,28.372731400683943,0,0,0,1
IAASSE_00543,53,Germany,Student,656,10,4,1,1,32.70168124344762,3,1,3,16.010784502190912,1,0,0,0
IAASSE_00544,35,UK,Software Engineer,697,7,4,1,2,98.91653601960667,3,2,7,58.468625437391644,2,1,0,1
IAASSE_00545,56,Nigeria,Software Engineer,243,11,6,3,3,62.38290688476783,1,1,7,20.089975019905904,0,2,1,1
IAASSE_00547,41,Australia,Manager,420,10,7,2,4,58.98784999531807,6,6,8,10.878625541281991,3,0,1,1
IAASSE_00549,49,Canada,Data Analyst,426,6,3,2,2,40.991017919393414,6,2,6,23.161843927345114,0,0,0,0
IAASSE_00551,29,India,Researcher,662,10,2,0,6,62.32650564461937,2,2,8,2.903286962974536,1,0,0,0
IAASSE_00552,30,USA,Researcher,354,10,6,2,1,56.842535704356614,1,1,7,17.00928652894526,0,0,0,0
IAASSE_00553,40,USA,Software Engineer,667,5,2,1,2,99.10695117403534,6,2,8,6.180467732272751,1,1,0,0
IAASSE_00554,42,India,Student,582,13,4,5,3,98.4847188716392,1,1,3,4.230665461671079,3,0,0,0
IAASSE_00555,52,Brazil,Researcher,456,6,1,4,3,91.13663452861118,2,2,6,18.04820625151952,1,0,0,0
IAASSE_00556,58,USA,Data Analyst,386,6,4,0,1,59.28942269037505,4,4,7,29.00633725782374,1,0,0,0
IAASSE_00557,47,Canada,Professor,705,6,4,4,3,34.20660613728615,5,5,10,13.692777889263954,1,0,0,1
IAASSE_00558,34,UK,Manager,372,8,6,2,4,55.3313867955054,5,2,5,17.398676783427327,1,3,0,0
IAASSE_00559,37,Nigeria,Software Engineer,233,7,6,0,6,73.0629347647643,3,3,8,51.11464362112196,0,1,2,1
IAASSE_00560,42,USA,Data Analyst,124,10,7,2,4,88.1866873552636,4,1,7,42.042445953284336,1,0,0,1
IAASSE_00561,39,USA,Data Analyst,418,8,4,2,5,79.2955351278407,2,2,6,47.66515219096034,0,0,1,0
IAASSE_00562,30,India,Data Analyst,362,8,4,3,6,27.293314019927056,6,3,7,11.867048209292246,0,0,0,0
IAASSE_00563,36,USA,Software Engineer,260,5,10,0,2,48.82006333285501,3,2,10,27.746366382985364,1,1,0,0
IAASSE_00564,53,Canada,Data Analyst,549,8,2,3,5,89.2608968465989,3,1,5,11.231146060994988,2,0,0,0
IAASSE_00565,29,Canada,Software Engineer,679,9,5,1,5,47.44817884903182,3,1,6,18.09475810880357,1,1,0,1
IAASSE_00566,58,UK,Student,450,4,4,1,2,83.96385017157849,0,0,5,58.867141642736996,1,0,0,0
IAASSE_00567,36,UK,Freelancer,687,11,4,4,1,28.17600250315341,4,4,7,5.57563239600875,1,0,0,0
IAASSE_00571,45,India,Software Engineer,455,12,2,2,2,52.62791414216238,5,4,8,7.556875204129389,0,0,0,0
IAASSE_00572,31,India,Manager,413,11,5,4,3,91.15599029668229,2,2,10,38.164757017899916,4,0,0,0
IAASSE_00573,48,USA,Software Engineer,289,11,10,1,3,83.81495145259355,6,5,4,25.466311954440748,0,0,0,0
IAASSE_00574,36,USA,Researcher,479,9,5,2,2,43.44283801686018,4,1,7,1.7537293778805192,0,0,0,0
IAASSE_00575,64,UK,Data Analyst,422,10,6,0,4,99.73772560775903,1,1,5,14.078232148316205,1,1,1,0
IAASSE_00576,33,UK,Data Analyst,606,6,0,4,2,25.37897899498186,6,3,5,11.014012197089965,0,1,1,0
IAASSE_00577,22,Canada,Software Engineer,127,6,3,3,5,64.29867746610097,0,0,4,13.988746676808947,0,0,0,0
IAASSE_00579,29,USA,Software Engineer,322,11,4,0,2,63.77438335813647,0,0,4,11.71499044593702,0,0,0,0
IAASSE_00580,42,USA,Data Analyst,466,9,4,3,5,21.66505703008254,4,2,7,5.668338749541078,0,0,0,0
IAASSE_00581,38,UK,Data Analyst,233,6,8,0,5,88.10019255481741,2,1,2,18.005407010079225,1,0,1,0
IAASSE_00583,40,USA,Student,663,7,3,0,2,22.839154841737923,5,3,7,8.053785365620968,0,1,1,0
IAASSE_00584,33,Germany,Data Analyst,550,9,5,1,3,75.13219163578675,2,2,10,20.165314449377206,1,0,0,1
IAASSE_00585,56,UK,Student,729,5,8,2,3,55.347967441986945,6,3,10,24.24361848042453,0,0,0,0
IAASSE_00587,59,Nigeria,Manager,203,11,4,3,3,96.90332034516202,4,2,6,15.354776146031364,3,0,0,0
IAASSE_00589,31,USA,Researcher,430,8,7,1,3,93.08603775528603,2,0,10,23.278544393332634,1,0,0,0
IAASSE_00590,48,Canada,Data Analyst,475,4,3,1,2,86.06826970863557,5,2,6,13.77326560118344,0,0,0,0
IAASSE_00591,22,USA,Consultant,630,10,5,1,6,99.84349657830151,9,7,4,33.10776644040214,0,1,0,0
IAASSE_00593,40,India,Data Analyst,441,8,3,2,3,59.10884133451204,4,2,5,22.605411913103822,1,1,0,0
IAASSE_00594,46,Germany,Software Engineer,191,10,2,0,8,71.58833739217576,3,3,4,7.445356420725279,2,1,0,0
IAASSE_00595,60,India,Software Engineer,171,9,2,3,1,78.09517343038637,3,2,7,24.363142984553377,1,0,0,0
IAASSE_00596,28,UK,Software Engineer,337,6,6,2,3,81.10376393074642,2,0,7,6.226948767008318,1,1,0,0
IAASSE_00597,35,USA,Student,336,13,6,2,2,70.20122789914448,3,2,6,11.980438861092166,0,0,3,0
IAASSE_00598,64,India,Freelancer,127,13,4,2,4,21.137664365240315,2,0,8,13.607787354356212,3,0,0,0
IAASSE_00599,29,UK,Software Engineer,219,11,1,3,5,49.338528620253925,4,1,7,37.425942709408375,0,0,0,0
IAASSE_00600,26,Germany,Data Analyst,513,8,6,6,2,59.24151170150951,4,2,6,32.72149769589453,2,1,0,1
IAASSE_00601,27,UK,Researcher,559,6,8,3,2,97.00963979945952,2,2,9,25.16492946658132,0,0,1,0
IAASSE_00602,61,USA,Data Analyst,174,5,3,6,3,78.05433671508511,1,0,4,20.48540058401461,1,0,0,1
IAASSE_00603,34,Brazil,Consultant,552,5,6,1,4,55.438085097416135,2,2,4,9.315685429041245,0,0,1,0
IAASSE_00604,55,USA,Software Engineer,433,7,4,3,1,52.366979752210504,5,3,6,26.094595785676724,0,0,0,0
IAASSE_00605,24,Brazil,Researcher,715,8,2,3,3,78.18082697722446,3,3,3,12.088401348125831,0,2,0,1
IAASSE_00606,63,Brazil,Student,709,7,2,1,2,48.50031504442598,1,0,9,8.726743013710092,0,0,1,0
IAASSE_00607,30,India,Consultant,227,9,4,4,2,22.478046659932676,2,1,7,9.58183317142887,0,0,1,1
IAASSE_00609,59,Australia,Data Analyst,126,7,4,2,3,70.41080946308637,1,0,5,16.03849015184396,0,0,0,1
IAASSE_00610,26,Nigeria,Student,641,10,3,0,0,73.03438281628829,4,3,4,48.56326459293045,2,1,2,0
IAASSE_00611,44,UK,Data Analyst,253,5,4,2,1,97.65608177606673,3,3,4,25.66341922402203,0,0,1,0
IAASSE_00612,19,Canada,Freelancer,366,8,6,3,3,28.957210035635118,1,1,3,9.083122118457766,0,1,0,0
IAASSE_00613,22,Australia,Data Analyst,227,9,1,1,5,72.97139171040125,1,1,4,7.908921164734572,0,0,0,0
IAASSE_00614,46,Canada,Software Engineer,512,11,4,0,4,44.73851847663657,0,0,4,30.37927444317033,0,0,0,0
IAASSE_00616,55,UK,Software Engineer,466,8,7,3,2,84.17620028591591,2,2,6,17.115804827428224,0,2,0,0
IAASSE_00617,36,Australia,Software Engineer,134,8,7,1,3,55.06231066737841,3,1,7,4.018129569788518,2,0,2,0
IAASSE_00618,25,Nigeria,Freelancer,705,5,5,2,3,73.97346196903261,1,1,9,2.5950991874131715,0,1,0,0
IAASSE_00619,62,USA,Software Engineer,723,6,1,3,2,89.2348123882743,2,1,6,12.073508592962066,4,0,0,0
IAASSE_00620,18,Brazil,Manager,92,10,6,3,8,50.60107676075426,3,3,6,29.070088659356447,2,2,0,0
IAASSE_00621,39,Germany,Software Engineer,110,14,7,0,1,80.01411495945243,3,2,9,7.12269788292318,4,0,0,0
IAASSE_00622,34,India,Student,149,7,5,6,2,36.538993641180305,5,2,6,11.609587658073004,3,1,0,0
IAASSE_00623,24,Australia,Data Analyst,211,8,6,0,3,90.55548556026689,1,1,4,4.080408305858214,0,2,0,0
IAASSE_00624,42,India,Software Engineer,647,9,2,4,7,42.11719406580183,3,2,6,3.4351139423406063,1,1,1,0
IAASSE_00626,21,India,Consultant,369,16,8,1,6,45.51429070159781,2,1,7,2.1947757089190527,1,1,0,0
IAASSE_00627,53,USA,Data Analyst,627,12,6,4,2,70.74969582147878,4,3,2,21.973283598499386,1,0,1,1
IAASSE_00628,23,Nigeria,Data Analyst,315,7,4,0,2,81.80375990747379,3,0,9,20.59747790456869,0,1,0,0
IAASSE_00632,56,India,Manager,646,6,3,0,3,75.73436430003095,5,4,4,13.427129942758034,2,0,1,1
IAASSE_00633,44,UK,Software Engineer,220,3,3,3,3,37.45526097469993,1,1,10,90.62133331959906,3,1,0,0
IAASSE_00634,27,Nigeria,Software Engineer,562,11,4,1,3,94.1045978320615,2,1,5,14.707173684390916,1,1,0,0
IAASSE_00635,43,USA,Software Engineer,524,5,8,5,1,39.342711542216655,0,0,4,2.8764421828415094,1,0,0,0
IAASSE_00636,36,USA,Data Analyst,674,6,2,1,3,58.07207109520084,1,1,4,21.986369876916413,0,0,0,0
IAASSE_00637,56,Brazil,Software Engineer,421,8,5,0,2,98.18181940667182,1,1,6,42.956066073754506,1,0,0,0
IAASSE_00640,30,UK,Consultant,368,6,7,4,2,78.7593687382144,3,3,4,16.4578473198607,0,1,0,0
IAASSE_00641,45,Germany,Manager,700,9,4,3,1,74.89980200565896,3,3,11,9.691411214298904,0,0,0,1
IAASSE_00642,37,Australia,Software Engineer,118,12,7,0,1,30.787605208263695,1,1,7,26.150186258342995,1,0,0,1
IAASSE_00643,45,Australia,Software Engineer,279,6,2,1,6,52.42849386547424,0,0,4,11.65958773215082,1,1,0,1
IAASSE_00644,25,Germany,Data Analyst,428,8,4,3,4,94.7033172012683,5,4,10,29.49106079493266,2,0,1,1
IAASSE_00645,58,Australia,Manager,271,6,4,1,1,69.62815733411018,4,3,6,11.556438548914263,1,0,1,0
IAASSE_00646,56,Canada,Manager,464,7,7,2,7,92.22932329507876,4,1,7,44.49627786377132,1,1,1,1
IAASSE_00647,18,UK,Manager,218,4,12,0,2,67.03364976358402,6,5,5,43.18142281508396,0,1,0,0
IAASSE_00649,30,USA,Data Analyst,672,6,3,2,5,50.49093282283664,1,1,5,7.039919182965166,1,1,0,0
IAASSE_00650,45,Germany,Data Analyst,227,10,5,2,0,51.963399156906206,2,1,7,35.583815843027836,0,1,4,1
IAASSE_00651,42,USA,Software Engineer,375,11,1,3,3,77.30230495671087,3,2,7,30.922232376793165,1,1,1,0
IAASSE_00652,50,Germany,Data Analyst,353,11,5,1,3,76.82637367826473,3,3,8,11.127300302131303,1,0,0,0
IAASSE_00654,23,USA,Data Analyst,426,8,6,7,5,90.63241727270517,2,0,10,8.658978862735339,0,2,1,0
IAASSE_00655,61,USA,Student,360,6,3,1,1,86.34366703427304,2,1,5,31.65751519584704,1,1,0,0
IAASSE_00656,62,USA,Software Engineer,726,8,3,1,3,27.03748923816287,4,3,10,19.059223260757875,0,0,0,0
IAASSE_00657,49,Australia,Freelancer,423,6,6,1,2,40.313718091483715,3,2,9,6.996500945968488,2,0,1,0
IAASSE_00658,62,India,Data Analyst,521,6,3,1,1,74.18667794203823,2,1,6,20.45956398121911,0,0,0,0
IAASSE_00659,64,USA,Researcher,221,5,6,4,3,38.413153336356594,6,4,4,4.255130459340329,1,0,1,0
IAASSE_00660,38,India,Software Engineer,118,7,7,2,4,76.77154440673715,4,4,7,42.42874060338704,2,2,0,0
IAASSE_00661,33,UK,Student,710,6,6,1,2,50.896088646332856,2,1,6,29.461481521140293,2,1,0,0
IAASSE_00662,38,Canada,Software Engineer,565,5,2,1,2,78.9766035526917,2,2,9,23.271466446423812,3,0,0,0
IAASSE_00663,28,Nigeria,Researcher,434,6,6,5,4,26.844677002139868,2,1,3,28.637076692227307,0,0,0,1
IAASSE_00664,54,UK,Software Engineer,705,8,5,2,2,61.380884706410455,6,4,6,34.85928403470514,1,0,1,0
IAASSE_00665,53,Canada,Consultant,568,9,3,1,4,56.68396868789441,4,1,8,3.978607396678324,1,0,0,0
IAASSE_00666,52,USA,Data Analyst,715,9,7,4,2,95.44319505208361,6,1,5,29.14706711375553,2,0,1,0
IAASSE_00667,36,USA,Student,222,9,4,3,6,96.3444460008151,3,2,5,8.244091127691828,1,0,0,0
IAASSE_00668,37,UK,Professor,419,9,7,1,2,63.58733000829348,3,3,7,8.166414427657404,1,0,0,0
IAASSE_00669,35,USA,Data Analyst,386,5,7,2,3,93.13594850334898,1,1,10,9.325897003048208,2,0,0,0
IAASSE_00670,64,Germany,Software Engineer,608,7,6,3,0,90.23833544467095,4,4,3,21.33020839467827,1,1,0,0
IAASSE_00671,58,Canada,Manager,238,10,2,1,2,43.89715211075267,3,0,7,21.348631396766432,1,0,0,0
IAASSE_00672,31,Australia,Data Analyst,264,8,5,1,2,95.6029256183854,6,4,6,20.864219235477563,0,0,0,0
IAASSE_00673,32,USA,Researcher,671,7,5,0,5,40.393707307772594,4,2,3,25.530086303138454,0,1,1,0
IAASSE_00674,48,UK,Student,262,9,6,3,4,32.82023060373565,5,4,5,11.777674820312033,1,0,0,0
IAASSE_00675,18,Germany,Data Analyst,409,9,6,1,3,25.032318898122845,3,2,6,23.279446406071465,2,0,0,0
IAASSE_00676,20,Brazil,Student,430,7,9,2,1,95.90611081365455,2,1,5,23.487225175283697,2,1,1,1
IAASSE_00678,40,Nigeria,Data Analyst,196,7,1,3,1,67.68882351410195,3,3,4,15.414240946579355,1,1,0,0
IAASSE_00679,28,Australia,Researcher,609,10,4,4,4,91.60707364154165,5,4,8,24.91842156877279,0,0,0,0
IAASSE_00680,29,Australia,Professor,179,6,6,3,3,97.40806715305294,1,1,1,0.9242520319211154,0,0,0,0
IAASSE_00681,27,Canada,Software Engineer,634,9,8,2,4,95.364614776957,3,2,5,23.208227301833958,0,0,0,0
IAASSE_00682,49,USA,Software Engineer,567,9,5,2,2,32.308324521209094,1,1,6,22.863305294562004,0,0,0,0
IAASSE_00683,33,USA,Software Engineer,233,3,5,3,4,52.13421081005154,4,3,9,22.74147921493817,1,0,1,0
IAASSE_00684,25,Australia,Data Analyst,587,7,9,3,3,74.47885940395874,5,3,0,34.83251375516427,1,0,0,0
IAASSE_00685,55,UK,Software Engineer,394,10,3,2,1,62.92057505101537,2,0,4,10.56787339486269,3,0,1,0
IAASSE_00686,29,Nigeria,Researcher,407,5,7,1,3,31.156923930683604,2,1,7,19.681171180197587,0,0,0,0
IAASSE_00687,41,Canada,Freelancer,644,9,7,1,2,40.352157581935856,2,2,6,2.4012226436114363,0,2,0,0
IAASSE_00688,45,USA,Professor,219,7,2,2,0,74.92932838500934,3,2,6,15.64068475374847,1,0,0,1
IAASSE_00690,45,UK,Consultant,630,7,6,3,1,73.77236916596975,4,1,5,6.738740224638336,0,1,0,0
IAASSE_00691,53,Australia,Software Engineer,677,7,3,1,1,62.878321094000476,1,1,4,13.407033459933416,2,0,0,0
IAASSE_00692,43,Germany,Researcher,668,9,6,0,2,25.59694970467261,4,3,6,11.323425399573189,1,1,0,1
IAASSE_00693,25,Nigeria,Consultant,145,4,7,4,5,39.14877376582285,4,2,6,29.630517721610378,3,2,1,0
IAASSE_00694,45,India,Software Engineer,424,7,5,1,4,34.50413296410662,1,1,6,30.297182494927874,1,1,1,0
IAASSE_00695,45,Germany,Freelancer,631,10,4,2,3,90.41283468868605,3,1,6,9.206957717363379,1,0,0,0
IAASSE_00696,54,Germany,Software Engineer,149,6,3,2,3,88.95160577183279,3,2,6,5.872077731683988,1,0,0,0
IAASSE_00697,58,Brazil,Researcher,515,5,3,2,1,81.66461839167374,2,1,4,11.846047877816586,0,2,0,0
IAASSE_00698,53,UK,Researcher,656,7,2,1,3,99.30733761433174,1,0,6,15.287067265511997,1,0,0,0
IAASSE_00699,44,USA,Freelancer,492,7,3,4,5,46.866683465264934,1,0,2,17.454414955564072,3,0,0,0
IAASSE_00700,34,UK,Data Analyst,443,11,3,3,4,73.71451296985924,1,0,9,6.275286420682818,1,1,0,0
IAASSE_00701,26,USA,Manager,549,10,4,1,3,64.757443228821,0,0,8,8.927276669008252,0,0,0,0
IAASSE_00702,50,Germany,Software Engineer,299,5,4,2,1,83.94560396910038,1,1,5,51.26583331591733,1,1,0,0
IAASSE_00703,37,Germany,Data Analyst,626,3,8,3,2,99.29933672551157,4,3,5,89.57626678437529,0,1,0,0
IAASSE_00704,30,Australia,Manager,290,1,4,2,4,41.428054678831025,3,0,7,5.813331966746902,2,0,0,0
IAASSE_00705,45,USA,Software Engineer,677,5,7,1,2,43.6282399320399,2,1,7,19.063260511656726,1,1,0,0
IAASSE_00707,30,UK,Data Analyst,640,6,3,1,2,89.76527166281029,6,5,3,22.69349226742751,0,0,0,0
IAASSE_00708,63,Germany,Software Engineer,278,13,4,2,3,84.67461364263959,6,2,6,9.792498399827068,3,0,1,0
IAASSE_00710,23,UK,Software Engineer,328,11,5,2,3,95.02305993239827,7,5,5,44.494948485979016,1,0,0,1
IAASSE_00711,35,USA,Student,687,7,10,3,1,41.27250321617286,5,4,8,26.405196248013574,1,0,0,0
IAASSE_00712,22,USA,Freelancer,109,11,6,3,3,31.6553204614195,4,1,7,22.070595587421046,2,0,0,0
IAASSE_00714,42,Nigeria,Manager,241,6,2,2,2,64.72910784711105,4,2,6,45.95490636594963,0,0,0,1
IAASSE_00715,19,Germany,Software Engineer,95,5,4,1,3,81.94477672900089,3,3,8,22.108500180290342,2,1,0,1
IAASSE_00716,27,USA,Data Analyst,106,11,2,1,5,27.37787008165545,4,0,6,10.23775593357469,1,0,1,0
IAASSE_00717,47,Canada,Software Engineer,150,4,4,2,3,85.60821090205451,1,1,3,49.84056285938189,2,0,0,0
IAASSE_00719,22,India,Software Engineer,595,8,3,0,2,77.33638893345915,5,1,6,6.232213711376653,1,1,0,0
IAASSE_00720,50,USA,Software Engineer,577,9,0,1,2,45.23483430207735,1,1,5,41.990367544135225,1,0,0,0
IAASSE_00721,18,USA,Software Engineer,235,4,2,3,0,95.26438262175424,4,2,3,11.679060532282882,1,1,0,0
IAASSE_00722,35,Germany,Student,609,8,10,3,4,93.7881495724869,4,1,7,35.26336458688702,1,0,0,0
IAASSE_00723,49,UK,Software Engineer,401,6,4,0,1,78.19418783588425,0,0,4,34.49356455516739,1,0,1,0
IAASSE_00724,64,UK,Student,519,8,4,4,4,94.01245920088395,4,3,2,16.737348147860942,1,0,0,0
IAASSE_00725,28,USA,Student,203,15,5,1,1,33.154270284814636,4,3,4,11.561455714128822,3,0,0,0
IAASSE_00726,38,Australia,Professor,280,7,9,3,5,58.95587656156679,0,0,5,33.938758129157144,0,0,1,1
IAASSE_00727,43,Nigeria,Researcher,596,10,4,1,2,41.301351681615664,3,2,9,11.76262421502274,3,0,0,0
IAASSE_00728,42,Brazil,Researcher,659,10,3,0,6,84.26194803583651,0,0,8,16.69708262214382,0,0,0,0
IAASSE_00729,39,Australia,Software Engineer,589,12,10,2,2,78.44380560521358,4,3,7,8.913342943305182,2,2,0,0
IAASSE_00730,44,Canada,Professor,568,9,10,3,1,87.36306243765424,2,2,7,1.2478390595023983,1,0,1,0
IAASSE_00731,30,USA,Researcher,378,9,3,3,1,50.17701529796141,4,3,7,4.362514984615624,1,0,1,1
IAASSE_00733,51,UK,Data Analyst,241,7,4,1,1,87.31887846557514,1,0,11,8.995379073395341,1,1,0,0
IAASSE_00734,58,Australia,Freelancer,293,16,2,4,3,20.323488382673997,4,1,6,33.84944703385059,0,0,0,0
IAASSE_00735,52,UK,Consultant,673,6,4,1,1,80.45690316190827,3,2,5,18.135113324856917,0,1,0,0
IAASSE_00736,18,USA,Consultant,578,11,11,1,4,66.72478836349504,3,2,2,10.451552148597163,0,0,0,0
IAASSE_00737,38,USA,Student,551,15,4,3,1,77.96734233806019,2,2,5,17.382668941737883,0,0,0,0
IAASSE_00738,23,UK,Data Analyst,443,13,5,0,2,9.23203714492009,3,2,6,4.956965746521291,1,1,0,0
IAASSE_00739,45,USA,Data Analyst,133,9,3,2,5,5.253745633443013,0,0,5,11.863507661687912,1,1,0,0
IAASSE_00740,34,USA,Data Analyst,718,7,5,1,3,84.03511346531151,7,4,3,37.2800449946497,1,0,1,1
IAASSE_00741,22,Brazil,Consultant,423,9,7,1,1,73.38743365840972,4,3,8,8.927778722315196,1,0,0,0
IAASSE_00742,48,Canada,Student,644,10,0,1,6,96.62927327304821,4,3,6,14.876657880917023,0,0,1,0
IAASSE_00744,55,Nigeria,Data Analyst,475,10,9,0,3,17.92309174422059,4,2,5,11.053856035797436,0,0,1,0
IAASSE_00745,20,Brazil,Student,303,8,3,3,1,56.70159704043357,4,3,6,16.863846739704357,1,0,0,0
IAASSE_00746,40,Australia,Data Analyst,603,4,2,2,2,79.87150008763784,4,3,6,28.345142192079493,1,2,0,0
IAASSE_00747,54,India,Manager,607,5,6,2,3,56.96455490236518,3,1,8,10.44183339340191,1,1,0,0
IAASSE_00749,27,UK,Student,638,6,4,4,4,74.3587161371226,1,1,9,42.20557726279071,1,0,0,0
IAASSE_00750,27,Canada,Software Engineer,285,12,4,1,3,77.63538824654566,5,4,7,12.623771632027038,5,1,0,0
IAASSE_00751,36,Germany,Software Engineer,465,8,4,5,4,59.79747494482548,2,1,6,44.38197622316216,1,0,2,1
IAASSE_00753,38,UK,Researcher,282,10,5,4,2,93.55325310328053,4,3,7,6.667738582139937,0,0,0,0
IAASSE_00754,31,USA,Researcher,671,12,6,1,5,79.56459261739698,4,2,7,52.86134110104838,3,1,0,0
IAASSE_00755,26,Germany,Manager,96,6,3,3,4,62.095030720168175,2,1,7,2.919488873995782,0,1,0,1
IAASSE_00756,63,USA,Manager,622,8,5,3,3,55.818869538803725,3,1,3,31.02050596864104,0,1,0,0
IAASSE_00757,18,Australia,Student,530,11,2,0,1,67.56980641086753,8,3,8,13.525614849193584,1,0,0,0
IAASSE_00758,62,Germany,Freelancer,166,3,7,1,1,38.456819326080996,5,3,5,45.82146904227411,1,0,0,0
IAASSE_00759,30,Germany,Manager,464,6,6,3,2,87.54396067021199,2,0,4,11.153486952713006,2,1,0,0
IAASSE_00760,21,India,Professor,714,12,2,1,3,88.57296513537884,4,1,2,25.975944620475637,3,0,0,0
IAASSE_00761,18,Nigeria,Student,405,10,6,4,4,93.86584826564386,3,0,7,14.492930444533838,0,0,1,0
IAASSE_00762,57,Canada,Professor,97,10,3,1,0,98.11873701283203,2,1,8,25.14309647225652,1,1,0,0
IAASSE_00763,49,India,Manager,715,4,4,1,3,64.16431378481646,2,1,5,26.77135653725795,0,1,1,0
IAASSE_00764,51,Australia,Consultant,587,7,11,2,3,85.44771723317378,2,2,4,38.08192226269364,0,0,1,0
IAASSE_00765,45,USA,Student,472,12,4,3,4,96.2653149002399,1,1,5,13.745790129477884,0,1,0,0
IAASSE_00766,48,USA,Manager,226,11,6,1,2,97.5949069401829,4,4,4,11.829162291973624,0,0,0,0
IAASSE_00767,25,UK,Freelancer,425,7,3,3,4,88.6551172810012,7,5,7,24.98647834675218,2,0,0,0
IAASSE_00768,56,Canada,Researcher,385,5,2,2,2,41.083146436124466,0,0,11,19.012389735135613,1,0,0,0
IAASSE_00769,43,Australia,Software Engineer,453,8,6,0,4,92.06725111537313,3,2,3,15.929757733651854,1,0,0,0
IAASSE_00770,51,India,Professor,152,8,10,1,3,99.55962522014968,1,1,5,46.79115978474342,1,1,1,0
IAASSE_00771,20,USA,Software Engineer,239,7,3,1,1,65.99831940913934,1,0,7,41.22586373490154,0,0,0,0
IAASSE_00772,29,USA,Software Engineer,377,7,4,1,0,31.71827619750297,2,2,4,13.56635602373598,1,1,1,0
IAASSE_00773,18,Brazil,Software Engineer,240,8,4,7,2,71.13033654690729,3,3,7,18.368628329260847,1,2,1,0
IAASSE_00774,61,USA,Professor,373,9,0,1,5,24.81969361630888,5,4,8,10.091648503480066,0,1,0,0
IAASSE_00775,22,Canada,Student,487,4,4,5,4,77.44695291526521,1,1,4,16.89451213094286,0,1,1,0
IAASSE_00776,47,Australia,Software Engineer,579,5,10,2,1,59.4036030016138,0,0,6,11.14481583346603,0,1,0,0
IAASSE_00777,47,Australia,Researcher,369,9,7,3,3,75.62346194250054,6,4,10,9.074802172873078,0,0,0,1
IAASSE_00778,34,USA,Manager,596,8,6,1,3,82.10564194185213,3,0,2,18.84037792963244,3,0,0,0
IAASSE_00779,64,USA,Software Engineer,517,6,6,2,4,35.890853311372055,0,0,8,18.341652209247002,1,0,0,0
IAASSE_00780,40,USA,Professor,101,4,8,5,4,47.47798834553452,4,3,5,3.7370446464184672,2,1,1,1
IAASSE_00781,32,Australia,Professor,222,3,6,2,0,87.16505022044167,2,2,4,69.6054578700719,1,0,0,1
IAASSE_00782,54,Australia,Student,718,8,3,0,5,71.1433084732638,3,2,8,22.16543022001659,2,0,1,0
IAASSE_00783,38,USA,Software Engineer,549,6,3,2,3,71.17878730445746,8,5,8,37.84175483320976,0,0,0,1
IAASSE_00784,31,Germany,Student,141,7,2,2,5,84.54740996133697,3,2,7,0.7325718295112786,0,0,0,0
IAASSE_00786,28,USA,Software Engineer,397,14,5,4,6,69.04752222893983,4,2,9,2.398695476151915,0,1,1,0
IAASSE_00788,55,Germany,Consultant,398,7,7,3,5,93.54839981498837,1,1,8,12.875336609992976,1,1,0,1
IAASSE_00789,51,UK,Student,724,8,4,3,4,69.30916715212805,2,1,6,26.847754346353412,0,1,0,0
IAASSE_00790,55,UK,Student,391,6,0,2,2,61.63684726871374,4,2,9,64.40009160100598,2,0,1,0
IAASSE_00791,51,Australia,Software Engineer,387,12,3,3,6,89.15126104900233,1,0,4,8.924327325990543,4,1,0,0
IAASSE_00793,47,India,Data Analyst,265,9,7,1,3,90.96499800375696,2,1,5,32.89131214629521,0,0,0,0
IAASSE_00794,32,Australia,Consultant,610,4,4,2,1,90.29524572010502,4,2,8,10.291498774969636,2,0,0,0
IAASSE_00795,44,India,Professor,405,8,6,0,5,15.007681151553284,7,4,6,12.748958644638346,0,0,0,0
IAASSE_00796,51,UK,Software Engineer,106,10,5,3,1,74.93348610317321,1,1,5,26.604278983749083,0,0,0,0
IAASSE_00797,55,Germany,Consultant,507,8,1,4,5,36.136651694680786,1,1,7,70.27999481811929,0,0,0,1
IAASSE_00798,50,Canada,Software Engineer,389,5,5,0,3,23.146870470484078,2,0,6,20.88809430029167,0,0,0,0
IAASSE_00799,41,USA,Manager,713,7,5,5,7,71.10286161214144,1,0,6,8.747035123403052,1,0,0,1
IAASSE_00800,32,Germany,Software Engineer,198,9,4,1,6,64.94411271896143,3,1,6,10.178336365294554,1,2,0,1
IAASSE_00801,47,Australia,Student,586,1,10,2,4,98.90793782097025,7,5,8,23.408541061835763,2,0,0,0
IAASSE_00802,59,UK,Professor,608,12,4,0,3,85.11046921141651,3,2,9,20.777480093473297,1,0,1,1
IAASSE_00803,34,Nigeria,Software Engineer,351,8,2,1,3,86.10170331130547,1,0,5,19.401707429446027,4,0,0,1
IAASSE_00805,46,UK,Data Analyst,270,7,4,0,3,86.22099159926833,6,2,6,18.576681262189098,0,0,1,0
IAASSE_00806,21,USA,Student,274,6,5,1,3,61.41008154986689,3,3,6,42.548327393795034,4,0,0,0
IAASSE_00807,27,India,Student,636,7,3,3,0,76.747771325551,4,2,7,10.69310328707652,0,0,0,0
IAASSE_00808,34,Germany,Software Engineer,577,10,9,3,4,75.40845174411987,1,1,7,19.584357739207356,0,0,0,1
IAASSE_00809,27,UK,Researcher,201,9,5,0,1,41.91477867126133,2,0,7,4.727794994067609,0,1,0,0
IAASSE_00810,34,Germany,Data Analyst,568,5,7,3,2,51.34649337505224,2,1,5,13.59398372636078,0,0,1,0
IAASSE_00811,37,UK,Researcher,413,7,5,2,2,83.5200280607734,0,0,7,7.331473805796328,0,0,0,0
IAASSE_00812,41,India,Researcher,302,8,4,2,3,93.27698650554643,2,2,8,51.94697007700814,0,0,1,0
IAASSE_00813,22,Canada,Researcher,103,10,6,5,3,93.57563611569631,3,2,9,14.154727306136481,0,1,0,1
IAASSE_00814,51,Canada,Software Engineer,468,12,7,2,5,4.940528049042149,3,3,5,17.036852513129034,0,1,1,0
IAASSE_00815,23,Brazil,Professor,645,5,3,1,4,87.74466629279371,1,0,6,16.913489372377725,1,0,2,1
IAASSE_00816,19,UK,Software Engineer,93,9,3,0,2,14.09620436243491,3,2,8,6.898306691402399,1,0,0,0
IAASSE_00818,60,Australia,Student,722,8,8,0,2,11.956407309303739,3,2,8,12.404566352584732,3,0,1,0
IAASSE_00819,60,Brazil,Data Analyst,489,9,9,3,3,25.15187672791782,1,0,8,22.251236783463824,2,0,0,0
IAASSE_00820,28,UK,Student,152,7,7,1,1,47.56097211133712,1,0,5,5.195517261614718,0,1,0,0
IAASSE_00821,64,USA,Researcher,667,9,7,6,1,39.28954993680627,5,4,13,19.027326911012487,1,0,1,0
IAASSE_00822,40,UK,Data Analyst,117,7,1,1,4,84.3511333633806,7,2,5,26.100188315446733,1,0,0,0
IAASSE_00823,33,Canada,Data Analyst,647,3,2,2,5,97.31181446366367,3,1,5,24.904752518356577,0,0,0,0
IAASSE_00824,48,USA,Manager,684,5,7,2,2,80.01471640889328,2,1,6,39.72159766190627,0,0,0,0
IAASSE_00825,28,Germany,Data Analyst,303,9,8,1,2,43.300644116240356,3,1,4,22.711581728692067,1,0,0,0
IAASSE_00826,33,Brazil,Data Analyst,432,4,11,4,5,59.77956502470213,3,2,9,18.992810532962576,2,0,0,0
IAASSE_00827,25,Canada,Student,655,12,3,2,4,93.3499317498143,1,1,6,45.95080102655024,0,0,0,0
IAASSE_00828,21,UK,Manager,340,7,3,3,3,94.03977460554422,1,1,7,7.895385850045501,1,0,2,0
IAASSE_00829,57,Canada,Student,529,3,2,0,1,74.59759996286216,4,3,5,20.88794025635721,1,1,0,0
IAASSE_00830,21,USA,Software Engineer,589,8,0,0,2,98.03793011242597,4,2,3,32.0394527125097,0,1,0,0
IAASSE_00831,42,Nigeria,Software Engineer,677,4,2,2,4,60.87808323975462,6,3,8,2.1092920326397637,0,2,1,0
IAASSE_00832,20,Canada,Researcher,544,10,4,3,2,87.0527004408694,5,4,8,41.97233494409482,0,0,0,0
IAASSE_00833,49,UK,Researcher,168,10,4,3,2,58.99547184685149,3,1,7,5.4897020242072605,0,0,0,0
IAASSE_00834,20,Germany,Manager,436,10,5,0,1,74.66749292059139,1,1,9,7.819608332816666,2,1,0,0
IAASSE_00835,44,Canada,Student,620,8,3,4,3,33.627766004242645,1,1,5,26.60252251573319,2,0,1,0
IAASSE_00837,49,USA,Data Analyst,139,7,6,1,4,59.83188011480589,6,3,4,12.436848290733472,2,0,0,1
IAASSE_00838,36,India,Student,195,8,5,3,1,46.880921834303116,4,2,4,31.77566662936583,1,0,0,0
IAASSE_00839,38,Brazil,Data Analyst,729,9,3,1,8,86.67613695363777,3,3,7,10.470399504329773,0,2,0,0
IAASSE_00840,22,Germany,Data Analyst,684,3,2,1,5,78.98903732132906,2,1,6,10.604439563704624,3,0,0,0
IAASSE_00841,35,Brazil,Software Engineer,579,7,7,2,2,51.58292719718565,3,2,9,19.055639577204676,0,0,1,0
IAASSE_00842,45,USA,Researcher,285,10,6,1,4,87.85177815623729,1,1,8,10.702833760258581,1,1,0,1
IAASSE_00843,59,Canada,Software Engineer,436,8,5,1,2,81.00417893799175,3,1,6,48.54761130594868,2,0,0,0
IAASSE_00844,39,Australia,Researcher,631,12,4,2,6,43.76123445828682,1,0,6,8.788209601024015,1,1,0,0
IAASSE_00845,38,Australia,Data Analyst,548,11,10,0,4,50.651096807186434,6,3,8,8.785901483564462,0,1,1,1
IAASSE_00846,23,Canada,Data Analyst,167,2,1,4,4,17.5238369237229,1,0,6,19.312741946414096,0,0,1,0
IAASSE_00847,18,UK,Software Engineer,459,10,4,1,1,32.42206063756614,4,3,6,17.24478936325044,0,0,0,0
IAASSE_00848,22,USA,Student,176,10,5,2,3,36.02125150189966,5,4,6,7.570915142207124,2,0,0,0
IAASSE_00849,58,UK,Student,704,13,6,2,1,70.50875829452778,2,1,4,6.850458791737049,2,1,0,0
IAASSE_00851,43,India,Professor,246,12,5,2,2,91.33584252581612,6,4,9,30.123879011540563,1,2,0,1
IAASSE_00852,63,USA,Manager,364,13,1,1,5,40.429467484423476,2,1,4,4.438526748073095,1,0,0,0
IAASSE_00853,51,USA,Student,207,9,5,2,3,92.83164001209487,3,2,6,3.051586963121963,0,0,0,0
IAASSE_00854,31,Australia,Consultant,450,8,6,2,2,65.12875416159817,3,2,7,36.67347946664315,0,0,0,1
IAASSE_00855,43,Australia,Manager,308,10,7,2,0,63.944311942887744,4,0,6,5.662066046770976,1,2,0,1
IAASSE_00856,62,Nigeria,Researcher,112,7,5,1,2,22.186133027520537,1,1,6,23.909181578245974,2,0,0,0
IAASSE_00857,44,Australia,Consultant,107,10,8,6,1,31.354231973005703,2,0,5,58.36336358866765,3,1,1,1
IAASSE_00858,26,UK,Software Engineer,103,5,2,0,0,46.98139705599612,5,4,4,12.824685424701354,0,0,0,0
IAASSE_00859,43,India,Data Analyst,671,5,4,3,3,89.13162674338352,4,1,9,23.178978928345437,1,0,0,0
IAASSE_00861,39,USA,Software Engineer,512,10,7,2,3,85.66113411061933,4,1,10,21.702292749936465,0,1,0,1
IAASSE_00862,64,Australia,Software Engineer,671,7,5,3,3,97.3557748083144,3,1,3,23.327991088486733,1,1,0,0
IAASSE_00863,47,Nigeria,Software Engineer,444,11,4,1,2,44.96789085807902,2,0,7,18.617604415946165,0,0,0,1
IAASSE_00864,60,UK,Professor,385,13,8,2,2,88.07854230035304,4,4,11,9.199508428760726,0,0,0,0
IAASSE_00866,43,USA,Consultant,260,13,5,5,4,81.99000059435801,2,0,6,12.444811872773734,0,0,0,0
IAASSE_00867,53,USA,Manager,522,17,3,3,2,81.3443981324109,3,2,7,15.155286529509095,1,0,0,1
IAASSE_00868,18,Canada,Professor,556,5,4,2,3,39.58813639759427,3,1,5,18.816684930660898,3,1,0,0
IAASSE_00870,52,USA,Data Analyst,631,6,7,2,2,34.32854670404057,5,3,5,11.025963933816488,2,0,0,0
IAASSE_00871,32,Brazil,Software Engineer,541,9,3,3,5,62.82062054658522,3,3,4,35.11663187921635,1,0,0,1
IAASSE_00872,64,India,Consultant,427,9,3,1,3,91.20356481569564,4,2,4,18.233519518783417,0,1,0,0
IAASSE_00873,39,Australia,Software Engineer,452,10,4,2,1,63.59420209637613,3,1,7,16.485672236081324,1,0,0,0
IAASSE_00874,31,India,Manager,142,11,10,1,2,34.62594867622203,1,0,6,3.592312580770654,0,1,0,0
IAASSE_00875,43,USA,Student,511,6,4,1,6,89.41195861756577,6,3,9,5.728335352008576,1,2,0,0
IAASSE_00876,45,Canada,Data Analyst,307,10,3,1,5,85.32677528644842,2,2,6,31.91724595752283,0,0,0,0
IAASSE_00877,40,Germany,Manager,615,9,5,0,2,32.843397250663074,2,2,6,24.192322608745474,0,0,0,0
IAASSE_00879,41,India,Data Analyst,653,7,7,1,2,68.58340161940998,1,1,7,8.715088307957995,1,1,0,0
IAASSE_00880,19,UK,Data Analyst,284,8,1,3,4,54.07871917362223,3,2,4,35.222913452855096,1,0,1,0
IAASSE_00881,62,Brazil,Data Analyst,139,5,7,4,3,87.77123260793506,4,3,6,2.025796191612738,0,0,1,0
IAASSE_00882,43,USA,Researcher,533,6,2,1,0,18.922416517397362,0,0,6,12.370902718813927,1,1,1,0
IAASSE_00883,31,Nigeria,Data Analyst,132,9,6,1,4,96.31881432897502,5,5,6,10.734624848940687,0,1,1,0
IAASSE_00884,24,Brazil,Software Engineer,351,4,4,1,4,22.489368506489235,3,2,2,16.32879417812122,0,1,0,0
IAASSE_00886,64,India,Manager,568,5,6,1,4,89.97800878775075,2,2,5,5.001277880336604,1,1,0,1
IAASSE_00887,40,USA,Data Analyst,653,6,3,1,3,69.5405408905838,2,2,5,1.3369386621242239,2,0,0,0
IAASSE_00888,63,Canada,Researcher,636,4,6,5,4,46.169159500417784,1,1,9,13.469361649632015,2,3,0,0
IAASSE_00889,60,Canada,Manager,384,6,2,3,3,65.60645914727591,5,4,6,46.55866125159447,3,1,0,1
IAASSE_00891,62,Brazil,Consultant,643,8,6,2,8,91.4930834089704,0,0,3,5.688316822266789,2,0,0,0
IAASSE_00892,35,Germany,Researcher,473,9,6,3,6,91.90486948604955,0,0,7,53.87117774847362,0,0,0,1
IAASSE_00893,55,Canada,Software Engineer,634,6,5,4,4,56.84491359380416,2,1,6,25.75671183317164,0,2,1,0
IAASSE_00894,52,India,Student,397,5,3,1,0,96.34054414606307,2,1,6,40.40165259711622,0,0,0,0
IAASSE_00895,32,Brazil,Professor,691,12,3,4,5,80.84859922466615,5,2,9,46.76206513883759,0,1,1,1
IAASSE_00896,42,USA,Manager,193,8,6,1,5,65.27209594996799,2,1,9,57.0347875598967,1,0,0,1
IAASSE_00897,54,Brazil,Data Analyst,504,12,8,4,2,68.27056906098522,2,1,2,26.442366433316092,2,0,1,1
IAASSE_00898,45,USA,Data Analyst,606,2,5,2,2,78.36588022110433,3,2,8,19.11919815464352,1,0,0,0
IAASSE_00899,27,India,Manager,721,9,5,1,2,50.83620370971654,0,0,6,9.431924141960984,3,1,0,0
IAASSE_00900,56,UK,Researcher,367,10,4,2,5,73.95896702365825,1,1,4,6.193269666057204,2,0,0,0
IAASSE_00901,34,USA,Manager,455,5,4,2,1,55.45151533445482,3,2,6,24.158717968037088,0,0,1,0
IAASSE_00902,56,Canada,Software Engineer,700,11,4,1,4,71.81310020889865,4,3,4,31.611655867285933,0,0,0,0
IAASSE_00903,39,Germany,Researcher,686,9,3,1,8,53.414892612100495,1,1,4,19.89684288259468,1,2,0,0
IAASSE_00904,43,UK,Software Engineer,187,6,3,3,1,86.5035659261551,1,1,7,4.627508913491844,4,2,0,0
IAASSE_00905,61,USA,Data Analyst,136,8,5,0,2,3.1674358359316535,1,1,9,11.852868028044494,2,1,0,0
IAASSE_00906,42,Australia,Researcher,155,8,5,3,0,60.07144468876769,0,0,5,4.627514749168163,2,0,0,0
IAASSE_00907,34,Nigeria,Freelancer,478,4,3,2,2,17.900765264248005,6,4,7,4.305616969268111,1,1,0,0
IAASSE_00908,30,UK,Data Analyst,727,8,4,1,1,71.80790556089856,2,2,4,23.959183096427005,1,0,1,1
IAASSE_00909,37,USA,Software Engineer,629,9,3,2,2,59.29624165529545,4,3,9,10.58765484702029,4,1,0,1
IAASSE_00910,42,Canada,Researcher,506,6,6,3,1,98.69140773035336,6,3,5,7.019301254677902,0,1,0,1
IAASSE_00911,21,USA,Software Engineer,655,6,7,1,1,55.12686208732308,5,4,5,18.913497836780106,0,0,1,0
IAASSE_00912,27,India,Consultant,361,6,5,0,3,98.68131096751411,2,2,5,24.548556342979317,2,1,0,0
IAASSE_00913,20,India,Manager,217,9,9,3,6,36.77780968299779,4,1,6,29.16227452253874,1,0,1,0
IAASSE_00914,58,Australia,Student,664,15,7,0,1,32.0141081872967,5,4,6,7.09066686649138,1,0,0,0
IAASSE_00915,62,UK,Freelancer,602,7,4,2,3,33.279009643668026,2,2,5,10.995527500453882,1,0,0,1
IAASSE_00917,64,Australia,Consultant,583,9,3,2,2,45.202576154033764,2,1,9,51.452916693623585,1,0,0,1
IAASSE_00919,64,Germany,Consultant,729,5,6,2,2,52.20272035485569,1,0,5,20.14581087300966,0,0,1,0
IAASSE_00920,39,India,Student,228,9,3,2,3,98.40616591197026,3,1,2,11.811334090993594,3,1,1,0
IAASSE_00921,51,Australia,Data Analyst,608,7,3,0,1,62.41279811224071,4,2,5,10.564322178270679,0,1,0,0
IAASSE_00922,64,Canada,Consultant,624,10,6,0,1,81.5959915057404,2,1,10,35.45883079489774,2,0,1,0
IAASSE_00923,25,Brazil,Data Analyst,690,7,8,4,3,42.09457324296054,1,1,6,13.425275427760283,1,0,0,0
IAASSE_00924,57,Australia,Student,595,8,2,2,2,85.8905764343645,2,2,10,20.296838929073257,0,0,0,0
IAASSE_00925,61,Australia,Manager,586,7,5,2,4,34.69038028424096,3,1,7,23.73843247101064,1,1,0,1
IAASSE_00926,36,USA,Consultant,407,11,7,3,4,66.51871945489175,4,2,5,6.981588997796539,0,1,0,0
IAASSE_00927,59,Germany,Student,610,7,6,0,4,86.8638352903162,3,3,8,8.428176680897492,0,0,0,0
IAASSE_00928,58,Australia,Consultant,518,10,1,0,4,74.80976273800518,5,1,3,24.50472612453953,2,0,0,0
IAASSE_00929,54,USA,Researcher,94,7,2,1,3,96.68240428056147,6,3,8,6.264519174425032,4,2,0,0
IAASSE_00930,23,USA,Software Engineer,471,9,5,1,2,24.307924332141678,3,1,6,17.580825754005073,2,1,0,0
IAASSE_00932,51,India,Software Engineer,109,12,3,0,2,33.63603213270533,6,3,6,34.23131254122369,0,0,0,0
IAASSE_00933,62,Australia,Student,374,8,4,2,0,60.351326708340544,3,2,6,32.31838108343884,0,1,0,0
IAASSE_00934,23,USA,Data Analyst,498,7,4,2,0,87.6351984500733,2,1,7,29.81268129077496,3,1,0,0
IAASSE_00935,54,Germany,Software Engineer,564,6,6,3,1,81.71861652893095,7,4,7,13.281779558192328,0,0,0,0
IAASSE_00936,50,USA,Software Engineer,697,7,4,1,2,99.78138041308685,2,1,5,31.28832319312632,0,1,1,0
IAASSE_00937,39,Canada,Manager,274,9,10,3,4,48.49788015994543,4,3,6,9.04662435144001,2,1,0,1
IAASSE_00938,38,USA,Manager,403,3,4,2,1,81.26166014704495,2,1,7,24.935819021893437,0,1,0,1
IAASSE_00939,23,USA,Software Engineer,326,4,8,0,3,68.54290429023844,4,2,4,13.423120080092122,0,0,1,0
IAASSE_00940,23,USA,Manager,526,13,6,1,1,30.12229005346757,2,2,8,1.218077242793631,3,0,0,0
IAASSE_00941,21,UK,Student,455,7,2,1,4,89.5988003963126,1,1,3,20.033313956187882,0,0,0,0
IAASSE_00942,47,USA,Student,482,7,9,4,1,64.38525753633257,4,4,2,4.183644754614801,3,0,0,0
IAASSE_00943,28,UK,Consultant,596,10,1,2,4,30.94513281995472,7,4,4,48.198711108074626,0,0,1,0
IAASSE_00944,47,Canada,Student,246,11,3,4,2,38.702435811285326,5,5,4,35.665202573131204,0,1,0,1
IAASSE_00945,48,Canada,Data Analyst,264,9,7,1,5,83.37048766763189,4,3,7,15.228044910820994,2,0,0,1
IAASSE_00946,41,UK,Researcher,714,13,8,3,1,72.50331190289236,0,0,8,0.7799545479188643,1,0,1,1
IAASSE_00947,26,India,Software Engineer,649,6,8,2,6,87.48726665204049,1,0,4,13.986321047891753,1,0,0,0
IAASSE_00948,20,USA,Consultant,396,14,4,5,4,96.5362855101777,1,0,7,13.326939729262087,1,0,0,0
IAASSE_00949,48,Canada,Data Analyst,349,9,4,6,7,50.66018021749649,5,5,6,40.37779500978617,0,0,0,1
IAASSE_00950,57,USA,Student,393,10,5,2,4,50.3385449881111,3,3,4,11.168476396739845,2,2,0,0
IAASSE_00951,54,USA,Data Analyst,400,4,5,5,4,22.062555490583666,1,1,8,11.253367873573307,2,0,2,1
IAASSE_00952,53,Australia,Software Engineer,689,13,5,2,3,28.93038772372928,0,0,4,1.611218167522652,1,1,0,0
IAASSE_00953,41,Australia,Data Analyst,665,9,4,1,3,99.16158811352605,5,3,5,17.33829177967547,0,0,0,0
IAASSE_00954,48,Nigeria,Software Engineer,276,8,4,1,2,94.15138418486936,3,2,6,18.462597567990283,1,2,0,0
IAASSE_00955,23,Australia,Consultant,155,5,6,2,5,28.242706453969873,2,2,5,8.798374319539695,1,0,0,0
IAASSE_00956,19,Brazil,Professor,386,5,4,3,1,74.57544988844582,1,0,6,27.56975801370914,0,1,0,0
IAASSE_00958,45,USA,Software Engineer,155,7,5,5,2,69.47442138079707,2,1,8,4.239491228684186,0,0,0,0
IAASSE_00959,28,USA,Software Engineer,426,8,5,3,3,95.348418386979,6,3,7,29.08924777861232,1,1,0,1
IAASSE_00960,21,USA,Professor,286,8,2,2,4,96.92941914276128,3,2,6,3.5621739656866254,2,1,0,0
IAASSE_00961,32,Australia,Freelancer,188,5,9,3,2,90.06444072173026,2,1,6,18.03259688273169,1,1,0,0
IAASSE_00962,23,Germany,Data Analyst,172,4,3,4,6,74.40323534293297,6,2,7,24.301489729344866,0,1,0,0
IAASSE_00964,55,Brazil,Data Analyst,156,10,1,2,2,70.40599566586586,2,1,5,10.619121711324176,1,0,1,0
IAASSE_00965,19,India,Student,345,12,6,3,2,47.721294813013365,5,4,7,15.438853075161012,1,0,0,0
IAASSE_00967,28,USA,Software Engineer,508,7,10,1,1,96.09435533662574,0,0,5,15.381891276878275,0,3,0,0
IAASSE_00968,25,USA,Software Engineer,195,2,3,2,2,21.44040245362861,1,0,3,83.76096776167408,2,0,0,0
IAASSE_00969,43,USA,Student,657,3,3,1,3,92.50914962754196,3,2,6,16.329011312915608,2,0,0,0
IAASSE_00971,61,Canada,Data Analyst,300,6,3,0,7,94.71364160195175,2,1,9,26.44077664807673,0,0,0,1
IAASSE_00973,23,UK,Data Analyst,305,7,4,2,6,34.874144425385026,1,1,6,15.707878567679142,1,0,0,0
IAASSE_00974,43,Brazil,Student,421,10,4,2,1,82.63738246468573,3,3,5,17.127267136989666,1,1,0,0
IAASSE_00975,21,Germany,Software Engineer,630,5,7,1,3,85.77123317530797,5,3,3,11.751990110658106,1,0,1,1
IAASSE_00976,36,Brazil,Data Analyst,555,8,4,2,3,52.87751915174456,5,3,6,16.507713056604143,1,0,0,0
IAASSE_00977,37,USA,Software Engineer,437,11,6,3,1,16.169551188920337,5,4,6,9.856998890814488,1,0,0,1
IAASSE_00978,50,UK,Student,501,11,4,5,1,97.39273051913533,1,1,8,13.360888575481791,1,1,0,0
IAASSE_00979,37,Australia,Software Engineer,106,3,4,1,3,69.23542330446512,3,2,8,5.286860321943589,2,1,0,0
IAASSE_00981,64,USA,Researcher,426,10,8,2,2,71.90313172833687,1,0,7,35.58315082265395,0,1,1,0
IAASSE_00982,18,Germany,Manager,430,8,3,1,5,67.52409696182828,3,2,5,18.89977777363304,1,1,0,0
IAASSE_00983,43,Germany,Student,493,10,7,6,3,99.27909807918834,4,2,4,13.986220538689253,1,0,0,0
IAASSE_00984,31,Canada,Software Engineer,95,4,7,3,5,29.81808559820747,1,0,9,12.343115637290865,1,0,0,1
IAASSE_00985,55,Canada,Student,215,9,4,2,1,26.82602180542818,5,4,7,25.934442179338923,3,1,0,0
IAASSE_00986,54,Canada,Software Engineer,277,8,6,2,2,62.35354596002439,4,4,5,15.852871276858524,2,2,0,1
IAASSE_00987,28,USA,Data Analyst,412,2,6,3,2,46.67356868975519,1,0,8,20.7344239496628,0,0,0,0
IAASSE_00988,53,UK,Software Engineer,727,4,5,3,4,72.57967846806844,4,3,4,16.615829409707445,1,0,0,0
IAASSE_00989,30,USA,Software Engineer,284,9,3,3,4,91.81650962994334,1,0,5,20.71930666842569,3,2,1,1
IAASSE_00990,60,USA,Professor,212,11,4,3,1,37.892185236462645,1,1,8,6.617876566660549,1,0,0,0
IAASSE_00991,20,Brazil,Software Engineer,596,10,6,2,2,49.116225477584194,2,2,7,39.138707193595955,2,1,0,0
IAASSE_00992,50,Australia,Software Engineer,334,10,3,2,2,85.50966672755519,2,1,5,1.3392832769095533,0,0,0,0
IAASSE_00993,23,India,Software Engineer,616,8,3,0,1,97.6160831879479,6,4,8,5.8416710038058595,0,0,2,0
IAASSE_00994,27,UK,Professor,342,9,4,4,3,85.37000936819439,4,3,4,16.61557123492601,0,2,0,1
IAASSE_00995,22,UK,Manager,612,5,6,0,2,62.041292123715195,3,3,6,27.15671228558707,0,0,1,0
IAASSE_00996,40,USA,Data Analyst,598,10,5,3,3,21.707748929546046,2,2,5,7.508969866688538,1,1,0,0
IAASSE_00998,61,USA,Software Engineer,234,8,4,5,3,94.94668319983845,6,4,8,33.29603929036254,3,0,0,1
IAASSE_00999,19,India,Consultant,489,12,3,1,3,51.959800956408664,10,5,6,14.87840015065077,1,0,1,0
IAASSE_01000,30,Germany,Consultant,140,8,5,0,2,63.90015669494728,3,3,6,37.79753750141964,4,1,2,0
IAASSE_01001,57,Australia,Student,714,8,3,2,3,57.582001271170235,5,4,7,10.346862040189851,1,0,1,0
IAASSE_01002,19,Canada,Researcher,396,7,3,1,5,87.66126341621874,2,1,7,15.936686958003541,1,1,0,0
IAASSE_01003,37,Nigeria,Data Analyst,619,6,6,4,3,62.66463047160301,2,2,9,10.656425940926827,0,1,0,0
IAASSE_01004,18,USA,Data Analyst,431,10,8,3,3,56.86131933454108,3,2,4,21.929291544128098,0,0,0,0
IAASSE_01005,54,UK,Data Analyst,593,4,8,1,3,60.47648246072347,1,1,7,28.887168453643426,1,1,0,0
IAASSE_01006,26,UK,Manager,516,7,5,2,2,74.27094578008084,2,0,8,39.45982046026182,0,1,0,0
IAASSE_01007,34,India,Data Analyst,726,7,7,1,4,52.01957224916408,2,0,7,1.719587110276234,1,0,1,1
IAASSE_01008,26,Brazil,Student,601,12,5,3,3,69.41272477867045,1,1,5,21.933415320596442,0,0,1,0
IAASSE_01009,28,USA,Researcher,433,9,3,2,3,19.161515329453138,2,1,4,12.9923159024547,1,0,0,1
IAASSE_01010,32,Nigeria,Student,661,7,5,5,4,89.10502010943566,3,2,5,10.03313394258312,1,2,0,0
IAASSE_01011,41,India,Student,480,8,4,3,1,36.46288185786394,4,2,5,10.80974822492512,0,1,0,0
IAASSE_01012,55,USA,Data Analyst,574,5,4,6,2,84.08411263745583,1,0,8,36.72132156409387,2,0,0,1
IAASSE_01013,52,UK,Data Analyst,367,14,6,0,2,76.84918752565656,1,1,7,9.486045747885473,1,0,0,0
IAASSE_01014,47,Canada,Software Engineer,217,10,6,0,1,57.74911577370603,2,1,11,7.256552542616415,1,1,0,0
IAASSE_01015,48,Brazil,Student,185,6,6,1,1,82.72689737865602,2,2,4,13.484982788834321,2,1,3,0
IAASSE_01018,31,UK,Data Analyst,221,6,3,3,3,41.16020698508596,0,0,9,14.404052629125427,0,0,0,0
IAASSE_01020,26,Canada,Software Engineer,473,2,5,3,2,81.67882784943941,2,0,7,15.73531563569179,2,0,0,0
IAASSE_01021,51,Australia,Researcher,277,6,6,4,3,55.26095706146521,6,4,3,12.834175657015265,0,1,0,0
IAASSE_01022,29,India,Student,505,11,8,0,1,85.7704030293162,3,1,3,12.675786145888765,0,0,1,0
IAASSE_01023,52,India,Student,360,8,3,4,0,80.14548458539261,4,3,8,26.95346897441185,1,0,0,1
IAASSE_01024,52,Nigeria,Consultant,240,6,3,0,1,75.65411270216403,2,1,5,11.110279486756722,0,1,1,0
IAASSE_01025,18,USA,Data Analyst,325,10,4,1,5,84.65722463599342,3,2,7,16.30696867567449,2,1,0,0
IAASSE_01027,39,USA,Consultant,631,12,6,1,4,95.61231713739389,3,3,4,61.56300396374887,4,1,0,0
IAASSE_01028,46,Canada,Researcher,581,4,5,2,2,59.45035262413171,1,1,5,44.30519143540145,2,0,0,0
IAASSE_01029,25,Australia,Data Analyst,378,11,3,2,2,72.10438289703198,2,1,3,16.212463703536645,1,0,1,0
IAASSE_01030,28,Canada,Researcher,190,10,2,4,6,88.41654321856807,4,2,10,6.083942125737028,0,0,0,0
IAASSE_01031,58,Canada,Student,283,5,8,2,2,69.04876322377368,2,2,3,17.816963351503723,0,0,0,0
IAASSE_01032,54,Brazil,Manager,680,7,4,2,1,65.28442716100565,0,0,7,12.31993703112276,1,2,0,0
IAASSE_01033,31,USA,Software Engineer,151,14,3,0,5,95.09359449986987,4,2,7,12.13920328627925,1,1,0,0
IAASSE_01034,47,Germany,Manager,664,11,3,4,3,40.52962614593187,2,2,7,28.83345395521967,3,0,0,1
IAASSE_01036,38,USA,Professor,328,7,6,1,4,89.15731048290372,3,2,6,15.298748570359686,1,1,0,1
IAASSE_01037,54,USA,Professor,441,10,8,2,3,28.66885369995158,2,2,5,11.840234841917782,0,1,1,0
IAASSE_01039,36,Nigeria,Data Analyst,319,9,6,0,3,35.966016505356215,3,2,5,14.471046422769895,1,0,1,0
IAASSE_01040,31,Nigeria,Software Engineer,299,4,4,5,2,20.218449510397676,7,4,10,23.25122226917872,1,2,0,0
IAASSE_01041,43,Brazil,Researcher,694,9,11,4,2,91.15789278052844,3,1,6,14.246346494794368,1,0,0,0
IAASSE_01044,62,Germany,Professor,637,6,9,2,5,89.82669852189301,1,1,5,18.184747352728078,4,0,0,0
IAASSE_01045,59,Canada,Manager,210,7,7,4,2,95.46073477136316,4,2,8,56.80943709271736,2,0,0,1
IAASSE_01046,42,Canada,Freelancer,426,6,6,2,2,59.150415300475736,2,2,8,19.887416597822206,1,0,1,0
IAASSE_01047,35,UK,Consultant,573,8,4,2,7,75.58783510749912,5,4,6,67.6564575346184,1,0,0,1
IAASSE_01048,57,Australia,Data Analyst,556,12,4,1,5,67.0580377993519,4,2,7,16.700815035505702,0,0,0,0
IAASSE_01049,25,Australia,Student,249,7,8,2,1,94.74075680631991,3,2,4,42.16658444068897,1,0,0,0
IAASSE_01050,56,USA,Student,207,5,2,3,1,99.95074419487644,5,2,8,2.3304451503082126,1,0,0,0
IAASSE_01051,57,Canada,Data Analyst,480,11,5,2,6,51.16735050984865,1,1,5,4.538440079392533,1,3,0,0
IAASSE_01052,31,Australia,Researcher,533,11,7,8,4,90.51975281897666,2,1,2,24.790881242427062,1,1,1,1
IAASSE_01053,49,Australia,Manager,662,8,8,1,3,74.8161683527881,4,2,3,18.18509066871457,1,0,0,0
IAASSE_01055,50,India,Researcher,484,7,6,1,3,91.1439945928675,3,3,5,12.504295375828656,0,1,0,0
IAASSE_01056,40,USA,Student,446,10,10,3,2,97.76404920842808,3,2,5,14.315857639120813,0,1,0,0
IAASSE_01057,32,UK,Student,269,3,3,1,4,30.637053280539618,2,2,7,14.508788239008108,0,0,0,0
IAASSE_01058,50,India,Student,191,11,7,4,2,36.35521608202904,3,2,6,16.814633338087305,0,1,0,0
IAASSE_01060,34,UK,Software Engineer,314,10,5,2,1,86.38160805948398,6,5,6,19.689779862273177,1,0,0,0
IAASSE_01061,50,Germany,Student,522,9,3,3,2,63.68025290359307,4,4,8,11.71404097022182,1,0,1,0
IAASSE_01062,64,Australia,Data Analyst,305,8,8,1,3,60.87331940369921,2,0,8,38.23808681234055,0,0,1,0
IAASSE_01063,19,India,Student,558,6,5,2,6,82.7704934961001,5,1,4,26.4879836015108,1,1,0,0
IAASSE_01064,31,India,Researcher,236,8,2,0,2,97.33061165077763,4,4,4,23.445419709055315,1,0,0,0
IAASSE_01065,57,Australia,Software Engineer,383,6,3,1,0,74.03528809457819,3,1,10,7.9938937122318325,0,1,0,0
IAASSE_01066,57,Canada,Software Engineer,292,7,5,5,3,55.437968792831036,1,0,3,26.462017814270816,0,2,0,0
IAASSE_01067,56,USA,Software Engineer,144,6,6,3,5,35.75485563342121,0,0,6,36.619641582922526,1,0,0,0
IAASSE_01068,23,UK,Freelancer,484,11,4,3,1,50.45364604784823,4,2,6,8.31634988289217,1,1,1,1
IAASSE_01069,23,Canada,Data Analyst,621,13,6,0,4,12.853985094134304,3,0,9,19.319753917942073,1,0,0,0
IAASSE_01071,24,Canada,Manager,682,7,4,2,5,64.45460376779793,2,1,6,12.718160726433425,1,0,0,0
IAASSE_01072,25,UK,Software Engineer,425,14,3,2,2,93.13518866080487,3,2,8,20.573119547547684,1,0,2,0
IAASSE_01073,59,USA,Professor,478,6,7,2,4,31.83576243105105,3,1,5,16.904148709556296,0,2,0,0
IAASSE_01074,32,Canada,Data Analyst,426,14,5,1,4,43.575234643346676,3,1,3,14.520386598304022,1,1,1,0
IAASSE_01075,64,UK,Software Engineer,282,5,8,2,1,90.31058432189471,2,1,2,48.48178416739718,1,0,0,0
IAASSE_01076,46,India,Student,567,12,3,2,1,56.014852940962875,5,3,7,16.54855246350983,0,0,0,0
IAASSE_01077,50,USA,Researcher,614,9,4,1,3,67.82315551496902,2,1,8,14.960544298532216,3,1,0,0
IAASSE_01078,47,Australia,Data Analyst,577,9,5,1,9,77.8679056342059,2,1,2,8.238096884842799,2,1,0,0
IAASSE_01079,56,Brazil,Student,695,4,5,0,1,80.06599599581936,4,3,8,11.41451237328348,1,0,1,0
IAASSE_01080,44,USA,Software Engineer,96,11,1,1,0,67.00776863887123,6,2,6,48.400887589857604,3,0,0,0
IAASSE_01081,53,Canada,Software Engineer,288,5,7,4,0,51.664976216856154,6,4,2,18.217393189218864,2,0,0,1
IAASSE_01082,46,USA,Student,554,8,7,0,3,12.259436362787204,5,2,6,9.89603649481931,1,0,1,1
IAASSE_01083,55,Germany,Researcher,177,12,3,3,3,10.946784666015313,1,1,4,39.492359314242826,4,0,0,0
IAASSE_01084,50,Australia,Researcher,644,13,6,2,3,80.35774631233731,3,1,5,13.542947253406197,2,0,0,0
IAASSE_01085,54,Canada,Student,361,6,4,1,2,72.71363107297014,0,0,4,31.29957627205876,0,0,0,0
IAASSE_01086,44,Australia,Software Engineer,210,6,3,3,3,72.87898653636894,5,4,6,16.345970277639445,2,1,1,0
IAASSE_01087,50,Nigeria,Manager,295,10,5,0,3,50.64988536124226,0,0,6,20.097961645723213,0,0,0,0
IAASSE_01088,21,USA,Software Engineer,468,8,6,1,3,81.01793320615084,3,2,9,6.8337559300688895,0,1,0,0
IAASSE_01089,39,USA,Software Engineer,615,1,4,0,4,55.74771043044338,1,1,4,20.86143003452507,0,1,0,0
IAASSE_01090,19,Nigeria,Data Analyst,179,16,5,1,2,53.73537719463486,4,2,6,4.2092328159091155,4,1,1,0
IAASSE_01091,27,Australia,Researcher,307,10,11,2,5,51.487131077084015,3,1,6,13.525697288267223,2,0,1,0
IAASSE_01092,22,Nigeria,Professor,606,4,5,1,4,93.06086949655896,4,3,5,16.521799979387673,1,0,0,0
IAASSE_01093,27,Australia,Researcher,535,7,5,2,6,33.775829738821336,3,3,3,9.508441002696085,0,0,0,0
IAASSE_01094,50,India,Student,146,11,8,2,1,67.85573168885219,5,2,8,26.167285420449147,0,1,2,1
IAASSE_01095,55,Canada,Software Engineer,284,8,6,3,2,68.51991202836808,2,2,6,6.392286150364778,2,0,0,0
IAASSE_01096,30,India,Consultant,669,2,7,0,3,82.50067480954723,3,1,5,32.54910887826692,1,0,0,0
IAASSE_01097,48,Nigeria,Student,517,8,6,2,3,57.55232466207305,2,2,2,17.5780899957389,1,0,0,0
IAASSE_01098,64,Australia,Freelancer,352,8,5,6,4,96.86928113045346,5,2,9,5.010925643678958,1,0,1,1
IAASSE_01099,53,USA,Professor,146,6,4,3,2,55.22623175985968,3,3,8,22.774644208844848,0,0,0,0
IAASSE_01100,62,UK,Student,120,10,7,2,3,80.53523900129328,3,2,4,26.164159985366716,1,0,0,0
IAASSE_01101,41,USA,Professor,586,10,5,2,7,42.764295135659545,3,1,4,15.376326594100735,0,0,0,0
IAASSE_01102,32,USA,Data Analyst,513,8,6,2,6,48.43618875227884,1,0,5,9.746364185241118,0,0,2,0
IAASSE_01103,46,UK,Consultant,372,6,4,1,2,25.599167752625295,2,2,6,60.90956811508193,1,1,1,1
IAASSE_01104,25,Australia,Software Engineer,697,16,6,1,3,34.43410964775908,6,4,6,17.16015859827753,2,1,1,1
IAASSE_01105,22,Australia,Software Engineer,643,8,5,1,1,70.63426062570956,3,2,7,47.253418183969416,2,2,1,0
IAASSE_01106,46,Canada,Researcher,403,7,3,0,6,42.272531165838934,3,2,9,32.762362897780385,1,0,0,0
IAASSE_01107,64,Australia,Manager,665,10,4,2,1,57.12221804570188,2,1,5,24.670525010600976,2,2,0,0
IAASSE_01108,21,USA,Student,117,6,8,1,5,87.8288279441365,2,1,3,12.352616947681161,0,0,1,0
IAASSE_01109,29,USA,Software Engineer,364,14,4,5,1,19.333435943548515,1,1,9,30.697961318099914,2,0,0,0
IAASSE_01110,62,USA,Student,244,10,10,3,2,87.70810977887953,3,1,8,72.55524794454709,2,0,1,0
IAASSE_01112,44,USA,Data Analyst,729,9,10,2,3,40.146825748482826,0,0,6,15.370548095566772,1,2,0,0
IAASSE_01113,48,UK,Software Engineer,410,11,7,2,5,86.43016830436613,3,0,5,21.80159364909388,0,1,0,0
IAASSE_01115,53,India,Student,515,4,3,3,1,94.96886188112671,6,3,7,45.76113475768352,0,1,0,0
IAASSE_01116,43,USA,Student,702,9,4,4,4,51.9902077931657,6,5,5,3.8555309665561,1,0,0,1
IAASSE_01117,60,Germany,Student,471,11,6,3,7,96.55882127402404,3,2,4,12.174035111988996,0,1,0,0
IAASSE_01119,22,India,Freelancer,514,13,5,2,8,95.45192005776825,2,0,3,20.17801126439754,0,1,0,1
IAASSE_01120,37,Brazil,Student,129,6,3,6,4,65.10659758279587,3,2,8,16.978174198897143,2,0,0,0
IAASSE_01121,28,USA,Professor,503,17,5,1,1,96.69711012001521,3,2,3,16.634439286761694,1,1,0,1
IAASSE_01123,57,Nigeria,Researcher,169,10,6,4,6,41.15534277270353,2,0,4,17.502515092767922,1,1,1,0
IAASSE_01124,55,Canada,Researcher,705,4,6,3,4,90.62162877845246,4,2,9,19.74533203493901,0,0,1,0
IAASSE_01126,25,Germany,Student,703,8,1,3,4,19.544205232797697,5,4,5,19.621384224859963,0,1,0,0
IAASSE_01128,64,Brazil,Researcher,713,6,4,3,4,93.56601162127751,9,5,3,16.247149163059813,0,0,0,0
IAASSE_01129,43,Brazil,Software Engineer,552,7,7,0,4,58.09984078677558,1,0,6,7.283685948809271,1,0,0,0
IAASSE_01130,63,India,Consultant,119,12,3,1,4,80.44884275258816,1,0,10,11.205630954179354,0,1,0,0
IAASSE_01131,60,UK,Student,431,7,7,0,4,87.1359775390244,4,2,6,5.851476824813711,2,0,0,0
IAASSE_01132,29,Nigeria,Researcher,236,12,5,2,3,54.873664021985114,3,1,3,8.629304215424794,2,0,0,0
IAASSE_01133,43,USA,Software Engineer,289,6,7,2,2,24.951571101267096,1,1,1,23.379554217156514,2,1,0,1
IAASSE_01134,30,USA,Data Analyst,293,10,6,3,1,75.27900005210391,2,1,5,23.62506771268768,0,0,0,1
IAASSE_01135,57,Nigeria,Data Analyst,161,4,3,0,4,42.40196646744544,2,2,6,18.79360584309991,1,0,0,0
IAASSE_01136,35,UK,Researcher,171,5,7,0,4,69.18563336582794,1,0,7,11.698109122100245,3,1,0,0
IAASSE_01137,42,USA,Consultant,188,9,6,4,1,48.77096286670496,3,1,7,21.208336933352243,2,0,0,0
IAASSE_01138,50,USA,Software Engineer,245,6,6,1,1,78.12582829061428,5,3,6,32.813992850574756,1,0,1,0
IAASSE_01139,64,Nigeria,Consultant,655,5,5,2,5,67.27696832708851,3,2,6,32.22085196628187,2,0,1,0
IAASSE_01140,57,Canada,Software Engineer,345,7,6,2,2,61.58331122666863,4,2,5,24.561060287718025,0,0,0,0
IAASSE_01141,60,Germany,Student,518,6,5,1,0,73.50674412889647,0,0,5,11.465606964600175,0,0,0,0
IAASSE_01142,29,USA,Student,272,6,2,0,1,64.58079533637687,4,2,3,15.96220998642433,1,0,0,0
IAASSE_01143,61,India,Student,193,8,3,2,2,37.53972990856683,2,2,4,2.35071908735406,0,0,0,0
IAASSE_01145,21,UK,Data Analyst,499,10,5,1,7,95.24814549767831,3,1,4,12.57609489091524,2,0,0,0
IAASSE_01146,22,Canada,Researcher,685,9,5,2,5,67.16696678382478,4,2,6,38.97881626425388,3,0,1,0
IAASSE_01147,54,USA,Manager,397,12,4,0,4,78.85145930452599,2,1,6,9.41772320863928,0,0,0,0
IAASSE_01148,25,Brazil,Student,266,6,5,2,3,95.6276688281157,2,1,1,31.15745407295381,1,2,0,0
IAASSE_01149,59,Germany,Data Analyst,661,5,5,1,6,98.91045112827692,0,0,7,16.5123047471466,1,0,0,1
IAASSE_01150,45,Brazil,Data Analyst,722,15,4,0,0,49.752792121614505,3,3,6,7.486392135132247,0,0,0,0
IAASSE_01151,48,UK,Software Engineer,182,3,4,1,2,51.85340889303185,4,2,3,11.620530434133832,2,2,0,1
IAASSE_01152,26,India,Student,335,4,7,2,1,69.40999796196364,2,1,6,14.378075958636153,0,1,0,0
IAASSE_01153,46,India,Student,206,11,8,2,2,55.95918785328288,1,1,3,49.193127842757406,1,0,0,0
IAASSE_01154,31,Germany,Professor,717,9,3,5,1,32.77935722605688,5,3,8,24.751126368940213,1,0,0,0
IAASSE_01155,57,Brazil,Manager,202,10,2,2,1,81.63655580908446,5,4,8,23.82633206737875,1,0,0,0
IAASSE_01156,58,UK,Student,595,12,1,2,2,14.203280875349995,3,2,7,38.35362432762604,0,1,1,0
IAASSE_01157,39,USA,Software Engineer,537,7,10,0,4,37.171530779718545,0,0,9,35.387786057491574,1,0,2,0
IAASSE_01159,40,India,Manager,333,13,5,2,3,69.42734834387073,0,0,8,11.609189246377404,0,0,0,0
IAASSE_01160,18,Australia,Software Engineer,287,7,1,2,4,35.52966759034233,2,1,5,4.799965342158438,1,0,1,0
IAASSE_01161,63,USA,Student,233,7,7,2,2,88.37458220781893,3,2,2,7.400667242684066,0,1,1,0
IAASSE_01162,54,Canada,Manager,645,11,5,1,3,71.08929628502754,2,2,4,40.488916233282254,3,1,0,0
IAASSE_01164,43,Canada,Data Analyst,483,15,4,4,4,61.01607174307788,3,2,3,22.142617389734383,0,1,0,1
IAASSE_01165,63,Germany,Data Analyst,382,8,5,1,4,76.38570798110986,3,0,6,48.442205857077816,0,0,1,0
IAASSE_01166,53,India,Software Engineer,722,4,3,1,2,47.86862901621616,3,2,9,38.030325776772585,1,0,0,0
IAASSE_01167,40,USA,Data Analyst,249,16,4,3,3,83.59990014175142,1,1,7,14.230124889662275,1,0,0,0
IAASSE_01168,18,Canada,Data Analyst,373,11,6,2,4,90.73228766402163,2,1,9,20.587997199047386,1,0,0,0
IAASSE_01169,57,UK,Software Engineer,506,10,3,1,2,69.42787563255683,4,4,5,30.386164054986168,1,1,0,0
IAASSE_01170,32,USA,Student,258,4,4,1,4,60.90570880021594,5,4,2,10.90652909345502,2,1,0,0
IAASSE_01171,38,India,Manager,328,6,4,5,0,43.73166482123948,5,5,9,25.23412536603776,0,1,0,0
IAASSE_01172,64,Nigeria,Student,382,8,3,3,5,71.40495691751624,6,4,10,27.154991280788746,2,0,0,0
IAASSE_01173,26,UK,Student,415,4,6,2,3,89.35215023932005,2,0,7,48.376975676263996,0,0,1,0
IAASSE_01174,26,India,Researcher,717,11,4,1,0,53.53014393557692,6,4,7,10.898045187278832,0,1,0,0
IAASSE_01175,27,Nigeria,Manager,494,12,5,1,3,50.454377286950866,4,1,7,5.002304403979027,0,0,0,0
IAASSE_01176,43,India,Manager,349,3,6,5,1,15.691238588044614,0,0,9,12.042682569777327,0,0,0,0
IAASSE_01177,58,USA,Software Engineer,246,8,4,1,3,65.67543338194646,6,0,2,14.617272742731908,0,0,0,0
IAASSE_01178,52,Brazil,Data Analyst,145,10,4,2,1,59.64641556879279,2,0,3,9.175222585926923,0,1,0,0
IAASSE_01179,42,UK,Manager,128,8,8,1,6,82.18316916128252,6,6,5,12.143891659227005,0,0,0,0
IAASSE_01180,43,UK,Researcher,426,3,2,1,4,62.022825553524186,2,1,7,9.139341072255284,1,0,0,0
IAASSE_01181,28,USA,Data Analyst,567,7,6,0,2,97.21247662212565,3,2,6,77.65607279217059,0,1,0,0
IAASSE_01182,55,Canada,Professor,310,9,5,0,2,67.75929155878293,3,2,9,8.175864693371741,0,2,0,0
IAASSE_01183,19,USA,Student,121,14,5,3,5,15.434663313837838,6,4,3,12.086300264170944,0,0,0,0
IAASSE_01184,24,USA,Freelancer,349,9,7,1,1,71.06578103952175,4,1,7,14.824396790349347,1,0,0,0
IAASSE_01185,35,UK,Consultant,257,15,6,2,7,95.81941775008917,3,2,2,12.357086601324438,0,0,0,0
IAASSE_01187,51,Nigeria,Professor,595,8,6,2,4,42.93494997944938,3,1,8,24.09959040268412,0,0,0,0
IAASSE_01188,44,UK,Manager,185,5,8,3,4,43.96326913204067,4,4,8,14.028972267137238,0,0,1,0
IAASSE_01189,34,Nigeria,Student,151,7,3,3,2,57.550009243385034,4,2,6,25.16568882336369,2,1,0,0
IAASSE_01190,60,Nigeria,Software Engineer,422,9,3,1,3,80.98024047373038,3,2,8,26.568378359073215,1,0,0,0
IAASSE_01191,61,India,Student,672,9,9,1,4,87.88534760432661,4,2,3,6.8788588801126025,1,0,0,0
IAASSE_01192,41,USA,Software Engineer,127,10,6,3,2,40.096759799014286,7,4,6,19.80971097795581,1,1,0,1
IAASSE_01193,42,Germany,Manager,130,3,6,0,1,16.12685948465401,2,2,8,18.204338866517812,1,2,0,0
IAASSE_01194,24,Brazil,Software Engineer,156,5,3,0,5,66.45840514250268,4,2,4,18.887073280211908,0,0,3,0
IAASSE_01195,23,Germany,Data Analyst,403,10,6,2,3,30.648417078407093,2,0,8,12.960203663552779,2,0,1,0
IAASSE_01196,41,UK,Software Engineer,387,16,7,2,8,99.98403500763824,4,2,12,47.65894523973699,4,0,0,0
IAASSE_01198,46,Germany,Student,679,8,1,2,1,69.00894705796597,4,4,11,4.431419774224404,1,1,0,0
IAASSE_01199,60,Canada,Software Engineer,250,10,1,0,2,40.386133349285686,3,2,5,22.64422370738692,2,1,0,0
IAASSE_01200,39,USA,Student,404,2,5,2,5,78.49623504923483,3,3,3,21.356887922719785,1,0,0,1
IAASSE_01201,43,UK,Researcher,257,11,3,0,3,63.99764611792648,2,0,4,25.423091100892748,2,1,1,1
IAASSE_01202,45,India,Student,582,13,1,0,1,67.4944607102786,1,0,7,27.203695560908564,1,0,0,0
IAASSE_01203,38,Nigeria,Researcher,305,7,5,5,2,80.00941327628146,3,1,9,38.09969839783413,1,1,2,0
IAASSE_01204,24,USA,Data Analyst,303,4,11,2,1,44.493155270522315,1,1,6,7.685494533842844,0,0,1,0
IAASSE_01205,34,Brazil,Student,506,6,5,0,2,58.11288488504856,6,4,5,41.11930093869183,0,0,0,0
IAASSE_01206,37,UK,Professor,121,10,9,1,5,84.52431887890491,6,4,5,9.10300120462102,1,1,0,1
IAASSE_01208,37,India,Software Engineer,559,10,6,1,2,62.026747697831595,1,0,7,61.87924145567603,3,0,1,0
IAASSE_01209,39,India,Student,691,7,3,2,2,68.1404907387207,1,1,2,22.39190853288253,2,0,0,0
IAASSE_01210,45,Brazil,Software Engineer,606,9,2,3,2,77.01952789772872,2,0,8,22.47530726653575,0,1,0,0
IAASSE_01211,57,UK,Software Engineer,488,6,6,3,4,76.2579582359917,2,2,5,3.543253039444167,0,0,0,0
IAASSE_01212,24,Nigeria,Data Analyst,616,8,5,3,0,99.16739312047305,1,1,8,20.167223229110192,0,0,0,0
IAASSE_01213,18,USA,Student,606,5,5,2,0,37.87470674094825,4,3,7,4.626058442315503,1,2,0,0
IAASSE_01214,49,Germany,Data Analyst,516,11,7,5,1,71.81548396553559,5,3,6,7.536813102934201,0,2,0,0
IAASSE_01215,30,India,Researcher,341,8,6,2,2,61.33387739798146,3,3,7,3.117358469232606,1,2,0,0
IAASSE_01216,47,Germany,Manager,471,9,6,2,4,66.0882865548332,4,2,6,36.60043057071369,1,0,0,1
IAASSE_01217,40,UK,Software Engineer,147,5,4,1,4,95.70496910589071,0,0,7,36.92279100200723,1,2,0,0
IAASSE_01218,36,Nigeria,Software Engineer,589,7,5,5,4,11.741082081938133,3,2,8,13.148449716194863,2,1,0,0
IAASSE_01219,49,USA,Data Analyst,143,11,3,2,4,72.8845027698052,4,2,7,12.279472250328379,1,0,0,0
IAASSE_01220,47,USA,Data Analyst,617,8,3,0,5,94.88238058376048,1,0,7,19.744914239246814,2,0,0,0
IAASSE_01221,46,Germany,Student,669,8,9,3,1,78.8445216881941,1,0,6,17.83892462639991,0,2,1,0
IAASSE_01222,62,Canada,Data Analyst,693,7,6,1,2,53.008993401660206,4,0,5,11.994872399850982,4,1,0,0
IAASSE_01223,46,India,Data Analyst,173,15,7,1,4,84.06465601752312,2,2,6,51.97012131048767,0,1,0,0
IAASSE_01224,47,UK,Software Engineer,349,14,6,0,2,31.146319729652255,2,2,0,8.897530037141252,1,2,0,0
IAASSE_01225,33,USA,Software Engineer,416,13,6,0,4,95.93848493357979,2,2,4,11.767658119851681,1,0,0,0
IAASSE_01227,36,Australia,Student,587,11,4,0,5,83.25617529292334,6,3,4,7.539215376366809,0,0,0,0
IAASSE_01229,18,India,Manager,439,11,7,2,3,82.1637912713453,7,3,5,42.81233648394288,1,0,1,0
IAASSE_01231,64,Australia,Data Analyst,320,6,6,0,4,72.80888104457979,3,2,11,18.54936321739337,1,0,0,1
IAASSE_01232,19,Canada,Data Analyst,315,6,8,0,3,54.3014120292146,1,0,8,16.363298382222354,0,0,1,0
IAASSE_01233,45,India,Student,609,16,4,2,3,51.8190608077312,1,1,5,18.856543125361647,0,0,0,0
IAASSE_01234,47,India,Data Analyst,121,5,3,0,4,84.42466389975935,4,2,9,12.690096824103271,0,0,1,1
IAASSE_01235,55,Germany,Manager,575,7,5,2,4,70.11398280910936,2,2,5,36.3683362330095,0,1,0,0
IAASSE_01236,21,USA,Student,348,7,7,4,5,91.19225879129893,4,3,6,16.64540061245755,0,2,1,0
IAASSE_01237,18,India,Data Analyst,536,11,2,3,5,34.576367494001666,2,2,9,18.10163172739621,1,1,1,0
IAASSE_01238,25,Germany,Researcher,648,7,3,5,3,16.187917742932733,5,4,9,8.063818616087348,1,0,0,0
IAASSE_01239,46,Germany,Manager,501,10,4,3,5,68.11596636027822,4,2,5,30.6018726058695,0,0,0,1
IAASSE_01240,56,UK,Software Engineer,275,5,10,1,3,97.18949955890483,4,3,4,36.72045322674113,2,1,1,1
IAASSE_01242,49,India,Software Engineer,462,5,6,2,2,41.23170573209148,3,2,7,15.963722435249537,5,0,0,0
IAASSE_01243,27,USA,Student,305,4,1,3,6,37.463463866951905,3,2,7,3.7310726573507234,0,1,0,0
IAASSE_01244,27,Canada,Software Engineer,208,8,7,1,0,95.88657060631193,1,1,6,21.60417000190193,0,0,2,1
IAASSE_01245,36,Nigeria,Software Engineer,509,15,4,0,7,58.4121022015084,2,2,4,15.213342119108797,2,1,0,0
IAASSE_01246,63,USA,Professor,677,8,3,4,1,72.47862804231042,1,1,5,25.778671697730246,1,0,0,0
IAASSE_01247,51,Brazil,Student,722,11,2,0,5,55.78921720805431,4,3,4,26.245399135233704,0,1,0,0
IAASSE_01248,50,Germany,Software Engineer,655,8,5,2,3,93.95493190865184,1,0,6,24.357135033364802,1,0,0,0
IAASSE_01249,40,Germany,Data Analyst,491,4,2,0,5,82.86096452385398,5,1,5,17.158700771764877,0,0,0,0
IAASSE_01250,45,UK,Software Engineer,591,7,6,5,1,83.31670319378341,2,2,4,17.203413666197637,0,1,0,0
IAASSE_01251,49,USA,Student,566,5,3,1,3,57.45118749166775,2,1,8,18.354580859543773,2,1,0,0
IAASSE_01253,46,UK,Manager,484,9,4,0,2,63.01271420585246,7,5,6,57.301957516651605,0,2,0,0
IAASSE_01254,25,India,Software Engineer,494,10,4,0,2,14.865984023389572,1,0,4,20.042962636818636,2,0,0,0
IAASSE_01255,18,UK,Software Engineer,452,6,3,2,3,48.496494611389025,6,6,6,25.65399898783321,1,0,0,0
IAASSE_01256,20,USA,Data Analyst,346,13,3,1,2,96.34992003763718,2,1,6,12.813245732504617,1,0,0,0
IAASSE_01257,41,USA,Data Analyst,537,11,5,1,7,67.03100979726997,1,0,10,3.8913908689436165,0,1,1,1
IAASSE_01258,40,Australia,Software Engineer,618,3,2,2,3,96.07285815541778,4,2,8,15.69515888763776,0,2,2,1
IAASSE_01259,25,Brazil,Consultant,122,14,5,1,4,87.66986663074708,1,1,9,16.240041005147216,2,1,0,0
IAASSE_01261,54,UK,Software Engineer,275,8,5,2,3,80.44120867271222,8,4,3,10.789770948236452,2,0,0,0
IAASSE_01262,20,UK,Software Engineer,643,10,1,3,3,15.522046656756169,2,0,4,17.648727665577365,0,0,0,0
IAASSE_01263,50,Australia,Consultant,122,3,11,3,4,29.165715765233628,2,1,3,67.52202658453265,1,1,0,1
IAASSE_01264,45,Canada,Software Engineer,692,8,6,4,3,98.4123830357637,2,1,6,6.06852608895219,0,2,1,0
IAASSE_01265,64,Nigeria,Software Engineer,699,5,5,3,5,82.10786964862938,7,5,3,25.75212464316403,0,0,3,1
IAASSE_01266,25,Canada,Data Analyst,675,8,4,0,4,56.819164945083735,2,0,3,35.030206381538356,1,0,1,1
IAASSE_01267,51,Canada,Manager,170,10,2,1,3,65.0931154365456,4,2,7,29.585400588998894,0,2,0,0
IAASSE_01268,52,USA,Software Engineer,589,1,8,2,3,27.837668072174793,4,1,4,17.80481863642593,5,0,0,0
IAASSE_01269,49,Brazil,Manager,228,6,7,2,3,22.595542979620884,4,2,4,20.203970287410392,0,1,0,0
IAASSE_01270,41,USA,Manager,132,10,2,1,7,87.72716741287967,2,2,4,17.37354533275144,1,0,0,1
IAASSE_01271,31,USA,Data Analyst,663,7,4,0,5,60.426359242478746,0,0,7,20.6866989059121,0,0,0,0
IAASSE_01272,49,Germany,Researcher,182,8,10,0,1,34.02858744874606,7,6,3,10.228618531068845,0,0,0,0
IAASSE_01273,63,Australia,Manager,670,7,6,1,3,29.434797414138014,1,1,8,13.923191851609678,0,1,0,0
IAASSE_01274,60,Canada,Data Analyst,700,11,6,3,4,99.04583416083454,4,3,6,11.226665622140196,0,0,0,1
IAASSE_01275,33,Canada,Student,381,9,4,3,7,83.83268010769265,3,2,1,23.69967347997241,1,1,0,0
IAASSE_01276,21,India,Student,504,4,10,1,2,43.70300681920488,7,4,10,14.388878820170511,4,2,0,0
IAASSE_01277,54,USA,Software Engineer,91,9,5,3,1,87.82315414819172,2,2,3,16.943132624541583,0,1,0,1
IAASSE_01278,38,India,Data Analyst,389,5,4,3,3,73.79549155715543,3,2,5,20.87492598326985,2,0,0,0
IAASSE_01279,31,Germany,Software Engineer,639,11,2,3,2,49.44829245856202,3,3,4,7.2706587455548295,0,3,1,0
IAASSE_01280,48,Canada,Student,647,6,2,2,2,99.6138167130474,0,0,6,22.077538417676898,1,0,0,0
IAASSE_01281,35,Canada,Consultant,469,11,7,3,7,99.99670516907611,2,1,6,23.67113984438882,1,0,1,1
IAASSE_01282,24,UK,Data Analyst,457,10,5,2,0,50.87693449962922,6,2,7,20.83479502013489,0,1,0,0
IAASSE_01283,27,India,Data Analyst,524,5,4,3,3,74.61515555971394,2,1,8,19.771640692233028,1,2,0,0
IAASSE_01284,24,Canada,Software Engineer,701,3,4,2,6,62.38587479155074,3,2,7,49.5584940247967,0,0,0,0
IAASSE_01285,50,UK,Software Engineer,556,7,2,4,1,19.841083355123338,2,1,6,9.20499178751119,0,0,1,0
IAASSE_01286,40,Australia,Data Analyst,122,9,1,1,2,63.112421363670244,0,0,7,19.564321150636182,0,1,2,0
IAASSE_01287,38,Brazil,Data Analyst,620,9,3,0,2,14.347760647240754,4,3,8,38.687270465800914,1,0,0,0
IAASSE_01289,36,Nigeria,Researcher,224,5,6,2,4,95.7521376679817,3,2,5,36.971080809557954,0,1,1,0
IAASSE_01290,53,UK,Manager,725,12,5,1,4,85.53183538648855,1,1,3,19.396602867691918,1,1,2,1
IAASSE_01291,46,USA,Software Engineer,596,8,6,1,3,84.05079346366854,2,1,2,10.50622908631938,1,2,2,0
IAASSE_01292,35,USA,Researcher,410,10,7,3,3,39.34970771317,2,1,8,19.591898987203535,0,1,0,0
IAASSE_01293,19,Canada,Manager,573,8,6,3,1,98.30971460149625,0,0,9,23.67848615927199,1,1,1,1
IAASSE_01294,18,USA,Student,310,14,8,1,3,56.92225643127643,1,0,7,9.61922189173434,2,0,1,0
IAASSE_01295,64,USA,Freelancer,473,7,7,2,2,94.05155329826597,2,0,6,11.450625666461375,0,0,1,1
IAASSE_01296,22,Nigeria,Consultant,94,4,10,1,2,21.68467204309375,1,1,9,13.154648538146578,3,0,0,0
IAASSE_01298,28,India,Student,314,10,3,0,3,14.611905892799303,2,2,10,18.123645577170898,1,0,1,1
IAASSE_01299,59,USA,Student,440,4,3,1,1,45.074151022504154,3,2,3,16.74765372139243,0,0,0,0
IAASSE_01300,19,USA,Student,170,7,4,4,3,49.251745699158114,1,0,12,8.33505180350469,0,1,0,0
IAASSE_01301,20,USA,Manager,245,9,3,2,1,19.087082359198533,1,1,5,60.041735284375754,0,0,0,0
IAASSE_01302,40,India,Software Engineer,323,6,4,5,3,25.822519631904573,3,2,6,12.326326465890903,0,0,1,0
IAASSE_01303,29,Nigeria,Manager,662,9,5,3,2,60.41900668449889,2,1,4,9.586881506285362,2,1,0,0
IAASSE_01304,37,Canada,Manager,341,12,6,2,1,25.486055960854742,4,2,6,19.830356772717316,0,0,1,0
IAASSE_01307,55,UK,Student,181,10,4,1,5,20.984206243125293,4,2,5,14.657513781437927,0,0,1,0
IAASSE_01308,47,UK,Data Analyst,345,9,4,1,2,50.89680548556099,2,1,5,31.784109923523612,0,0,1,1
IAASSE_01309,26,Germany,Researcher,254,11,7,1,3,50.98826088357858,2,1,6,3.5498195427993706,2,0,0,0
IAASSE_01310,51,Germany,Student,199,10,2,3,1,37.78018134383217,4,3,6,16.836404452288633,1,0,1,0
IAASSE_01311,61,USA,Student,425,9,3,2,3,85.14736296943126,5,3,6,15.97682509002472,1,0,0,0
IAASSE_01312,52,USA,Consultant,331,7,2,7,4,93.72152210449343,6,4,5,18.925596095641495,1,2,0,0
IAASSE_01313,39,Brazil,Researcher,312,7,7,3,2,56.702688258129044,4,1,5,17.815065919556353,2,0,0,0
IAASSE_01314,61,USA,Data Analyst,210,10,6,3,9,73.73878829925391,2,1,6,20.688304818867877,1,0,0,1
IAASSE_01315,41,USA,Researcher,129,8,8,2,2,21.48275152836014,5,2,6,23.558643251121154,1,0,1,0
IAASSE_01316,34,USA,Manager,576,5,8,0,4,83.15259783220483,2,2,4,8.874092007299716,0,1,0,0
IAASSE_01317,27,USA,Data Analyst,453,5,2,4,5,15.124806641441404,1,0,5,59.49274186884978,0,0,0,0
IAASSE_01318,47,UK,Student,719,7,8,1,3,67.2489112165218,2,1,8,9.410272064156807,0,1,0,0
IAASSE_01319,63,India,Professor,497,7,4,5,1,95.78045125497245,7,5,4,30.433061096007847,1,0,0,1
IAASSE_01320,40,UK,Data Analyst,439,6,5,2,1,60.051302643432855,6,2,5,11.435698295717591,0,1,0,0
IAASSE_01321,49,Canada,Student,630,11,4,0,4,63.17696872648456,4,1,3,26.578738878260822,0,2,1,0
IAASSE_01322,34,Germany,Software Engineer,134,10,2,6,6,47.712256543375915,2,2,4,8.166346866995823,1,1,0,0
IAASSE_01323,34,Canada,Manager,554,7,9,3,5,82.10309742923455,0,0,4,0.6677095223454073,0,0,1,0
IAASSE_01325,26,Nigeria,Data Analyst,511,7,3,3,2,91.69523453946218,4,2,5,11.338808140121836,1,0,0,0
IAASSE_01326,57,USA,Data Analyst,121,8,2,1,2,95.83319366222787,2,1,4,38.490837907271846,2,0,0,0
IAASSE_01327,19,India,Freelancer,422,9,6,1,4,85.40774387623341,5,1,3,19.552569550996843,0,0,0,0
IAASSE_01328,62,Canada,Student,229,5,3,2,6,88.6045578122338,5,3,10,24.691570717681508,1,0,0,0
IAASSE_01329,42,Brazil,Software Engineer,642,10,5,1,4,76.10329541181017,2,1,4,12.736567081660146,1,1,0,0
IAASSE_01330,56,Canada,Professor,509,9,6,1,1,25.96591814501743,4,3,7,26.53485390435291,1,0,1,0
IAASSE_01331,26,Brazil,Student,678,13,7,4,3,43.634083491837714,2,1,9,28.164009266390618,1,0,1,1
IAASSE_01332,39,India,Freelancer,102,6,6,1,3,29.966613180894047,4,4,5,31.561809349660187,1,0,0,1
IAASSE_01333,60,USA,Professor,113,7,3,3,0,22.760328322215827,5,4,8,19.72977440234866,1,0,0,0
IAASSE_01334,63,Australia,Consultant,638,6,7,1,2,91.10101659462771,3,1,6,23.378497931060945,1,0,1,1
IAASSE_01335,21,Brazil,Data Analyst,619,8,6,1,3,55.52938844440022,5,2,1,40.9342880523269,1,2,0,0
IAASSE_01336,43,Nigeria,Researcher,621,12,7,0,3,92.83759954410594,3,2,6,22.63175243831913,1,1,0,0
IAASSE_01337,46,USA,Manager,684,8,7,1,3,42.04388254322713,1,0,4,38.52077307961896,1,1,1,0
IAASSE_01338,62,Germany,Freelancer,704,14,5,1,3,84.90557003302041,5,5,3,12.751104392961391,1,2,1,0
IAASSE_01340,40,USA,Manager,499,5,3,3,5,86.8377949804614,7,4,10,49.387993057049954,2,1,0,0
IAASSE_01342,28,USA,Student,185,8,3,3,8,56.66305718559003,3,0,8,37.48511925709512,0,0,1,0
IAASSE_01343,23,India,Software Engineer,449,11,9,1,4,90.97632495155801,8,3,4,17.947290003046238,0,0,0,0
IAASSE_01344,35,UK,Manager,555,12,6,2,2,16.727679322967436,3,3,3,6.776444803759994,1,1,0,0
IAASSE_01345,38,India,Software Engineer,207,11,5,1,2,80.0412459146741,3,2,9,14.421488103221742,2,0,0,1
IAASSE_01347,53,UK,Freelancer,686,8,3,1,2,80.93930709576146,2,2,4,6.201277961877663,1,0,1,0
IAASSE_01348,58,USA,Software Engineer,269,8,5,2,3,44.26433494685188,1,1,0,40.92373107461674,0,0,1,0
IAASSE_01349,55,USA,Researcher,139,10,7,4,0,94.03013612944355,5,0,6,10.204113485111417,0,0,1,0
IAASSE_01350,51,USA,Data Analyst,350,8,2,3,0,48.15411400690029,6,4,7,24.27713674799775,1,0,0,0
IAASSE_01351,34,USA,Software Engineer,182,6,7,1,1,79.74137095545866,3,1,9,18.690050083111114,3,0,0,0
IAASSE_01352,54,Australia,Researcher,397,9,2,1,3,64.04791305843372,3,2,4,18.271323853428413,2,0,0,0
IAASSE_01354,55,Canada,Software Engineer,207,6,1,1,0,6.3644832497806085,1,0,6,9.637965982505023,3,0,0,0
IAASSE_01356,40,Nigeria,Student,220,5,3,4,2,51.73333364375665,5,5,9,6.597879020571056,2,0,1,1
IAASSE_01357,59,Nigeria,Data Analyst,313,8,11,0,5,82.58920227808481,4,3,7,34.668372100528664,1,0,0,0
IAASSE_01358,39,Canada,Software Engineer,550,9,2,0,4,77.18701680366638,3,3,8,57.01763175925819,0,1,0,0
IAASSE_01359,38,UK,Student,566,10,9,2,3,93.13524549879166,1,1,11,28.790801880947612,1,1,0,1
IAASSE_01360,44,USA,Data Analyst,333,7,2,1,3,53.99759457522249,1,1,8,5.712118950894707,0,0,0,0
IAASSE_01361,48,Brazil,Software Engineer,205,9,5,1,5,96.17567845744797,2,2,8,26.01869729990684,0,0,0,0
IAASSE_01362,23,USA,Student,607,6,5,3,2,81.22372250639032,2,2,9,12.011601522637342,1,1,0,1
IAASSE_01363,44,UK,Data Analyst,115,6,4,4,5,29.32913458416045,4,4,3,28.437646650217232,3,0,1,1
IAASSE_01364,57,UK,Software Engineer,297,11,3,0,3,47.61298297110361,3,2,9,25.220735677052293,1,0,1,1
IAASSE_01365,51,UK,Software Engineer,114,9,3,3,3,91.93093818347774,4,2,5,2.276854131095187,1,2,0,0
IAASSE_01366,29,USA,Professor,414,6,6,1,2,60.19256227805987,5,4,6,8.84189311388042,1,1,0,0
IAASSE_01367,62,India,Researcher,558,7,3,1,5,59.65154818459122,3,3,7,4.985991851279861,2,1,0,0
IAASSE_01369,27,Germany,Professor,118,6,4,2,2,98.96107097597114,1,0,3,2.0716447713142863,0,1,0,0
IAASSE_01370,62,USA,Manager,301,10,8,3,1,41.055095204125976,2,1,8,35.96701406269282,2,1,1,0
IAASSE_01371,34,USA,Data Analyst,586,11,3,3,3,93.55725397000249,5,4,6,26.3106436552898,4,1,1,1
IAASSE_01372,43,Nigeria,Student,195,8,5,2,2,89.64914212213844,7,1,5,8.94861575793023,1,0,0,0
IAASSE_01373,38,USA,Researcher,727,6,4,2,3,47.849964841171214,2,2,3,9.615234544939623,1,1,0,0
IAASSE_01375,63,Australia,Manager,580,5,5,0,3,80.92300177058694,5,3,3,23.521458178920906,1,0,0,0
IAASSE_01376,19,USA,Manager,471,7,4,4,2,53.8881411033219,4,2,4,42.032196002369055,0,0,0,1
IAASSE_01377,60,Brazil,Researcher,264,13,7,2,5,79.50949110550162,0,0,9,4.700227605499635,1,0,0,0
IAASSE_01378,18,USA,Freelancer,652,11,7,1,7,93.68826111730655,6,4,5,24.174836383165168,1,1,0,0
IAASSE_01379,53,Nigeria,Software Engineer,640,11,6,3,3,89.07250360863934,5,3,7,46.960284607496874,2,1,1,0
IAASSE_01380,43,USA,Student,337,7,6,2,2,98.5919590096568,1,1,9,41.29748586096589,4,1,0,0
IAASSE_01381,46,Nigeria,Consultant,507,5,6,3,6,23.009895492564354,2,1,3,21.024965913971606,2,0,0,0
IAASSE_01382,38,USA,Data Analyst,689,5,3,1,3,44.17502539576509,3,2,10,31.51659753812855,0,0,0,0
IAASSE_01383,28,Canada,Manager,216,7,10,3,1,67.6199926423478,1,0,8,15.638009014513193,3,1,2,0
IAASSE_01384,57,India,Freelancer,95,6,4,1,2,78.93492659306334,1,1,8,4.2992374498661325,1,1,0,0
IAASSE_01385,28,Brazil,Researcher,685,9,8,3,2,64.63668884473108,2,0,9,19.918094656486183,0,0,1,0
IAASSE_01387,56,India,Software Engineer,244,4,6,2,4,50.441524216955315,4,2,6,24.459832889762477,1,1,0,0
IAASSE_01388,57,Nigeria,Data Analyst,342,8,6,2,3,95.54452412541434,5,2,9,36.35755803188554,1,0,0,0
IAASSE_01390,51,UK,Researcher,559,9,5,3,4,42.45252741465036,5,4,2,13.767963267663259,0,1,0,1
IAASSE_01391,64,UK,Manager,506,6,4,0,4,41.625511650273886,5,5,6,19.15872109254464,0,2,0,1
IAASSE_01392,41,UK,Researcher,547,8,6,1,4,82.78693319479432,2,0,8,3.2245046999778273,0,0,1,0
IAASSE_01393,39,UK,Student,475,7,5,2,1,39.55649547761125,5,1,5,30.20819391886629,1,1,0,0
IAASSE_01394,22,Australia,Software Engineer,598,17,1,4,2,43.01215322094588,4,2,7,13.951332853518286,1,0,0,0
IAASSE_01396,53,Germany,Software Engineer,118,5,4,2,5,70.20271991600298,4,2,8,28.054474302973645,0,0,0,0
IAASSE_01397,64,USA,Software Engineer,307,7,3,4,1,89.14291630528166,3,3,7,12.600254329857883,0,1,1,1
IAASSE_01398,37,UK,Manager,96,14,8,0,1,34.32635994825184,2,1,5,15.59266153593002,1,1,1,0
IAASSE_01399,36,Canada,Researcher,235,10,11,3,5,54.03615308630725,6,1,5,6.1748024621207165,0,0,0,0
IAASSE_01400,52,India,Software Engineer,156,11,5,1,4,43.959195621891105,2,1,5,9.742352066484095,0,1,0,0
IAASSE_01401,60,India,Consultant,144,12,4,3,2,69.93103531018596,3,2,6,8.982945732689279,2,2,0,1
IAASSE_01402,34,Germany,Student,141,16,4,3,4,80.57507320228619,5,3,7,47.68315521075283,0,1,0,0
IAASSE_01403,62,USA,Freelancer,463,6,7,2,5,96.81164002795383,1,1,5,26.653693967323516,1,0,0,0
IAASSE_01404,60,Australia,Student,607,7,4,4,6,56.560267258297806,2,1,9,3.656899834113368,0,2,1,0
IAASSE_01405,51,USA,Student,500,5,5,2,4,87.04014923603029,5,3,7,19.9228236877249,0,0,0,0
IAASSE_01406,26,UK,Consultant,533,8,4,2,7,47.89165402454476,5,3,4,32.13466210791858,2,0,0,0
IAASSE_01407,43,Canada,Data Analyst,339,11,11,2,4,40.4430906586001,5,2,7,14.131864668780933,0,0,0,1
IAASSE_01408,19,USA,Manager,368,3,7,1,1,25.69455156715349,2,1,5,22.250637228336334,0,0,0,0
IAASSE_01409,26,UK,Manager,180,9,8,0,2,94.39870239956551,2,2,9,20.37789496303617,0,0,0,0
IAASSE_01410,26,Brazil,Consultant,608,7,8,0,5,88.6682525012999,6,1,8,3.3417369758494293,0,2,0,0
IAASSE_01411,57,Brazil,Freelancer,219,10,2,3,3,34.26935886537329,1,1,5,25.41806043684084,1,0,0,0
IAASSE_01412,34,UK,Data Analyst,349,11,3,0,4,99.99947282016224,4,3,4,10.19664269407604,2,0,0,0
IAASSE_01415,60,UK,Software Engineer,684,5,5,3,4,73.28790943455462,4,2,6,25.977327884937054,3,1,0,0
IAASSE_01416,57,Brazil,Consultant,530,8,4,2,5,53.798734587127214,3,2,9,19.519113521053608,0,0,0,0
IAASSE_01417,59,USA,Data Analyst,222,11,9,2,5,70.77913362347165,3,2,6,34.181457327873765,0,0,0,1
IAASSE_01418,42,India,Software Engineer,595,10,9,3,7,93.08827531715393,0,0,4,10.39027799981107,4,0,0,0
IAASSE_01419,56,USA,Software Engineer,630,7,6,1,4,30.966163388837824,1,1,5,24.624738060516638,0,2,0,0
IAASSE_01420,52,Brazil,Researcher,584,15,5,3,3,96.88686390711622,5,3,4,6.889213289426198,0,2,1,0
IAASSE_01421,20,UK,Freelancer,700,4,6,1,5,43.36636193859695,3,2,3,20.195850366258256,0,0,0,0
IAASSE_01422,54,India,Student,429,8,7,0,1,13.20445038204866,2,1,8,42.748406888495786,1,1,0,0
IAASSE_01423,61,UK,Software Engineer,722,8,11,1,5,86.0951781221501,4,4,4,41.39044988906532,2,0,0,1
IAASSE_01424,61,Germany,Consultant,429,7,5,3,2,89.01477996734593,2,2,9,2.571060915037969,1,1,0,0
IAASSE_01425,47,USA,Software Engineer,377,8,8,3,4,70.345012405924,3,2,5,23.738107081388375,1,0,0,1
IAASSE_01426,55,USA,Student,212,10,3,2,1,46.75184335010205,3,2,3,40.03421428387452,0,0,0,0
IAASSE_01427,51,Brazil,Software Engineer,292,4,2,1,1,85.96523171744492,2,1,10,13.83178050476874,2,0,0,0
IAASSE_01428,29,Nigeria,Data Analyst,111,7,4,5,1,90.06101871201825,3,2,7,7.218045363367731,2,1,0,0
IAASSE_01429,36,Nigeria,Student,694,12,5,1,2,94.49776299083172,2,2,8,3.7757707440642454,2,0,0,0
IAASSE_01430,54,Germany,Consultant,729,11,4,1,6,54.76531699652962,2,1,4,19.91594024812817,3,0,0,0
IAASSE_01431,61,India,Software Engineer,549,8,4,2,4,74.81374375992505,7,5,9,30.539541433075485,0,0,0,0
IAASSE_01432,34,USA,Professor,248,12,2,2,2,75.02771563083574,1,0,5,16.714775063759983,0,1,1,0
IAASSE_01433,27,UK,Manager,497,5,5,1,6,99.10645885542925,4,1,4,8.96165490859482,2,1,0,1
IAASSE_01434,64,UK,Researcher,671,5,11,2,1,26.488438283698656,3,1,5,26.0028472993079,1,0,1,0
IAASSE_01435,29,Germany,Student,714,8,7,2,1,25.044935545044893,4,4,9,18.482788850421407,1,0,0,0
IAASSE_01436,33,UK,Software Engineer,504,4,2,3,3,66.43864052198148,2,1,4,18.070475615867764,2,0,0,0
IAASSE_01437,41,USA,Student,441,10,7,3,2,46.717733000509305,3,1,9,10.4217424800255,0,0,0,0
IAASSE_01438,36,Australia,Professor,490,12,6,1,5,85.44565570135192,2,0,6,12.078625256041873,2,1,0,0
IAASSE_01439,25,India,Student,453,10,6,1,5,59.96605266414655,3,2,7,10.669155610533117,2,0,0,0
IAASSE_01440,48,UK,Data Analyst,390,13,11,1,1,51.81511248293867,2,2,8,36.13367737575709,1,0,0,1
IAASSE_01441,38,USA,Software Engineer,516,10,4,1,2,85.2188369866079,2,1,7,13.426154053338674,1,0,0,1
IAASSE_01442,34,USA,Data Analyst,176,6,3,2,5,87.7849119120042,2,1,8,61.392164240455514,1,0,1,1
IAASSE_01443,40,USA,Data Analyst,329,6,4,6,2,88.31868092420272,3,2,8,7.738311825556572,2,0,1,1
IAASSE_01444,54,UK,Software Engineer,480,8,1,0,2,98.7741170337836,1,0,7,14.351718085132122,0,1,0,0
IAASSE_01445,33,Germany,Student,238,4,6,0,1,71.51381007408314,3,2,7,53.272452153231235,0,2,0,0
IAASSE_01446,23,Australia,Student,702,13,4,2,4,69.04186322687484,3,3,5,13.278851338739353,2,0,0,0
IAASSE_01447,25,Germany,Data Analyst,365,8,3,3,4,65.99966874761742,1,1,3,5.8221879672216215,1,0,0,0
IAASSE_01448,42,UK,Manager,281,5,7,2,5,83.25583809049503,5,2,11,19.35540175012949,1,0,0,1
IAASSE_01450,42,USA,Software Engineer,183,8,4,5,2,41.14064341546943,2,1,5,14.583049218921975,0,0,1,0
IAASSE_01452,32,India,Data Analyst,716,15,0,2,3,62.12968145992922,3,3,7,17.37690785874076,0,0,0,0
IAASSE_01454,58,USA,Student,669,9,4,0,3,77.42151427555098,4,1,8,19.153033338306813,2,1,0,0
IAASSE_01455,62,Nigeria,Researcher,485,12,2,2,3,89.43186520242288,3,2,7,55.43463495806797,0,2,1,0
IAASSE_01456,43,UK,Consultant,274,6,5,1,7,87.59415527456696,3,3,6,9.122965511730701,1,1,0,1
IAASSE_01457,64,Germany,Manager,603,12,4,2,1,32.47396154084063,3,2,5,33.09085214255563,0,1,0,0
IAASSE_01459,27,Germany,Data Analyst,139,8,4,2,5,26.88118190265165,2,1,3,11.16052681947208,0,2,0,0
IAASSE_01460,33,UK,Researcher,372,7,4,4,0,62.93576345213678,5,3,7,6.324436455208308,1,0,0,0
IAASSE_01462,34,Australia,Manager,334,15,2,2,1,76.64502523302245,2,2,3,3.5391647753179205,0,0,0,0
IAASSE_01463,40,USA,Researcher,104,3,5,3,3,38.79851780968615,3,2,8,56.47123107745248,3,0,0,0
IAASSE_01464,43,UK,Manager,591,7,2,2,3,73.03005946410993,5,0,5,4.8015870737571005,0,1,0,0
IAASSE_01465,38,USA,Student,333,5,6,3,4,77.9400999007652,1,0,9,16.33918446126048,0,3,0,0
IAASSE_01466,39,USA,Researcher,548,5,1,1,4,58.35861799348254,0,0,5,14.874096699134585,1,0,0,0
IAASSE_01467,24,UK,Researcher,131,7,1,2,3,80.10131980130843,1,0,4,19.78204943949271,0,1,0,0
IAASSE_01468,31,USA,Consultant,216,4,2,2,1,74.97871721764422,2,2,5,14.77907883387553,1,0,0,0
IAASSE_01469,32,Nigeria,Student,139,11,5,3,2,97.55814380628361,2,1,10,31.010913073786355,1,1,0,1
IAASSE_01470,24,USA,Student,509,6,5,4,2,90.38477629789507,4,2,5,19.414090566393064,1,0,2,0
IAASSE_01471,26,Canada,Data Analyst,163,4,9,1,4,76.88708506137942,2,1,7,15.013466487343843,1,2,2,1
IAASSE_01472,25,USA,Student,565,9,2,2,3,91.01699983078578,3,3,9,9.310533849724582,1,0,1,0
IAASSE_01473,40,UK,Software Engineer,388,6,3,3,4,99.6097590809085,4,1,8,11.300295237352607,0,0,1,0
IAASSE_01475,35,USA,Software Engineer,601,7,8,2,5,61.600883787744934,4,3,13,9.213892423742799,1,0,0,1
IAASSE_01476,48,Brazil,Consultant,425,6,6,2,0,90.90675822524464,8,5,8,8.147267116096634,3,0,1,0
IAASSE_01477,47,USA,Student,478,3,5,3,4,48.803813911513345,3,1,7,7.284047142968325,1,2,0,0
IAASSE_01478,56,India,Student,240,9,3,1,3,56.17625665094042,4,0,6,16.570982414178292,0,0,2,0
IAASSE_01479,52,Australia,Student,578,10,7,4,7,62.007880446423016,4,1,8,3.0732180268938496,0,0,0,0
IAASSE_01480,35,Nigeria,Data Analyst,460,10,3,4,5,92.51575750997962,4,2,2,11.028719341051668,0,1,2,1
IAASSE_01481,59,Australia,Professor,706,8,4,1,3,32.8081284444485,0,0,7,30.641077049038895,1,0,1,0
IAASSE_01482,56,Australia,Student,576,9,5,4,4,58.00656143308177,2,2,5,26.75062784882602,0,0,0,0
IAASSE_01483,34,USA,Researcher,168,5,1,3,5,31.635675890366095,2,2,7,37.52932134402991,1,1,0,1
IAASSE_01484,31,USA,Software Engineer,307,3,3,3,3,47.80927689907212,4,4,6,13.635017634416338,0,1,0,0
IAASSE_01485,48,Nigeria,Professor,312,12,3,3,1,83.4126509703717,2,1,6,20.752725174856646,0,0,0,0
IAASSE_01487,52,UK,Data Analyst,277,12,4,0,3,40.650181840485274,3,2,7,22.121325308389814,0,0,1,0
IAASSE_01488,61,India,Student,427,8,4,1,1,36.10626306786398,4,3,5,30.136505219288033,1,1,0,0
IAASSE_01489,62,UK,Software Engineer,149,3,4,1,3,70.98021807007787,3,3,9,71.62210363343006,1,1,0,0
IAASSE_01490,51,Brazil,Data Analyst,706,6,4,3,3,76.58026527307382,4,2,7,12.802254775919021,2,0,0,0
IAASSE_01491,20,India,Consultant,698,14,4,1,3,99.9649773813662,3,2,7,19.84038797455535,1,0,1,0
IAASSE_01492,54,Australia,Researcher,541,12,5,2,2,96.7296450099278,3,1,8,34.50684564067041,3,0,0,0
IAASSE_01494,57,USA,Software Engineer,113,11,5,4,3,69.36832795231312,4,1,5,13.939381781750601,0,2,0,0
IAASSE_01495,43,UK,Student,303,9,0,6,2,71.00157785026244,5,3,6,11.636718595557893,0,0,0,0
IAASSE_01496,40,Canada,Software Engineer,103,9,8,1,2,69.50619256467553,1,1,9,21.73776877396168,1,2,1,0
IAASSE_01497,61,USA,Freelancer,287,14,4,0,4,90.2768500324326,2,0,4,17.339709938807427,0,0,0,0
IAASSE_01498,56,India,Consultant,116,5,4,2,4,78.58359515473067,5,4,5,18.138278461646284,0,0,2,0
IAASSE_01499,32,Nigeria,Consultant,555,5,1,1,3,91.14673984131055,1,1,4,6.944605697510915,1,0,0,0
IAASSE_01500,21,Canada,Consultant,558,9,4,2,4,53.079695988324815,4,1,7,7.130223479470744,0,0,0,0
IAASSE_01501,46,UK,Student,603,9,2,2,4,64.36509989083403,2,1,8,12.48081451679123,2,3,0,1
IAASSE_01502,39,Brazil,Data Analyst,194,6,6,3,3,98.36473256298265,4,2,5,48.08165274032141,0,0,0,1
IAASSE_01503,42,Canada,Student,494,12,2,2,2,39.367231996534386,3,2,7,16.310572889552265,1,0,1,0
IAASSE_01504,30,Canada,Data Analyst,360,5,7,1,3,84.75243430380526,3,2,4,12.167813267523325,0,0,1,1
IAASSE_01506,50,Nigeria,Software Engineer,399,7,2,1,3,54.65706550502141,1,1,9,6.2938037936006435,0,2,0,0
IAASSE_01507,33,Australia,Researcher,267,13,7,1,1,47.05793054363941,3,1,6,17.544241404018123,3,0,0,1
IAASSE_01508,62,India,Consultant,416,10,3,1,0,86.46856499655733,4,3,4,33.535494225447124,1,0,0,1
IAASSE_01509,59,India,Manager,409,12,4,4,3,97.45192146432812,3,1,2,28.800211658509976,1,0,0,1
IAASSE_01510,61,UK,Professor,676,15,6,2,1,40.46087476610233,5,3,11,46.43094324709968,0,1,1,1
IAASSE_01511,19,Canada,Student,490,8,6,1,3,50.38647887061936,2,2,6,23.993428521374817,3,1,0,0
IAASSE_01512,52,India,Student,310,7,3,2,5,99.86885558683451,5,2,7,43.42400811185576,1,0,0,0
IAASSE_01513,59,UK,Researcher,630,6,5,1,12,72.53220141216107,2,2,5,29.436534140953725,0,2,0,0
IAASSE_01514,51,India,Data Analyst,662,6,1,0,3,91.93185323904672,2,1,8,6.307804843482573,1,1,0,0
IAASSE_01516,30,Germany,Data Analyst,190,11,7,4,2,98.98298528095383,6,2,3,5.93835248572757,2,0,0,1
IAASSE_01517,30,India,Data Analyst,411,13,4,1,2,99.14454178030975,3,3,6,7.672485539180722,1,0,1,1
IAASSE_01518,35,India,Software Engineer,137,7,6,2,1,74.12599108104317,3,1,6,55.93667758057835,2,1,0,1
IAASSE_01519,49,India,Software Engineer,485,11,7,1,1,65.75890171478918,3,3,3,28.622430773746164,0,0,0,0
IAASSE_01521,52,USA,Researcher,711,6,3,3,2,60.275196943724254,0,0,3,21.51432565139665,1,0,0,0
IAASSE_01522,56,Canada,Software Engineer,324,10,8,3,4,50.91128626567275,2,2,2,15.42970382015614,1,1,0,0
IAASSE_01523,63,Germany,Data Analyst,397,8,7,2,3,74.41372225099181,4,2,2,15.179425531361822,2,0,2,1
IAASSE_01524,46,Canada,Student,525,5,2,1,2,27.937340947789508,3,3,7,8.94286600957947,1,0,0,0
IAASSE_01525,46,India,Data Analyst,142,7,7,3,1,51.90270694987892,4,1,7,18.01488790101333,4,0,0,0
IAASSE_01526,61,UK,Manager,537,8,5,4,1,22.428717731481825,1,0,5,21.76969514835217,2,0,0,0
IAASSE_01527,33,Germany,Manager,657,9,6,2,1,31.786229878099366,3,2,10,25.328283501132415,2,1,0,1
IAASSE_01528,61,USA,Researcher,373,11,0,2,4,87.21932800392682,8,4,4,28.693219477037154,0,0,0,0
IAASSE_01529,64,India,Data Analyst,495,9,7,3,2,57.8487476278617,4,3,8,34.85788296600383,1,0,0,0
IAASSE_01530,27,Australia,Software Engineer,695,8,3,3,4,90.84288276886463,1,1,7,20.1992031824566,0,1,2,0
IAASSE_01532,42,UK,Software Engineer,559,7,5,2,3,59.022173522966426,2,1,4,3.05217745405457,0,1,0,0
IAASSE_01533,56,India,Software Engineer,452,8,6,2,0,70.72612846577418,0,0,8,20.82629139629823,0,0,2,0
IAASSE_01534,37,Canada,Software Engineer,120,8,3,0,3,75.32695345853475,1,0,3,24.579101462897576,1,1,1,0
IAASSE_01535,22,USA,Software Engineer,698,8,4,0,5,70.67116558479395,3,1,8,4.272805542410421,1,1,0,0
IAASSE_01536,18,Brazil,Researcher,712,6,3,1,5,16.270003215800582,4,1,5,22.185682847514045,2,0,0,0
IAASSE_01537,47,Germany,Student,202,5,3,0,0,69.32510519171935,4,3,7,14.657379412656912,1,0,0,0
IAASSE_01538,20,Brazil,Manager,329,3,9,0,2,78.96048453874998,4,1,6,7.847034408064423,2,0,1,0
IAASSE_01539,62,Canada,Student,518,7,7,5,3,76.577010018327,3,2,3,23.04233299382195,1,0,0,0
IAASSE_01540,31,Canada,Student,634,5,6,0,1,74.74345796452347,0,0,5,14.369232479262033,0,0,0,0
IAASSE_01541,47,Nigeria,Freelancer,668,10,5,3,2,61.43241294268596,2,1,9,11.855189271515904,1,1,0,0
IAASSE_01542,21,Australia,Freelancer,636,5,8,0,2,59.330043638108485,6,3,2,3.3060569299201465,1,1,0,0
IAASSE_01543,35,Germany,Student,171,11,4,2,3,75.2962578154287,5,3,7,13.151017698963408,2,0,0,0
IAASSE_01544,54,UK,Software Engineer,258,9,6,2,5,74.13000850354318,5,2,6,4.996353508265923,2,2,0,0
IAASSE_01546,18,USA,Software Engineer,476,3,3,2,5,39.67211087320397,3,2,9,20.573000215595137,1,0,2,1
IAASSE_01547,63,USA,Consultant,495,9,4,1,1,63.9486089171801,6,5,6,15.810273434756095,0,0,0,0
IAASSE_01548,32,USA,Freelancer,187,12,1,5,8,92.41271042143669,3,3,3,51.32804541091023,1,1,1,1
IAASSE_01550,32,Brazil,Data Analyst,380,8,3,1,5,49.966843616573456,4,2,6,57.10454354256976,0,1,0,1
IAASSE_01551,41,USA,Researcher,634,11,4,4,3,44.56491439949767,3,0,7,24.18601668459373,2,0,2,0
IAASSE_01553,29,India,Professor,531,5,5,3,2,93.98749717062907,4,3,4,7.057184782899343,0,0,0,0
IAASSE_01554,54,Australia,Consultant,98,7,9,0,1,39.09349644949625,4,3,8,15.422336872538576,0,0,2,0
IAASSE_01555,54,USA,Software Engineer,657,8,7,1,1,15.097485362775878,3,2,5,14.778897506775618,1,0,0,0
IAASSE_01556,60,India,Data Analyst,250,7,6,2,4,83.80204095277026,2,1,7,3.4971579607136754,1,0,1,0
IAASSE_01557,23,Australia,Data Analyst,347,8,4,1,6,43.193324855707225,3,3,9,38.0131439966791,1,1,0,0
IAASSE_01558,56,India,Student,310,9,5,0,2,96.00570947100505,2,2,6,6.235823187137313,0,0,0,0
IAASSE_01559,63,India,Manager,404,7,4,2,2,98.63140655215258,3,1,8,22.670817472762224,2,0,0,1
IAASSE_01560,41,Brazil,Software Engineer,709,8,5,1,3,47.141007084374756,3,2,7,28.256875554239024,1,0,0,1
IAASSE_01561,28,Australia,Data Analyst,454,8,4,1,0,89.72702228064071,4,3,8,28.088420855095983,0,0,0,0
IAASSE_01562,30,UK,Software Engineer,103,12,5,1,3,27.09978803479631,3,2,5,39.697594686504075,3,2,0,1
IAASSE_01563,51,Germany,Manager,337,8,2,5,3,85.58033158239789,3,2,5,10.304740277368857,1,1,1,1
IAASSE_01564,42,USA,Student,211,8,9,1,2,79.8316715203547,2,2,3,12.372342557150784,2,1,0,0
IAASSE_01565,24,Nigeria,Consultant,455,8,7,2,5,92.94581628727352,3,2,7,5.131885219162729,0,0,0,0
IAASSE_01566,21,USA,Consultant,424,12,5,1,1,84.48593810777832,4,3,3,40.13361160392119,1,0,1,1
IAASSE_01567,25,UK,Professor,655,8,5,0,4,94.8344920000072,4,2,5,11.158641931244023,1,0,0,0
IAASSE_01569,46,Australia,Data Analyst,555,11,6,1,3,37.313252642361974,2,1,4,5.29207979010428,1,1,0,1
IAASSE_01570,62,UK,Data Analyst,431,3,3,2,4,57.36756631713264,1,1,7,36.75181912955332,0,1,0,0
IAASSE_01571,63,Canada,Data Analyst,435,15,2,3,4,50.760189279105596,8,4,7,17.254890130062822,2,0,1,1
IAASSE_01572,27,Nigeria,Student,491,9,4,3,5,72.44780865304223,5,5,7,24.910193018484847,2,0,0,1
IAASSE_01573,60,UK,Researcher,141,9,10,3,3,98.253785902014,4,1,6,9.27195381619445,1,0,0,1
IAASSE_01574,51,Nigeria,Software Engineer,660,6,6,4,4,62.19535038562206,0,0,6,24.059869419920823,0,0,0,0
IAASSE_01575,43,USA,Consultant,260,9,3,3,2,59.22855749615533,2,1,4,5.718425732685503,2,2,0,0
IAASSE_01576,58,India,Student,566,8,5,2,2,69.14993198500666,3,2,4,19.483581541989288,2,0,0,0
IAASSE_01577,20,India,Researcher,261,8,2,1,0,43.135430381219464,3,1,9,9.426444683069366,1,1,0,0
IAASSE_01578,23,USA,Manager,652,7,3,2,5,96.05892953397479,4,4,3,7.417511510119069,1,0,0,0
IAASSE_01579,22,Canada,Manager,726,10,9,5,1,90.05259137704287,1,1,2,14.039617250058036,0,1,0,0
IAASSE_01580,22,USA,Consultant,505,9,4,2,0,85.06749583248214,1,0,3,23.5948018089891,1,1,0,0
IAASSE_01581,64,Germany,Manager,619,8,1,2,2,60.52955213081654,6,2,5,26.18643587170409,0,0,1,0
IAASSE_01582,40,Australia,Professor,490,10,3,1,6,90.2940476051424,2,2,5,6.1954064820820705,0,0,0,0
IAASSE_01584,52,USA,Software Engineer,449,3,4,4,5,92.54347622501899,1,0,10,18.124238709945747,1,0,0,0
IAASSE_01585,37,USA,Student,588,8,6,1,2,99.09698882845858,3,3,3,19.974973316099927,0,1,2,0
IAASSE_01586,59,USA,Student,654,8,4,2,2,80.15809185521594,3,2,6,2.753187902884257,1,0,1,0
IAASSE_01587,52,UK,Data Analyst,585,5,1,0,3,76.53638090973978,3,1,7,17.138203895645955,1,0,0,0
IAASSE_01590,41,Germany,Student,296,12,2,0,1,54.02997852312376,3,1,11,38.735006142516056,1,0,1,0
IAASSE_01591,20,Canada,Student,115,9,4,5,5,98.11350897254047,2,2,5,9.809295953630686,1,1,0,0
IAASSE_01592,49,Brazil,Professor,581,9,6,2,5,95.77365945590456,1,1,9,56.88545069499848,2,0,0,0
IAASSE_01593,52,Germany,Student,466,5,3,3,2,81.47607332202439,1,1,3,25.445601872976763,0,0,0,0
IAASSE_01594,55,Brazil,Manager,272,12,4,2,3,98.2250872034273,2,1,6,9.96143413788398,3,1,0,0
IAASSE_01595,30,Australia,Student,144,6,8,4,4,21.217082061295585,5,3,9,8.285320503693843,4,0,1,0
IAASSE_01596,64,UK,Professor,440,14,6,6,6,81.33677453111335,1,1,7,5.578728665699258,2,2,0,1
IAASSE_01598,26,India,Researcher,516,6,6,2,6,31.266252948351266,3,3,5,35.452414640422546,1,2,0,0
IAASSE_01599,21,USA,Researcher,268,9,6,0,5,82.86631354886993,3,1,4,10.126927959544327,0,0,0,0
IAASSE_01600,31,UK,Student,639,12,4,4,2,97.78117165593022,3,1,5,9.814742167235023,2,1,0,0
IAASSE_01601,54,Australia,Freelancer,158,5,14,2,4,68.45089873967882,2,1,7,17.896176923104463,2,1,0,0
IAASSE_01602,51,Australia,Consultant,219,8,4,0,2,85.7648214524982,3,2,4,8.072071466885959,0,2,0,0
IAASSE_01603,28,Australia,Consultant,240,8,3,2,3,97.94561931414715,3,1,6,5.403889091074461,3,2,0,0
IAASSE_01604,58,USA,Researcher,629,4,8,0,1,57.285219154516234,1,1,5,4.316931493812047,2,0,0,0
IAASSE_01605,20,UK,Data Analyst,367,7,3,5,2,85.99476507483918,2,2,3,32.20384164060894,0,0,0,0
IAASSE_01606,45,Australia,Consultant,326,10,0,1,2,62.2840249542414,1,1,4,8.705528489376617,1,1,1,1
IAASSE_01607,46,Brazil,Data Analyst,228,11,6,2,2,48.95246388841494,1,0,2,45.211804754719005,2,0,1,0
IAASSE_01608,26,India,Software Engineer,216,7,6,1,1,68.65623759694937,5,4,5,21.87309953808386,1,0,1,0
IAASSE_01609,20,Nigeria,Student,402,14,3,1,5,81.84257936852308,3,2,9,18.296525592963665,0,0,1,0
IAASSE_01610,42,India,Professor,589,6,5,5,2,99.43049377810057,6,4,6,27.114371025743065,0,0,0,1
IAASSE_01611,51,Australia,Student,495,4,4,2,3,88.60407097646691,3,0,6,65.04539763620832,1,0,0,0
IAASSE_01612,29,USA,Data Analyst,607,10,3,2,3,78.24844667335039,3,1,4,7.622898685162452,0,3,1,0
IAASSE_01613,59,Germany,Software Engineer,470,3,4,1,4,91.30689312426568,3,1,5,13.352606984462295,1,0,1,0
IAASSE_01614,26,Germany,Manager,706,8,6,3,3,97.53347109852237,4,1,4,24.57695245635218,0,0,2,0
IAASSE_01615,32,Australia,Researcher,630,4,7,1,1,98.55083399136507,1,1,6,9.648899848174025,0,1,0,0
IAASSE_01616,57,Canada,Data Analyst,458,11,4,4,1,40.95348343559835,2,2,6,35.51790946939421,0,1,0,1
IAASSE_01617,42,Australia,Student,419,12,5,4,1,96.83013472139422,3,1,9,12.007283385425362,0,1,1,0
IAASSE_01618,22,UK,Manager,482,5,3,0,2,89.87304266401034,3,2,7,18.190846244155438,1,1,0,0
IAASSE_01619,28,Canada,Freelancer,262,5,9,1,5,91.68443385330104,1,0,7,10.635419232625567,2,0,0,0
IAASSE_01620,51,USA,Manager,156,5,6,1,5,44.794826076292786,6,3,9,25.020736958756284,1,0,0,0
IAASSE_01621,41,India,Software Engineer,133,7,2,2,0,88.66051872005356,5,3,7,30.03449444828206,2,0,0,1
IAASSE_01622,32,USA,Professor,398,11,3,1,3,43.79718603874182,6,3,7,7.629048866977843,1,1,0,0
IAASSE_01623,55,USA,Software Engineer,486,5,7,2,5,26.81266572497029,4,4,7,32.62266170858507,1,1,0,0
IAASSE_01624,25,Canada,Software Engineer,403,9,3,1,5,70.51113235346465,4,3,6,6.3378929865721165,0,0,0,0
IAASSE_01625,22,Germany,Software Engineer,408,7,3,2,1,85.10560418233887,3,1,4,8.17957365855404,1,0,0,0
IAASSE_01626,43,Canada,Software Engineer,280,7,5,2,1,35.16784881910387,2,1,7,19.110758457172178,3,1,1,0
IAASSE_01627,35,UK,Manager,145,5,4,2,3,27.387025658635817,3,1,5,16.45096183347549,3,0,0,1
IAASSE_01628,23,Australia,Software Engineer,109,10,2,1,2,89.12542425392577,3,2,10,8.518934138975569,2,0,2,0
IAASSE_01629,54,UK,Data Analyst,248,11,0,1,3,67.87941722258198,5,3,4,10.226952183018616,0,0,0,0
IAASSE_01630,30,Brazil,Data Analyst,123,7,6,1,6,35.06402771650192,5,4,7,33.77998523378742,1,0,0,0
IAASSE_01631,45,Nigeria,Student,220,13,6,3,6,70.10289835175384,6,4,8,20.07250260134815,1,0,1,1
IAASSE_01632,22,Canada,Software Engineer,490,12,2,0,2,50.36687742906073,5,4,6,18.50204429144471,1,1,0,0
IAASSE_01633,30,UK,Data Analyst,535,8,3,1,6,25.78414606088668,1,1,7,32.46232169880291,0,0,1,0
IAASSE_01634,34,India,Student,697,6,5,2,4,29.261952765388934,4,3,5,58.49803110573618,1,0,0,1
IAASSE_01635,57,USA,Researcher,230,10,7,1,2,91.97890776911585,6,5,4,82.29248294292535,1,3,1,0
IAASSE_01636,62,Canada,Researcher,276,8,4,3,3,60.32781427908481,5,2,4,20.00155977843752,1,0,0,0
IAASSE_01637,49,UK,Manager,140,12,3,5,2,61.4563968072993,3,3,5,1.4587897800498322,0,0,0,1
IAASSE_01638,46,Nigeria,Software Engineer,120,10,5,1,3,97.07790752092428,1,0,5,18.647018112135143,1,1,0,1
IAASSE_01639,20,USA,Consultant,447,8,7,4,5,87.55015564768209,3,1,7,12.437479426345819,0,0,0,0
IAASSE_01640,57,Australia,Professor,650,8,6,2,1,59.24181411031096,6,1,7,21.309521575306675,0,0,0,1
IAASSE_01641,51,India,Manager,657,6,6,1,4,51.7044185599462,3,2,8,39.80049668575827,1,1,0,0
IAASSE_01642,57,Canada,Researcher,371,6,9,0,3,56.49943263698497,3,3,8,11.013087882639937,1,0,0,0
IAASSE_01643,44,USA,Data Analyst,238,8,6,1,3,70.22353598776834,3,0,2,31.3323041149461,1,0,0,0
IAASSE_01644,30,Brazil,Freelancer,464,5,4,2,4,65.27197583765386,3,3,6,7.5858749391570015,0,1,0,1
IAASSE_01645,62,Canada,Data Analyst,381,5,3,1,3,88.35598203808618,2,1,7,9.88123694915084,1,0,0,0
IAASSE_01646,50,Australia,Data Analyst,610,4,3,4,1,73.4716293283072,3,3,9,5.2557066095515985,1,0,0,0
IAASSE_01647,23,USA,Software Engineer,617,5,4,0,1,66.5663330923093,1,0,7,26.62146698537256,0,1,1,0
IAASSE_01648,41,Canada,Student,213,2,6,4,1,48.46264484557118,2,1,5,14.291197707456982,0,3,1,0
IAASSE_01649,36,Canada,Freelancer,526,6,3,2,3,67.15476987984992,4,3,5,18.416468294706373,3,1,0,1
IAASSE_01650,33,USA,Software Engineer,474,6,5,1,2,94.54850431883996,5,4,11,9.313258851986983,1,0,0,0
IAASSE_01651,57,USA,Software Engineer,449,8,5,2,4,91.09849048510237,3,1,5,11.516262598123994,1,0,0,0
IAASSE_01652,45,India,Researcher,327,5,1,3,4,52.71259555613034,3,3,7,18.512151165051613,1,1,0,0
IAASSE_01653,50,USA,Software Engineer,99,2,6,1,3,53.43045260055664,2,1,4,25.87821718115055,1,0,2,0
IAASSE_01654,58,USA,Student,414,11,5,3,4,64.55721568423802,3,1,7,27.99436226027375,1,1,1,1
IAASSE_01655,30,Canada,Researcher,164,9,7,6,2,71.96238366451101,3,2,3,19.07476328649738,1,2,0,0
IAASSE_01656,60,India,Researcher,105,7,4,0,3,67.06516513363847,3,2,6,12.229949567571923,1,2,0,0
IAASSE_01657,62,USA,Software Engineer,231,9,3,3,1,68.64247333818639,5,5,5,6.045874832479265,2,1,1,0
IAASSE_01658,42,Australia,Manager,447,8,7,4,7,84.05266518703426,2,2,2,35.088367162464095,1,1,0,1
IAASSE_01659,59,USA,Data Analyst,726,6,5,4,3,49.635633915643076,1,1,4,27.53234147445702,1,1,0,0
IAASSE_01660,53,USA,Data Analyst,591,8,7,2,4,25.470471450558325,4,1,3,6.322555420351817,3,0,0,0
IAASSE_01661,44,USA,Student,407,6,2,1,6,65.60284727196158,1,0,4,31.16404810174881,0,0,1,0
IAASSE_01662,55,India,Data Analyst,577,10,6,5,1,97.3688676081895,2,1,7,10.272899426022759,0,0,0,1
IAASSE_01664,22,USA,Consultant,566,9,1,0,2,3.80542924545861,3,1,10,25.989930138166546,0,0,0,0
IAASSE_01665,60,Canada,Software Engineer,285,6,4,6,2,95.82909762580769,3,1,4,9.831571559103946,1,1,0,0
IAASSE_01666,62,India,Software Engineer,716,4,7,2,3,76.17533028144196,2,2,10,6.827897339759054,2,0,0,0
IAASSE_01667,48,UK,Manager,676,12,9,2,3,99.75746261983545,6,4,7,16.644913926215683,0,0,0,0
IAASSE_01668,40,Canada,Data Analyst,525,6,3,2,5,75.48692268852932,5,4,5,23.945793575062027,1,1,1,0
IAASSE_01669,59,USA,Student,254,10,7,2,5,42.804121335103176,4,3,8,45.9447996530513,1,0,1,0
IAASSE_01670,27,Canada,Freelancer,374,9,3,4,3,40.99901023652745,2,0,10,14.414218203907419,0,0,1,0
IAASSE_01671,49,Australia,Researcher,624,10,2,2,1,72.64304358524885,1,0,9,14.378448168863384,0,0,1,0
IAASSE_01672,60,Australia,Freelancer,104,6,5,2,4,83.29144427019766,2,2,5,18.311956181244735,1,1,1,0
IAASSE_01673,47,UK,Data Analyst,274,6,4,5,3,87.15923072952663,4,2,5,16.021725866031204,0,0,1,1
IAASSE_01675,48,USA,Data Analyst,506,6,6,1,7,99.19985485350038,2,1,12,23.29160223003635,0,0,0,0
IAASSE_01676,35,UK,Data Analyst,314,9,2,4,3,75.55841755691894,7,6,5,9.445950603494243,0,0,0,0
IAASSE_01677,53,USA,Software Engineer,499,6,4,1,3,76.08274770085976,5,5,3,11.674133118041803,2,0,0,1
IAASSE_01678,19,India,Data Analyst,417,3,3,3,3,80.62155353036476,3,3,5,21.253847282895396,0,0,0,0
IAASSE_01679,31,Brazil,Student,146,9,4,3,1,23.213978358708964,1,0,7,0.4291303580428669,3,1,0,0
IAASSE_01680,30,Brazil,Data Analyst,334,10,2,3,1,55.53539968141057,2,1,8,45.94381580183396,0,0,0,0
IAASSE_01681,46,Nigeria,Student,470,7,6,3,1,92.14774781989802,1,1,3,12.333559166337018,6,0,0,0
IAASSE_01682,29,Australia,Researcher,708,4,4,5,2,98.26428135466448,2,1,10,5.453109407145367,0,1,1,0
IAASSE_01683,56,Germany,Software Engineer,643,8,9,1,2,19.442411307589992,5,4,9,11.93968055219382,0,0,0,0
IAASSE_01684,19,UK,Student,169,7,1,4,1,71.33323078638068,2,0,2,30.37785688272253,0,0,0,0
IAASSE_01687,63,Canada,Researcher,339,2,4,1,1,82.98090025456442,4,0,6,7.418220966638388,1,0,0,0
IAASSE_01689,58,UK,Manager,323,6,4,1,6,38.439341221118944,3,0,7,25.931491651014156,1,1,0,0
IAASSE_01690,34,UK,Student,423,10,4,1,5,95.02365247536574,5,4,4,42.71941086702248,1,0,0,0
IAASSE_01691,57,Nigeria,Data Analyst,196,8,8,1,2,67.83390859929833,2,2,6,19.085528271651963,1,1,0,0
IAASSE_01692,48,USA,Consultant,495,6,5,3,7,53.552391387353296,3,2,4,36.889556859895805,0,0,1,1
IAASSE_01693,51,Canada,Researcher,321,9,7,2,5,44.16820128861601,1,1,5,22.53297752090316,1,2,0,0
IAASSE_01694,41,Nigeria,Student,302,9,4,1,5,39.12656529447074,1,1,5,18.909312949549644,2,0,0,0
IAASSE_01695,62,Australia,Consultant,507,11,8,4,2,71.00432675497306,4,2,5,21.91560774621214,3,0,1,1
IAASSE_01696,52,Australia,Software Engineer,183,3,4,4,3,46.77964680422322,5,5,6,51.61521453420911,1,0,0,0
IAASSE_01697,23,USA,Consultant,725,7,6,1,3,94.97749649633823,0,0,6,14.307939563394873,2,0,0,0
IAASSE_01698,36,UK,Researcher,221,5,5,2,3,97.79585076220457,5,4,5,9.891644354463464,0,0,0,0
IAASSE_01699,47,Nigeria,Researcher,659,9,8,1,4,29.17045860066881,6,4,6,8.850858970082943,1,1,0,0
IAASSE_01700,24,Australia,Freelancer,603,14,1,0,2,70.11969936045173,3,1,5,104.25807246166981,1,1,0,0
IAASSE_01701,27,Canada,Data Analyst,700,8,6,3,3,73.75387684333704,4,3,7,6.855542677149817,0,1,0,0
IAASSE_01702,58,USA,Researcher,338,5,3,3,1,49.16076982169849,4,4,8,21.56151931524944,4,1,0,0
IAASSE_01703,49,USA,Software Engineer,134,8,5,1,2,95.87008718352172,3,3,7,0.8338508118672578,2,2,0,1
IAASSE_01704,51,Brazil,Student,275,7,5,2,3,95.64605311463296,7,5,8,11.831192326933362,0,1,0,0
IAASSE_01705,45,UK,Student,557,3,4,3,1,68.51023026530073,0,0,6,14.933460892554695,1,1,1,0
IAASSE_01706,32,Australia,Student,541,7,7,3,4,82.79144067433238,2,1,6,15.741679829081598,0,0,0,0
IAASSE_01707,47,USA,Researcher,372,10,6,2,2,85.77052114004194,4,2,3,26.08990397675972,0,2,1,1
IAASSE_01708,54,Germany,Software Engineer,625,10,8,1,1,12.55513435810359,6,4,7,21.475147547268776,0,1,0,0
IAASSE_01709,46,Brazil,Software Engineer,354,13,4,1,0,85.50202527583454,4,3,4,19.32261633650455,0,1,2,0
IAASSE_01710,39,Australia,Student,148,14,6,1,1,94.50098783270745,5,2,7,20.25539805925357,1,0,0,0
IAASSE_01711,21,USA,Software Engineer,151,5,7,1,5,22.66464138645458,7,4,5,8.102942997955436,3,0,0,0
IAASSE_01712,37,Australia,Professor,251,9,1,2,4,70.78657162630329,4,2,6,19.147764585529764,0,1,0,1
IAASSE_01713,49,India,Software Engineer,448,8,5,1,1,79.59199598149256,1,1,10,32.88231682980984,0,0,0,1
IAASSE_01714,53,Canada,Researcher,709,8,6,1,6,89.23939422743132,4,3,9,6.7552270566978425,1,1,1,0
IAASSE_01715,21,Nigeria,Manager,296,8,2,3,6,63.274395106085265,3,1,3,16.318518689718097,0,0,0,0
IAASSE_01716,44,Germany,Manager,697,7,4,2,3,85.58674856800265,1,0,9,5.305349978795791,0,0,0,0
IAASSE_01717,34,Nigeria,Software Engineer,118,5,3,4,3,41.80756570329195,4,1,7,1.8371098328519195,0,0,1,0
IAASSE_01718,29,Germany,Consultant,220,7,3,2,4,93.44645344131509,3,1,7,22.03767302917179,0,1,0,1
IAASSE_01719,39,USA,Software Engineer,656,7,1,3,5,82.87086077068093,6,2,3,29.93842248425564,1,0,4,1
IAASSE_01720,34,UK,Consultant,206,8,4,3,3,60.79556146814578,4,3,8,7.092665931027357,0,0,0,1
IAASSE_01721,27,USA,Data Analyst,411,10,9,2,5,68.5866750351992,6,3,6,31.483114116813724,0,0,0,1
IAASSE_01722,18,Nigeria,Data Analyst,427,8,4,1,3,70.07848014218237,4,3,2,47.15962475323291,1,0,0,0
IAASSE_01724,43,Germany,Manager,531,3,7,1,5,44.32038835407167,1,1,9,1.3733012830321136,4,0,2,1
IAASSE_01725,35,UK,Software Engineer,598,5,7,4,4,92.2151266477636,1,1,7,52.39357967609017,1,0,0,0
IAASSE_01726,31,USA,Data Analyst,292,7,5,0,1,81.20012257015851,3,1,5,18.19105103840564,0,0,0,0
IAASSE_01727,64,India,Data Analyst,677,6,3,1,2,59.35554806891865,4,3,7,1.858705666743898,1,0,1,1
IAASSE_01728,46,Canada,Professor,395,12,8,2,4,88.16763336110093,1,0,6,21.284522653547235,1,1,0,0
IAASSE_01729,29,USA,Consultant,422,10,6,1,4,45.36689189991518,2,1,5,15.105824815130582,0,2,0,0
IAASSE_01730,53,Australia,Software Engineer,719,7,6,0,4,93.56336668964731,3,3,5,40.04359696188878,0,0,1,0
IAASSE_01731,52,USA,Researcher,156,11,4,3,3,73.02075950076113,5,2,5,12.481047419721689,1,0,0,0
IAASSE_01732,29,UK,Software Engineer,434,6,5,2,7,48.540809072167434,2,1,7,13.372845998191188,0,0,1,0
IAASSE_01733,24,Canada,Software Engineer,299,10,6,2,5,30.972154928245104,3,2,5,12.754435927963835,0,1,0,0
IAASSE_01734,46,USA,Professor,340,7,3,1,2,58.92763503350932,1,1,7,5.228939918117406,1,0,0,0
IAASSE_01735,28,Brazil,Student,278,7,5,1,4,95.42903217153842,4,0,3,8.046175882329154,0,0,0,0
IAASSE_01737,23,USA,Data Analyst,474,9,5,0,4,65.84479055886054,4,2,4,3.0893634655963957,1,1,1,1
IAASSE_01738,64,USA,Software Engineer,325,8,1,5,4,69.17708990455039,0,0,8,5.386662679291617,0,0,0,0
IAASSE_01739,32,India,Software Engineer,498,11,4,1,3,66.1468037629175,3,1,5,31.224352315996708,0,1,0,0
IAASSE_01740,49,Canada,Software Engineer,533,7,5,1,3,81.8726195078759,3,2,9,14.092411805283362,0,1,0,0
IAASSE_01741,28,Australia,Student,178,8,1,0,1,83.94070757411026,2,2,5,26.51489481885683,2,0,0,0
IAASSE_01742,40,USA,Software Engineer,655,6,8,1,1,91.90511219554082,1,1,5,6.003599505999891,1,0,1,0
IAASSE_01743,43,USA,Data Analyst,327,11,4,2,3,33.41746751299651,4,3,8,8.647414980077956,1,1,0,0
IAASSE_01745,63,India,Student,538,11,8,1,3,81.15497332049645,3,2,5,30.522228819020057,0,0,0,0
IAASSE_01746,51,Nigeria,Manager,637,8,3,0,3,32.25002365872744,2,1,10,19.934667643087494,1,3,0,0
IAASSE_01747,46,USA,Software Engineer,460,6,1,1,6,82.88985386727065,2,1,9,22.90484251898199,1,0,0,0
IAASSE_01749,34,Nigeria,Manager,549,4,7,2,6,59.97726034654982,2,2,11,29.57526397226584,1,1,0,0
IAASSE_01750,52,UK,Researcher,328,8,6,1,4,87.59524032957118,6,2,4,3.7403455064781688,2,0,2,1
IAASSE_01751,30,India,Software Engineer,240,4,6,4,3,22.481742576377727,4,3,8,15.102990468583378,1,0,0,0
IAASSE_01752,58,USA,Software Engineer,546,10,2,2,3,99.71988672146199,0,0,6,6.259866724211971,1,0,0,0
IAASSE_01753,56,Brazil,Data Analyst,258,6,4,2,0,70.90859371434708,2,2,5,21.312686968456767,2,0,0,1
IAASSE_01754,32,India,Researcher,455,7,3,1,3,87.02314990538021,5,3,7,19.078481571899275,2,1,1,1
IAASSE_01755,46,Brazil,Software Engineer,245,9,9,3,1,25.23580027512942,0,0,7,12.730203756697415,0,1,1,0
IAASSE_01756,46,Germany,Consultant,496,4,8,3,3,91.4482312842676,1,0,6,22.822453509167392,0,1,1,0
IAASSE_01757,28,UK,Consultant,470,10,7,4,1,21.431645168063724,2,1,4,12.231650236239322,0,2,0,0
IAASSE_01758,49,Brazil,Student,320,8,6,0,3,96.3988406016699,0,0,9,9.905630808578735,4,0,1,0
IAASSE_01759,19,UK,Student,181,5,3,0,3,24.127463699189125,3,2,6,19.96140381467059,1,1,1,0
IAASSE_01760,64,UK,Researcher,712,3,7,4,6,98.13107953874943,3,2,7,24.83614062348813,0,1,0,0
IAASSE_01761,31,Germany,Data Analyst,186,13,3,0,5,39.1976378073269,3,1,7,37.77834492999632,0,1,0,0
IAASSE_01762,37,India,Student,391,9,5,1,4,58.73493782715147,2,2,5,37.26868046080831,1,1,0,0
IAASSE_01763,39,Nigeria,Consultant,301,9,5,3,0,45.86311273904921,1,1,4,29.665509534581513,1,0,0,0
IAASSE_01764,28,USA,Data Analyst,221,7,7,1,3,35.96566687173294,3,1,8,21.695568250613704,1,0,0,0
IAASSE_01765,44,India,Professor,721,8,7,4,4,42.162846419146064,3,1,4,37.493367503830626,1,1,0,0
IAASSE_01767,34,USA,Manager,350,8,1,2,3,74.33450824848282,3,2,5,6.831793005274525,2,0,0,1
IAASSE_01768,61,UK,Data Analyst,720,5,5,2,3,63.787330774172034,6,5,9,40.716237393958075,1,1,0,0
IAASSE_01769,45,UK,Data Analyst,148,6,5,0,1,97.63249938783743,3,0,5,12.746842791424902,0,0,1,0
IAASSE_01770,46,UK,Software Engineer,724,8,5,5,7,39.282973795052776,1,0,5,8.43860691648966,0,0,1,0
IAASSE_01771,38,Brazil,Student,205,6,5,2,6,87.4059018683332,3,1,6,17.82813547236507,1,0,0,0
IAASSE_01772,64,Germany,Data Analyst,177,10,7,0,3,69.17806796869648,4,1,5,3.2620964250604043,2,0,1,0
IAASSE_01773,33,Germany,Data Analyst,412,19,5,2,1,59.55160436418505,3,1,5,9.574274751039535,0,0,0,1
IAASSE_01774,54,Brazil,Student,234,14,6,0,3,58.74972082163846,2,2,6,21.29518908244146,1,0,0,0
IAASSE_01775,37,UK,Data Analyst,417,6,9,1,4,95.43574923506544,5,3,3,10.634919866067072,0,0,0,0
IAASSE_01776,23,India,Manager,697,10,8,3,5,95.97057454173334,3,2,4,5.065402949102934,2,0,0,0
IAASSE_01778,22,Nigeria,Student,333,11,1,1,2,97.07413539885883,2,2,8,19.235460626742583,1,0,1,0
IAASSE_01779,20,USA,Researcher,722,12,5,1,2,94.66095103645299,3,2,6,38.30127218784693,1,0,0,0
IAASSE_01780,18,Brazil,Freelancer,139,7,3,5,5,77.61249240627741,2,2,3,20.906836594452898,2,1,0,0
IAASSE_01781,55,USA,Data Analyst,590,9,5,2,3,67.20126424822827,2,2,6,6.348074070491982,1,0,1,0
IAASSE_01782,32,UK,Student,596,4,6,3,7,13.239711682054962,2,2,6,30.004526232364903,0,1,0,0
IAASSE_01783,51,India,Software Engineer,195,4,4,2,4,26.573071519008572,2,2,7,15.42214759332952,2,1,1,0
IAASSE_01784,52,UK,Professor,362,4,3,1,1,34.68785995376302,3,3,4,3.084998179390099,0,0,1,0
IAASSE_01786,41,Canada,Researcher,269,8,8,1,2,56.590844926088856,2,1,6,17.15919366867674,3,1,0,0
IAASSE_01787,29,India,Data Analyst,312,13,3,2,3,47.58973826630052,3,1,6,8.356221150330187,0,0,0,0
IAASSE_01788,35,USA,Software Engineer,564,6,6,4,4,29.23552116749987,4,3,5,14.52024801103829,1,0,0,0
IAASSE_01789,32,USA,Student,230,10,3,4,3,64.18305497469198,2,1,6,37.209752026842935,1,0,0,0
IAASSE_01790,61,UK,Researcher,334,9,8,1,4,37.63089331975083,6,4,10,14.432292784439333,0,0,0,0
IAASSE_01791,33,Canada,Manager,594,6,5,4,6,26.279611535686303,5,3,6,13.806262748980052,3,2,0,1
IAASSE_01793,25,UK,Data Analyst,517,8,11,2,1,33.671942645443636,2,2,7,69.93402715812184,0,0,0,0
IAASSE_01794,63,UK,Student,148,10,6,2,1,21.62567671476704,4,1,4,31.687214305074903,0,0,0,0
IAASSE_01795,42,USA,Software Engineer,591,11,4,4,3,30.001977850344115,2,2,6,24.07639376611016,1,0,0,0
IAASSE_01796,34,Australia,Researcher,108,5,4,2,3,82.76821152254566,2,1,6,6.451781324395153,0,1,0,0
IAASSE_01797,46,Nigeria,Manager,612,6,6,6,1,69.79604393435443,2,1,4,6.710514284075588,2,0,1,1
IAASSE_01798,25,USA,Student,587,10,6,4,2,98.31112648582973,4,1,8,12.23752385362739,0,0,0,1
IAASSE_01800,44,Germany,Software Engineer,199,9,2,3,1,49.59943250641003,5,3,4,21.563718666881066,0,0,0,0
IAASSE_01802,24,Germany,Consultant,538,2,7,5,1,58.89685641727021,3,2,8,18.46933319279257,1,1,1,0
IAASSE_01803,20,Canada,Software Engineer,247,12,8,2,7,45.05568497475951,2,1,7,27.979848491870992,1,0,0,0
IAASSE_01804,46,Canada,Manager,721,5,7,5,2,30.012601770298797,2,1,5,13.117177865015787,0,0,0,0
IAASSE_01805,61,USA,Software Engineer,416,5,5,2,1,67.97066314998945,6,3,9,6.3185302697844605,0,0,0,0
IAASSE_01806,41,Germany,Manager,306,9,3,1,2,70.21828761564251,2,1,7,38.910309887123674,1,1,0,0
IAASSE_01807,20,Germany,Data Analyst,201,11,4,3,4,70.14172449433585,3,0,11,12.769309602268148,1,0,0,1
IAASSE_01808,37,USA,Consultant,460,6,10,4,3,93.51395527119169,1,1,5,58.47562747216276,1,0,0,0
IAASSE_01809,63,UK,Data Analyst,580,2,4,0,6,22.66881406168282,4,3,7,25.60450909300062,1,0,0,0
IAASSE_01810,32,Brazil,Software Engineer,625,10,9,1,6,98.60078333004283,3,1,4,17.822408547628054,0,0,0,1
IAASSE_01811,42,Canada,Data Analyst,643,8,7,1,1,73.08237302747699,2,1,5,5.683603968817578,2,0,1,1
IAASSE_01812,47,Canada,Software Engineer,307,9,7,0,2,55.74929387167564,2,2,5,21.05586521876299,1,0,0,0
IAASSE_01813,31,Nigeria,Data Analyst,462,3,3,3,1,64.31543539875199,2,2,6,12.819161107449323,0,0,0,0
IAASSE_01814,24,Germany,Data Analyst,208,4,5,3,2,49.969098903069295,7,3,6,11.000079865973449,3,0,0,0
IAASSE_01815,34,Australia,Freelancer,680,7,6,2,4,54.7306211060035,4,3,5,1.345186093569584,1,1,0,0
IAASSE_01816,61,India,Student,308,8,3,0,5,89.81049897584829,6,6,9,60.66289159204271,2,1,1,0
IAASSE_01817,37,Nigeria,Manager,630,7,4,1,1,26.455838891384055,1,0,12,31.648299954055553,1,0,1,1
IAASSE_01818,53,Canada,Freelancer,343,8,3,2,3,93.37702447082799,4,3,7,21.732834385578027,2,0,2,0
IAASSE_01820,55,UK,Researcher,104,7,4,1,1,76.36804944338103,3,1,8,15.507654908118049,0,0,0,0
IAASSE_01821,39,Brazil,Data Analyst,197,10,4,1,4,17.545101440092516,2,0,4,5.461361962332284,1,0,0,1
IAASSE_01822,19,Germany,Student,547,7,5,4,2,81.90441059376836,1,0,8,12.74650881441383,0,0,0,0
IAASSE_01824,25,Nigeria,Professor,256,6,5,1,3,99.73113391783085,1,0,8,15.744505696215965,1,1,0,0
IAASSE_01825,28,Canada,Student,232,8,4,0,5,82.00190602305936,2,1,9,11.618067150148395,0,0,0,0
IAASSE_01826,30,USA,Software Engineer,278,11,3,3,6,69.10916503547465,3,2,7,16.532251847267567,0,1,0,1
IAASSE_01827,34,Australia,Software Engineer,671,7,3,0,5,72.97582121885965,3,3,5,46.460630795664756,1,0,0,1
IAASSE_01828,25,Canada,Consultant,491,2,2,2,1,82.68549062475985,3,1,8,34.087386434350094,1,2,0,1
IAASSE_01829,38,Nigeria,Student,334,6,4,3,3,67.79212800713995,2,1,8,18.988236292517374,2,0,0,0
IAASSE_01830,35,USA,Researcher,186,8,5,0,4,72.4107374056388,2,1,7,54.24308878863474,0,0,0,0
IAASSE_01831,47,India,Researcher,671,10,1,4,1,83.3851861376654,10,3,5,9.892576021401233,1,0,0,0
IAASSE_01833,63,USA,Professor,612,7,4,1,2,78.35869976233893,0,0,6,4.218624911383865,2,0,0,0
IAASSE_01834,64,Brazil,Consultant,376,5,5,1,5,97.89884197787535,3,0,10,18.720186971556597,2,2,0,0
IAASSE_01835,48,Canada,Student,251,10,6,3,4,46.61964739594037,2,1,6,14.57621534782966,2,1,0,0
IAASSE_01836,55,UK,Software Engineer,166,11,5,1,1,66.88416486780645,1,1,5,15.282643856006912,2,0,0,0
IAASSE_01837,49,Canada,Software Engineer,379,11,3,0,3,63.57064250230463,2,0,10,28.30511499412679,0,2,2,0
IAASSE_01838,28,Nigeria,Data Analyst,291,6,5,1,3,51.93658131749217,3,2,4,24.492871116197975,1,1,0,0
IAASSE_01839,62,UK,Software Engineer,527,10,2,2,1,80.0072702831823,3,2,5,8.717116538773928,1,0,1,0
IAASSE_01840,42,USA,Software Engineer,456,7,6,4,4,59.5829105616007,3,3,8,28.16827074272669,1,0,0,0
IAASSE_01841,50,USA,Software Engineer,703,8,7,2,0,76.63869692355927,2,2,8,4.82309347613932,0,1,0,0
IAASSE_01842,55,UK,Freelancer,653,7,11,0,1,89.98942391113172,1,0,3,25.27301868193146,0,1,0,0
IAASSE_01843,58,India,Student,628,6,5,4,4,59.08220945813466,3,2,5,9.128897579071005,1,0,0,0
IAASSE_01844,25,Canada,Professor,587,11,6,1,3,76.33045843042606,1,1,3,7.99755053437571,1,1,0,0
IAASSE_01845,28,USA,Software Engineer,142,3,1,1,6,49.33216044746527,1,1,4,12.523183190088297,2,0,0,0
IAASSE_01846,39,USA,Researcher,102,9,3,1,2,66.8736346640906,4,3,5,7.606604836981578,3,1,1,0
IAASSE_01847,41,UK,Consultant,125,8,7,0,3,75.79430857474996,1,1,4,10.201343052491744,1,1,0,0
IAASSE_01848,58,Brazil,Data Analyst,380,14,3,1,2,65.42091563088928,3,1,8,20.813463080782086,1,0,0,0
IAASSE_01849,34,UK,Software Engineer,280,6,6,2,4,34.70106873034858,0,0,7,19.15398133098255,1,1,0,1
IAASSE_01850,29,Brazil,Software Engineer,183,8,3,1,1,64.66749644441109,5,3,6,14.959824837265206,1,1,0,0
IAASSE_01851,63,Canada,Data Analyst,283,12,5,3,0,53.82003717264187,1,0,8,21.30342487110226,0,1,0,0
IAASSE_01852,49,USA,Professor,144,2,8,2,6,58.73693987796741,5,3,7,25.24881693279533,3,1,0,0
IAASSE_01853,32,Nigeria,Consultant,138,9,7,0,1,77.93690177252543,0,0,9,89.83682725233544,0,0,0,0
IAASSE_01855,39,Germany,Student,129,7,4,2,2,98.94763846190287,3,1,8,43.0979303338363,2,0,1,0
IAASSE_01856,45,Brazil,Software Engineer,142,10,6,3,5,89.3247275423336,2,2,4,20.77929015952924,0,0,1,1
IAASSE_01857,37,USA,Student,373,10,8,1,4,52.71729080850792,1,0,7,8.315927383170084,2,1,0,0
IAASSE_01858,50,USA,Researcher,379,11,5,2,6,73.66656726692466,3,3,4,54.50937895904393,0,0,1,0
IAASSE_01859,27,India,Student,132,10,2,4,1,94.65378229146397,1,1,5,17.61241214101005,1,1,0,0
IAASSE_01860,57,UK,Software Engineer,445,8,3,2,4,41.124221596746196,4,2,7,1.310982292403016,0,1,0,0
IAASSE_01861,49,USA,Student,582,13,3,1,2,69.4874034653142,3,1,8,10.331322678229753,2,0,1,0
IAASSE_01863,19,USA,Researcher,143,7,7,3,5,79.00400120909053,5,3,3,1.1411646516690332,3,0,0,0
IAASSE_01864,50,India,Software Engineer,164,5,3,0,2,93.57974936768623,2,1,6,11.596357684723891,0,1,0,0
IAASSE_01866,58,Canada,Consultant,599,6,4,3,1,45.821183174427475,1,1,3,6.455575652117802,0,2,1,0
IAASSE_01867,30,Australia,Data Analyst,434,7,8,2,3,76.42686003427012,1,0,6,25.599640337463434,1,0,0,1
IAASSE_01868,47,Canada,Student,449,9,9,1,1,38.13357985333114,1,1,4,24.090042984616584,0,0,1,0
IAASSE_01869,50,USA,Consultant,332,8,9,5,3,97.56572940843552,2,1,6,16.197712373188597,1,2,2,0
IAASSE_01870,30,India,Professor,646,7,5,3,0,84.07691051941727,4,2,2,17.349909942270877,1,0,1,1
IAASSE_01871,43,USA,Consultant,644,7,8,2,0,67.46985448159782,3,2,3,3.6262031665165373,0,1,0,0
IAASSE_01873,56,Nigeria,Freelancer,480,6,5,4,1,74.80090702246692,3,2,6,32.159023200718714,0,1,1,0
IAASSE_01874,19,Canada,Data Analyst,383,5,4,2,0,78.11077899036769,4,3,7,12.90674164052971,0,0,0,0
IAASSE_01875,55,Australia,Manager,339,2,6,3,0,93.4982095688118,3,1,5,3.163898764178024,1,0,1,0
IAASSE_01876,56,Canada,Professor,181,8,6,1,7,57.21670155342819,3,2,8,26.66429770422775,1,0,0,1
IAASSE_01877,43,UK,Data Analyst,663,14,4,2,3,89.22093968862704,3,2,5,3.845594615032766,0,1,0,0
IAASSE_01878,63,Nigeria,Professor,447,4,4,2,5,90.75301353507562,5,2,3,22.810544892936825,3,1,1,0
IAASSE_01879,32,Nigeria,Data Analyst,132,12,5,1,2,53.90920049900668,4,1,8,10.156602348238906,0,2,1,0
IAASSE_01880,51,UK,Freelancer,700,8,5,0,2,27.308687907521715,3,2,8,15.661868820850236,0,2,0,0
IAASSE_01881,59,Australia,Data Analyst,225,10,10,0,3,75.83192639995163,5,2,4,3.047947871372552,2,0,1,1
IAASSE_01882,61,Nigeria,Freelancer,284,12,3,1,6,28.998030429815557,3,2,2,16.714125693066833,0,0,1,0
IAASSE_01883,57,Brazil,Student,491,6,3,1,4,97.9448783051561,5,3,8,12.860372478200755,1,1,0,0
IAASSE_01884,28,Canada,Researcher,601,8,3,4,1,73.76675625991125,4,4,7,45.38794353260787,0,0,0,1
IAASSE_01885,20,Canada,Software Engineer,147,5,3,2,3,82.89918902862829,4,2,7,10.50192945494356,1,0,1,1
IAASSE_01886,23,UK,Software Engineer,613,3,8,0,5,30.8746478152739,3,2,2,5.371335104208366,1,2,0,0
IAASSE_01887,26,Brazil,Data Analyst,712,8,4,0,4,83.68673540195071,2,0,8,13.198070283534584,0,1,0,0
IAASSE_01888,23,USA,Researcher,116,5,3,0,6,2.308517487679042,5,1,5,34.02513355304243,2,0,0,0
IAASSE_01890,56,UK,Software Engineer,621,1,3,2,2,93.04752342888425,5,2,9,31.125788502145628,2,1,0,0
IAASSE_01891,48,UK,Data Analyst,619,7,9,0,3,85.82282260462408,2,2,7,16.983197741775317,1,0,0,0
IAASSE_01892,49,Canada,Freelancer,660,4,6,1,1,72.45409736649468,7,3,5,16.253784139048545,0,1,0,0
IAASSE_01893,58,Brazil,Student,719,4,6,2,5,60.99043584906877,3,1,7,3.262401434806534,2,1,1,1
IAASSE_01894,29,USA,Student,325,10,2,3,5,26.644309905377423,4,2,8,14.035973472083072,2,1,0,0
IAASSE_01895,25,Australia,Data Analyst,205,8,7,4,1,85.58178581087738,4,3,3,31.913697266765585,1,1,0,0
IAASSE_01897,45,USA,Data Analyst,511,9,4,3,5,48.83759939812158,2,1,11,20.027852943215436,1,0,0,0
IAASSE_01898,37,Canada,Software Engineer,546,9,2,2,1,94.38133205731735,1,1,6,6.823721732850347,1,1,0,0
IAASSE_01899,64,Canada,Consultant,520,11,7,2,4,83.68843137654174,2,2,4,42.93224080590879,1,0,0,1
IAASSE_01901,28,UK,Software Engineer,321,14,6,2,4,83.1948226643317,3,2,9,34.89581367465715,0,0,1,0
IAASSE_01902,37,USA,Student,442,6,5,2,5,60.70826559571499,3,2,10,41.77793112996601,0,1,0,1
IAASSE_01903,33,UK,Researcher,394,5,6,2,1,67.40681295640428,4,2,1,16.155684976212623,0,2,0,0
IAASSE_01905,23,Brazil,Manager,377,4,5,4,6,78.40406979866921,1,1,4,9.632258875067095,1,0,0,0
IAASSE_01906,39,UK,Data Analyst,171,8,6,2,3,71.76809131349827,2,1,4,21.58075928973473,0,0,0,0
IAASSE_01907,43,Australia,Software Engineer,615,10,6,0,3,51.170710786780695,2,0,9,4.833885586448398,0,0,0,1
IAASSE_01908,20,Nigeria,Data Analyst,623,6,3,4,2,73.14061813873688,4,2,7,50.60453445029794,0,1,1,0
IAASSE_01910,59,India,Student,718,6,5,2,2,61.13492568876884,1,1,9,25.367250800111467,3,0,0,0
IAASSE_01912,28,USA,Student,520,8,10,0,1,67.21820841002521,2,2,6,24.41717482731159,2,1,0,0
IAASSE_01913,35,USA,Researcher,467,9,4,3,2,96.7692235108323,2,1,10,6.279124543800343,0,1,1,0
IAASSE_01914,29,Brazil,Professor,144,12,2,1,3,75.54586441395314,10,5,7,38.69757731511078,1,0,1,1
IAASSE_01915,40,Australia,Software Engineer,580,8,5,1,4,39.66128252358318,2,2,4,20.349116138796674,1,1,0,1
IAASSE_01916,29,USA,Software Engineer,715,6,4,1,5,49.15951027526312,1,1,7,37.51819293681285,3,0,0,0
IAASSE_01917,30,UK,Professor,577,7,2,2,6,49.70153276989074,2,2,5,17.01353564108818,1,1,1,1
IAASSE_01918,42,Canada,Software Engineer,271,10,8,1,3,88.813521686489,3,1,8,31.78419733562667,2,1,0,0
IAASSE_01919,62,Germany,Software Engineer,339,5,3,4,1,15.44416980088279,5,0,7,25.114326602788893,1,3,0,0
IAASSE_01920,36,India,Software Engineer,194,7,1,2,0,10.892563864111098,3,1,4,10.79834492233549,0,0,0,0
IAASSE_01922,53,UK,Student,285,11,3,4,6,82.07499693041194,6,1,6,27.933033349463905,0,0,0,0
IAASSE_01923,62,Australia,Consultant,548,6,10,0,2,89.00458482171064,2,1,5,36.24806718380804,0,0,1,1
IAASSE_01924,25,Australia,Software Engineer,177,10,3,1,2,81.08810254854717,3,3,7,14.93391051317313,0,2,0,0
IAASSE_01925,46,Canada,Student,509,6,3,2,2,82.74219821358234,1,1,4,28.298833996184797,5,0,2,0
IAASSE_01926,49,USA,Manager,539,8,4,2,3,83.1111839640034,3,1,6,9.491536860578917,1,0,0,0
IAASSE_01927,61,Brazil,Data Analyst,305,6,5,1,2,66.61295606195311,1,0,3,21.988570704855512,2,0,0,0
IAASSE_01928,35,Nigeria,Student,207,8,6,4,2,59.31847119040176,3,2,7,15.260526295283793,2,2,0,0
IAASSE_01929,23,Canada,Researcher,141,5,8,1,7,53.10417913070682,3,2,6,29.057101119321697,1,0,0,0
IAASSE_01930,35,Australia,Consultant,278,7,5,0,5,39.78489300350283,2,1,6,6.211931926551042,1,1,0,0
IAASSE_01931,36,USA,Consultant,541,10,6,0,4,7.544532939084673,5,1,8,22.070900970272064,0,0,0,0
IAASSE_01932,39,Australia,Freelancer,448,7,5,2,4,54.8822974686278,4,2,8,17.104467680096356,0,0,0,0
IAASSE_01933,54,Germany,Consultant,93,7,6,3,3,1.11002494881826,5,2,4,19.99707763868994,0,0,0,0
IAASSE_01935,58,Brazil,Software Engineer,127,8,4,0,2,96.44732625511463,4,4,6,24.797696424093512,0,0,0,0
IAASSE_01937,45,UK,Data Analyst,652,3,5,1,4,74.4302986266171,3,2,7,2.354172053243902,1,0,0,0
IAASSE_01938,27,India,Researcher,502,10,6,4,7,86.97025413207199,3,2,9,22.711132299399132,2,0,0,1
IAASSE_01939,52,USA,Researcher,152,7,6,1,5,92.02978184197696,2,2,5,11.059385810274776,1,0,1,0
IAASSE_01940,46,UK,Data Analyst,339,7,3,3,1,40.86401872716515,2,1,7,7.759102924272174,2,0,0,0
IAASSE_01941,32,UK,Professor,487,13,2,1,4,80.24467043280409,3,0,6,11.744181498439882,0,1,0,0
IAASSE_01942,50,Canada,Software Engineer,269,8,4,6,2,35.42346159440948,4,3,6,5.967672757800873,0,0,0,0
IAASSE_01943,24,India,Software Engineer,299,6,1,2,2,45.70364717298755,2,1,7,34.2576798540237,0,0,0,0
IAASSE_01944,29,Canada,Freelancer,435,6,6,3,5,37.49829668919747,3,1,7,3.6122845830166517,0,3,0,0
IAASSE_01945,47,India,Software Engineer,92,6,7,1,7,0.6912834709229214,1,1,4,74.46292301086159,1,1,0,0
IAASSE_01947,48,UK,Software Engineer,634,13,6,3,4,56.482109448783376,2,1,7,20.6615819405284,0,1,0,0
IAASSE_01948,41,India,Manager,124,6,5,1,2,23.429145529047805,2,0,7,33.232276926205756,1,0,0,1
IAASSE_01949,37,USA,Manager,276,12,2,2,7,83.87142090759676,2,1,7,31.784047917636023,5,0,0,0
IAASSE_01950,54,USA,Manager,401,6,0,0,5,79.29238341844245,4,2,7,15.468991331320996,2,0,1,1
IAASSE_01951,21,Canada,Researcher,168,8,5,1,3,80.89104921910464,4,3,3,18.37626284028612,0,0,0,0
IAASSE_01952,45,UK,Data Analyst,706,9,9,3,4,98.13110034027595,3,2,6,2.753590791969062,3,0,0,1
IAASSE_01953,61,USA,Consultant,110,13,5,1,3,22.39805751295185,0,0,7,29.088232592480786,1,0,0,0
IAASSE_01954,37,Germany,Consultant,659,9,6,3,3,80.30637978087799,3,2,5,16.505766347581492,1,1,2,1
IAASSE_01955,41,Canada,Student,173,7,6,5,4,95.97575646006,5,4,8,15.778502089094173,1,0,0,0
IAASSE_01956,49,Canada,Student,306,6,8,3,5,66.67699932728273,3,2,8,25.36379510855424,1,2,0,1
IAASSE_01958,53,Australia,Consultant,430,7,5,2,6,31.091835048012474,3,1,4,10.80146854802435,0,1,0,0
IAASSE_01959,51,Nigeria,Consultant,568,12,8,2,4,90.67734050585698,4,2,5,8.300835851764083,2,0,0,1
IAASSE_01960,53,USA,Consultant,162,7,7,0,5,49.54384586140153,3,2,6,8.882014524382885,1,0,0,1
IAASSE_01961,19,Australia,Software Engineer,330,14,5,4,1,22.71966541121431,2,0,8,4.771518429630507,2,1,1,0
IAASSE_01962,32,Nigeria,Researcher,354,10,2,2,1,95.0286377005463,5,4,7,14.84077264448735,0,0,0,0
IAASSE_01963,51,Australia,Software Engineer,127,8,4,4,2,43.67764016621831,5,4,5,18.7725473175743,2,0,2,0
IAASSE_01964,53,Germany,Student,658,6,6,3,3,84.37103008474406,0,0,5,6.773861591773072,1,1,1,0
IAASSE_01965,23,UK,Manager,534,11,4,1,2,63.547284268199874,2,1,6,2.6848196413016767,2,0,1,1
IAASSE_01966,56,USA,Software Engineer,567,9,5,1,5,98.95602589060285,6,4,8,12.90735062855408,0,2,0,1
IAASSE_01967,59,Canada,Researcher,170,10,3,2,1,56.57007300036422,4,2,7,22.50592168449923,1,1,0,0
IAASSE_01969,20,Nigeria,Software Engineer,346,13,5,2,3,44.54941980283175,2,2,6,88.17371798678194,1,3,0,0
IAASSE_01970,62,USA,Student,672,9,7,4,6,66.89994707203361,2,1,7,19.476301437008697,0,0,0,0
IAASSE_01971,35,Brazil,Data Analyst,318,8,5,0,3,55.4651298631092,6,5,3,50.89740031128031,1,0,0,0
IAASSE_01972,57,Brazil,Student,382,8,8,4,4,97.92542317370958,2,2,11,19.56110339430993,2,1,1,0
IAASSE_01973,38,USA,Student,352,5,3,5,4,93.88351981003778,4,3,3,59.1035189923867,3,0,0,0
IAASSE_01974,32,UK,Freelancer,156,11,2,3,3,86.81530757113632,4,0,5,44.45318852830002,1,1,0,0
IAASSE_01975,50,Nigeria,Student,591,8,5,0,6,47.36945149364738,5,2,4,27.385583975097667,2,1,0,0
IAASSE_01976,52,Brazil,Data Analyst,587,8,7,1,4,87.4029791096703,1,0,3,29.584241598793962,2,0,1,0
IAASSE_01977,43,Canada,Software Engineer,183,8,6,2,4,29.88920186566923,2,1,7,11.68103717918327,1,0,0,0
IAASSE_01978,25,UK,Researcher,360,4,4,1,4,70.40731283096824,2,2,10,20.25227578763427,0,0,0,0
IAASSE_01979,53,Australia,Student,520,7,4,0,1,70.89393496974503,5,4,4,11.978206800803253,3,0,0,0
IAASSE_01980,47,Germany,Manager,315,4,8,1,1,65.34084782798129,3,1,10,30.121912032088165,1,1,0,1
IAASSE_01981,40,UK,Manager,125,9,7,1,3,55.99516751855794,5,2,5,17.97607442918078,2,0,0,0
IAASSE_01982,59,India,Data Analyst,525,2,2,2,3,87.01865087529404,1,0,4,9.929898642102554,2,0,0,0
IAASSE_01983,61,USA,Data Analyst,484,8,3,3,5,56.5651957392202,2,2,7,11.412417117666703,1,0,0,0
IAASSE_01984,31,USA,Professor,420,10,9,0,2,86.08803673242134,1,1,8,26.98818797587531,0,1,0,0
IAASSE_01985,31,UK,Consultant,593,9,6,2,4,93.09845072168866,1,1,10,24.407557143969534,1,1,0,1
IAASSE_01986,19,UK,Researcher,357,10,6,2,3,55.8949001097499,3,2,5,11.230655021446609,1,0,0,0
IAASSE_01987,54,UK,Student,512,4,6,3,2,40.138671321988156,5,5,10,9.292828923148804,1,1,0,0
IAASSE_01988,22,Canada,Software Engineer,201,7,4,0,4,91.43135357108544,0,0,3,5.0136076143827335,0,0,0,0
IAASSE_01989,55,UK,Software Engineer,193,8,5,2,2,93.34996449905503,1,1,7,12.088455570925047,1,1,0,0
IAASSE_01990,62,USA,Student,456,7,5,2,2,75.78026178623466,3,1,7,11.853961784656411,1,1,1,0
IAASSE_01991,58,UK,Software Engineer,502,8,6,2,9,85.43153447974558,4,3,5,14.831528946725037,2,0,1,1
IAASSE_01992,64,Brazil,Researcher,521,8,1,1,5,77.08921489075374,3,2,7,58.494793693934675,1,1,1,0
IAASSE_01993,31,Canada,Data Analyst,702,4,3,0,5,74.02027186349052,7,4,5,4.69722195025824,0,0,0,0
IAASSE_01994,56,Canada,Manager,279,13,9,4,2,43.36658220393184,1,0,6,14.536101597454941,0,1,0,1
IAASSE_01996,37,Brazil,Data Analyst,269,3,7,0,3,89.1591459864394,2,2,6,19.096319835380648,0,0,1,0
IAASSE_01997,19,USA,Consultant,374,11,4,3,1,60.474158125149415,2,2,6,43.79540042799487,1,1,1,1
IAASSE_01998,56,Germany,Student,139,5,7,4,2,76.70586395973883,5,4,7,9.908794597641613,2,0,0,0
IAASSE_01999,23,Germany,Consultant,231,6,3,0,3,67.17394469926151,4,3,6,10.262972560361288,1,0,0,0
IAASSE_02000,34,Australia,Student,316,7,5,2,2,69.83004388922843,0,0,6,9.892163592324719,1,0,1,0
IAASSE_02001,42,USA,Student,579,8,4,1,2,94.35526652457962,5,3,9,33.98335246378806,0,1,0,0
IAASSE_02003,19,USA,Software Engineer,201,7,2,2,5,26.212742027269307,1,0,6,6.868830291606518,2,3,1,0
IAASSE_02004,52,Australia,Professor,449,11,6,2,3,94.82020484793574,3,1,4,80.3263968796532,1,0,0,0
IAASSE_02005,54,India,Data Analyst,309,3,8,7,4,36.15325012762865,2,1,5,35.18337036424525,2,1,0,0
IAASSE_02007,18,India,Software Engineer,127,6,7,2,3,80.81549486405699,5,2,3,12.02447515938607,0,0,0,0
IAASSE_02008,57,USA,Software Engineer,505,8,5,3,1,93.67075503050407,1,0,4,7.353584521216314,1,1,1,0
IAASSE_02009,29,India,Data Analyst,568,9,8,0,4,78.54159434971567,2,0,6,23.458374875214226,0,0,0,0
IAASSE_02010,53,Canada,Researcher,475,9,3,4,1,64.50691532279708,5,4,4,5.036752617752073,0,1,1,1
IAASSE_02012,40,USA,Consultant,462,4,5,1,2,92.61239217943658,2,0,4,15.026621037414397,2,0,0,0
IAASSE_02013,64,Brazil,Freelancer,540,6,6,2,6,82.35423346618781,3,2,7,5.378839940894906,0,1,1,0
IAASSE_02014,48,USA,Data Analyst,377,5,7,2,2,18.073809839678916,1,0,8,15.042235786172105,1,0,1,0
IAASSE_02015,28,USA,Researcher,188,5,3,4,1,75.57504253783101,3,1,3,25.88572624526032,3,0,0,1
IAASSE_02016,27,UK,Software Engineer,523,5,4,1,2,94.54609070517905,5,1,5,11.807429266250155,1,1,0,0
IAASSE_02017,20,Germany,Researcher,663,7,5,3,2,60.77961789426403,2,1,8,41.106920418098426,0,0,0,0
IAASSE_02018,31,Australia,Software Engineer,596,7,2,0,4,82.63305309100765,0,0,5,10.973497540656702,0,0,0,0
IAASSE_02019,33,USA,Freelancer,237,9,6,3,4,63.215821044173026,1,0,7,2.513180214525687,0,0,0,0
IAASSE_02020,27,UK,Manager,354,9,7,0,3,77.88903747464973,6,2,6,14.7243631102925,2,0,0,1
IAASSE_02021,46,USA,Freelancer,485,4,5,0,2,10.919378712149024,4,3,5,12.258394005356504,1,1,1,1
IAASSE_02022,27,USA,Consultant,215,8,2,1,2,55.15587987606382,7,2,3,18.6451936147478,1,0,0,0
IAASSE_02023,29,Canada,Professor,681,12,2,3,6,57.8068433959732,6,3,7,53.21460647002877,1,0,0,1
IAASSE_02024,47,Germany,Manager,686,9,6,1,1,85.41753704366594,3,1,6,0.9349070101766378,0,0,0,0
IAASSE_02025,58,USA,Software Engineer,284,7,7,1,4,85.01044531535582,3,2,5,24.40206516174665,0,0,1,1
IAASSE_02026,18,UK,Data Analyst,694,5,6,1,9,92.76466536910534,3,2,6,21.36324850635433,1,0,0,0
IAASSE_02029,25,Brazil,Software Engineer,664,9,7,3,3,98.09945885212868,2,2,8,10.781446298517036,0,0,0,0
IAASSE_02030,60,India,Software Engineer,470,8,0,3,2,54.88537397797199,3,2,7,8.26112595413302,0,0,0,0
IAASSE_02031,29,USA,Software Engineer,589,10,7,0,2,94.57059842630584,1,1,6,9.44003854688949,1,2,0,0
IAASSE_02032,18,USA,Freelancer,164,10,5,0,4,86.71204940783028,2,1,6,7.921661031640761,1,0,0,1
IAASSE_02035,60,Canada,Data Analyst,727,2,7,2,4,64.7507046621915,0,0,6,17.695716731637226,1,0,0,0
IAASSE_02037,64,Nigeria,Data Analyst,288,11,2,2,2,63.175214277083704,3,1,8,1.5112515783404552,1,0,0,0
IAASSE_02038,54,India,Manager,546,9,5,2,2,88.93307347459245,4,2,5,59.72512633660067,0,0,1,0
IAASSE_02039,29,UK,Software Engineer,423,5,5,2,4,64.55859314173246,2,0,5,7.573494304160865,0,0,0,0
IAASSE_02040,54,Germany,Software Engineer,729,10,4,3,2,61.581621788058605,4,3,6,15.196671964089802,0,0,0,0
IAASSE_02041,61,UK,Consultant,291,4,7,2,3,82.65599867672941,1,0,4,4.440285325660827,0,1,0,0
IAASSE_02042,45,USA,Manager,538,12,5,1,3,79.3969656509773,1,1,8,3.643950171054484,1,0,1,1
IAASSE_02043,64,Germany,Student,538,6,3,3,3,98.31091819895686,7,4,2,4.753443651179148,0,0,1,0
IAASSE_02044,32,USA,Researcher,517,5,3,2,3,54.639967627112526,3,3,5,32.633142575928986,0,0,0,0
IAASSE_02045,23,Canada,Software Engineer,402,11,6,0,1,66.72484768826152,2,1,6,5.02972730468501,0,0,0,0
IAASSE_02046,61,UK,Data Analyst,126,6,4,0,2,55.82338739100419,3,3,5,14.762416528532679,0,0,0,0
IAASSE_02047,37,Germany,Student,103,6,4,3,0,86.71173025630098,3,1,4,17.801260993751427,1,0,0,0
IAASSE_02048,31,India,Software Engineer,126,9,9,1,2,79.28627063249805,4,0,7,7.737503453450383,0,0,0,0
IAASSE_02049,19,UK,Data Analyst,543,10,3,0,0,83.37415479265336,6,3,6,32.412477166831486,1,0,1,0
IAASSE_02050,26,India,Data Analyst,159,8,5,1,3,12.541333762224523,0,0,7,13.722909153992358,1,0,1,0
IAASSE_02051,54,UK,Researcher,251,9,7,2,4,36.789746498032,4,2,4,5.68625210178633,0,1,0,0
IAASSE_02052,37,Canada,Manager,522,6,5,2,6,59.99731687653437,1,0,8,21.980317120271962,1,0,0,1
IAASSE_02053,43,India,Data Analyst,399,12,3,1,2,82.01022841284033,5,3,2,12.390402747838722,1,0,0,0
IAASSE_02054,46,Germany,Student,149,11,3,5,4,93.32179344125183,2,2,6,16.195207570492418,0,0,1,1
IAASSE_02055,18,Brazil,Consultant,510,6,6,1,0,45.746652374967226,0,0,10,11.701384668406568,0,0,1,0
IAASSE_02056,52,USA,Student,226,11,4,1,3,51.752224850800765,1,0,10,19.627460354113403,0,0,1,0
IAASSE_02057,23,Germany,Professor,166,12,10,1,4,51.206238877097576,1,0,5,69.45449782436683,1,0,0,1
IAASSE_02059,22,Nigeria,Data Analyst,617,3,2,4,3,78.66066987772854,1,0,9,23.512367839292445,1,2,0,0
IAASSE_02060,50,USA,Data Analyst,698,13,9,2,6,30.28579366683848,3,3,5,3.1959320212056848,5,0,0,1
IAASSE_02061,31,India,Student,645,4,4,2,4,44.889285062507554,1,0,3,12.646120635542978,0,1,0,0
IAASSE_02063,59,UK,Student,340,1,3,2,1,38.25689638568516,5,2,4,19.807908020702435,1,0,0,0
IAASSE_02064,37,Canada,Researcher,531,8,4,3,1,98.72324234956793,2,2,7,23.878096371155625,1,0,0,1
IAASSE_02065,41,UK,Student,446,6,5,1,0,52.54118059255843,3,2,4,6.177809260287787,4,1,0,0
IAASSE_02066,60,Australia,Software Engineer,358,3,5,1,0,78.12451768521278,1,1,6,12.322906240665652,3,1,0,0
IAASSE_02067,51,Nigeria,Software Engineer,345,14,5,0,0,72.45321793934349,0,0,7,8.384217227919908,5,0,1,0
IAASSE_02068,42,Australia,Data Analyst,406,9,6,3,4,90.92188458314156,1,1,5,3.6195160111187534,0,0,1,0
IAASSE_02069,46,Germany,Student,402,8,7,1,3,74.58145986790521,4,1,5,36.680525817758266,1,1,1,0
IAASSE_02070,56,Canada,Student,208,8,3,1,4,60.417347168641456,3,2,5,21.557860759952426,0,0,0,0
IAASSE_02071,48,USA,Student,536,7,4,4,6,88.50982356576066,6,4,4,6.503488700933495,1,0,0,0
IAASSE_02072,64,USA,Manager,99,4,5,2,3,68.54926687211916,4,3,5,25.19384579154794,1,0,0,1
IAASSE_02073,60,Canada,Data Analyst,364,8,7,1,4,47.18612472638127,3,3,7,11.417871661703082,2,1,0,0
IAASSE_02074,40,UK,Manager,402,7,4,1,5,90.35089040491177,5,2,7,7.976333558319334,0,0,0,1
IAASSE_02076,55,Canada,Software Engineer,483,5,4,1,5,60.77070965169001,3,2,5,15.65825943498346,2,0,1,0
IAASSE_02077,37,UK,Software Engineer,618,10,5,4,3,42.12335496395875,3,3,5,14.159773174924823,0,0,0,1
IAASSE_02079,62,Canada,Data Analyst,561,6,3,5,8,13.29307305561972,4,2,10,7.756832226536185,0,0,0,0
IAASSE_02080,33,USA,Student,317,5,6,1,3,16.839753051358528,1,1,7,20.086663788492892,0,1,1,0
IAASSE_02081,59,Nigeria,Software Engineer,174,6,9,1,1,50.21744461762354,5,4,10,16.733105408103377,1,0,0,1
IAASSE_02082,25,Nigeria,Data Analyst,198,11,5,2,3,52.337359559673004,0,0,5,26.123020808261025,0,1,0,0
IAASSE_02085,25,India,Software Engineer,694,7,2,3,4,70.19498946911091,2,1,4,5.102734488414403,2,0,0,0
IAASSE_02086,46,India,Researcher,423,9,6,2,5,36.90178420553747,4,3,7,24.115653602389404,3,0,1,0
IAASSE_02087,49,India,Software Engineer,714,9,6,1,3,42.10788944529103,1,1,6,17.139225605670557,0,1,1,0
IAASSE_02088,55,USA,Manager,164,7,6,2,6,66.4672258807165,2,1,6,19.576965673035197,2,0,2,1
IAASSE_02089,22,Germany,Researcher,506,5,8,4,1,88.83145886385826,3,2,6,17.789074726242863,1,0,0,0
IAASSE_02090,64,India,Software Engineer,372,10,2,4,1,72.21355041679797,2,1,6,42.601761933682184,1,0,1,0
IAASSE_02091,39,Australia,Researcher,346,5,6,1,1,49.24258209951358,2,1,6,41.64120039493401,0,0,2,1
IAASSE_02092,64,Germany,Consultant,341,6,5,0,1,59.456996113708946,3,2,4,31.322117797054712,0,0,0,0
IAASSE_02093,51,Canada,Software Engineer,589,7,6,1,3,98.98035518935114,3,1,6,19.87067158475717,1,1,0,0
IAASSE_02094,18,Australia,Software Engineer,333,4,2,2,2,74.3828920299191,0,0,2,25.371827134429243,0,1,0,0
IAASSE_02095,43,USA,Manager,120,11,8,4,2,93.79295660500469,3,2,4,16.482946317565197,1,0,0,1
IAASSE_02096,60,Germany,Software Engineer,424,3,7,1,5,84.24013996361593,5,2,3,7.52091187061297,1,0,1,0
IAASSE_02097,27,USA,Student,474,7,9,3,2,68.29107531227618,3,3,6,39.22885868411679,3,0,1,0
IAASSE_02098,47,Canada,Consultant,149,6,3,3,4,72.57684151465759,7,5,5,8.22474394033728,0,1,0,0
IAASSE_02099,35,UK,Student,615,10,4,2,1,54.29842305483889,3,1,7,18.12505734505299,4,0,0,0
IAASSE_02100,34,Australia,Manager,315,12,4,1,3,96.28530314358962,3,1,4,21.300706060094292,0,0,0,0
IAASSE_02101,43,USA,Manager,407,14,1,2,0,98.51633550997701,3,1,6,27.577271169889812,1,0,1,1
IAASSE_02102,25,Germany,Freelancer,326,6,4,0,6,60.53960498627622,1,1,2,8.916671115131074,1,0,0,0
IAASSE_02103,64,India,Student,218,5,6,4,1,70.39939023415272,2,1,3,4.238592202174794,1,0,1,0
IAASSE_02104,57,USA,Software Engineer,323,3,7,2,0,35.10583403978198,5,5,5,10.45700558780209,2,3,0,0
IAASSE_02105,29,USA,Software Engineer,191,10,4,2,3,56.92389125286484,4,3,5,15.501960789127606,0,0,0,0
IAASSE_02106,44,USA,Data Analyst,211,10,5,0,2,31.558626565345264,1,1,9,13.682617873773438,2,0,1,0
IAASSE_02107,25,Nigeria,Student,370,8,8,2,6,56.37930122131919,3,2,7,31.491841596610733,1,0,0,0
IAASSE_02108,42,Australia,Software Engineer,222,4,5,2,3,41.33958426414167,4,2,5,16.35188565581363,0,0,0,0
IAASSE_02109,63,Canada,Software Engineer,252,6,4,1,2,95.65592809336432,3,1,7,15.364354937601984,0,0,0,0
IAASSE_02110,21,USA,Student,245,5,6,0,3,80.52981163535749,2,2,6,9.444799014857525,0,0,1,0
IAASSE_02111,50,Germany,Researcher,397,13,4,1,4,31.408520414656437,1,1,3,45.512342471496325,2,0,1,1
IAASSE_02112,18,Nigeria,Manager,526,7,4,2,1,63.87630912430927,2,1,1,5.802352449112762,1,0,0,0
IAASSE_02113,36,India,Manager,596,2,5,2,3,51.98806995602527,1,1,6,11.450905011233301,3,0,0,0
IAASSE_02114,48,Germany,Professor,283,10,6,5,2,62.53709055347002,4,3,6,22.08484812970267,2,0,0,0
IAASSE_02115,33,USA,Software Engineer,208,3,6,2,4,84.09223226800847,3,2,8,26.728709901322418,0,2,0,0
IAASSE_02116,31,USA,Freelancer,220,3,3,6,3,98.51278854889347,5,3,4,25.140962114547882,1,0,0,1
IAASSE_02117,22,USA,Consultant,612,8,4,2,3,54.86338499257113,1,1,4,23.973482732661253,2,3,0,0
IAASSE_02118,58,UK,Data Analyst,484,15,7,2,5,55.98769712622861,3,3,6,14.594464838446715,0,1,0,1
IAASSE_02119,43,USA,Student,514,9,3,2,3,78.28397475279203,3,3,7,20.95813386829109,2,2,1,0
IAASSE_02121,19,UK,Software Engineer,675,9,5,1,1,66.04904908679389,4,3,9,34.44675174774466,2,0,0,0
IAASSE_02122,23,Brazil,Software Engineer,671,9,6,6,5,28.411469366547472,3,1,4,27.799048005176505,1,1,0,0
IAASSE_02123,26,Australia,Software Engineer,148,9,3,0,4,66.46263574848082,2,1,5,16.935645967169865,1,0,1,0
IAASSE_02124,50,India,Manager,596,12,8,2,2,64.57855157406152,3,1,6,24.26764398369965,2,0,0,0
IAASSE_02125,58,Germany,Software Engineer,328,7,10,1,4,76.99424179401844,0,0,6,14.103075380872985,1,1,0,0
IAASSE_02126,42,USA,Student,700,9,2,4,5,51.962304288279846,6,2,7,1.3293511702853447,1,0,0,0
IAASSE_02127,30,India,Consultant,467,10,4,3,1,69.45456645524006,0,0,6,3.362737789176642,0,0,0,0
IAASSE_02128,26,UK,Data Analyst,713,7,7,5,1,40.5669579687937,6,4,7,15.523387884542348,0,0,3,1
IAASSE_02129,30,Germany,Freelancer,676,6,4,6,1,89.0894593667236,5,3,7,2.1230906318250806,0,1,1,0
IAASSE_02130,48,UK,Student,152,7,5,2,1,95.62362733071245,3,1,6,5.694767756897578,1,1,0,0
IAASSE_02132,28,UK,Student,362,9,3,4,0,48.18661848689063,2,1,3,2.9795148518791166,1,1,0,0
IAASSE_02133,21,UK,Data Analyst,283,9,2,2,2,98.98342292872759,1,1,8,29.819763309292377,0,1,0,1
IAASSE_02134,51,Brazil,Student,601,6,8,2,2,69.26449666016208,2,1,8,29.79599748658208,0,0,0,0
IAASSE_02135,55,USA,Researcher,406,11,7,4,2,28.869615929782277,3,3,6,27.9613260668042,1,0,0,0
IAASSE_02136,63,Germany,Consultant,674,4,8,0,3,76.9934654171261,3,0,4,13.348573206175194,0,0,0,0
IAASSE_02137,21,India,Software Engineer,522,4,6,2,2,56.66301190902562,4,2,1,30.136345244470593,1,0,0,0
IAASSE_02138,55,India,Professor,505,7,7,3,1,99.38772110765841,6,0,6,33.06272298405,1,1,0,0
IAASSE_02139,36,Brazil,Software Engineer,317,7,3,2,6,92.35372166105377,2,0,8,5.633019303422353,2,0,1,0
IAASSE_02140,23,Brazil,Researcher,277,4,7,4,1,97.85411151705344,2,1,5,10.304175169010108,0,0,1,0
IAASSE_02141,51,USA,Consultant,582,6,4,2,1,75.97791700992414,3,0,5,23.279002276500677,3,1,1,0
IAASSE_02142,35,India,Data Analyst,455,13,2,1,2,84.24489030920073,2,1,6,4.873408210371734,0,0,0,0
IAASSE_02143,30,Germany,Data Analyst,118,11,5,1,3,98.75985743785432,2,1,6,21.346820010897215,0,1,0,0
IAASSE_02144,58,Germany,Professor,245,10,4,0,4,57.87601018655263,2,2,3,51.2815661548902,4,0,0,0
IAASSE_02145,40,USA,Professor,150,7,6,2,4,59.68476565129283,2,1,6,26.43607910316925,0,1,0,1
IAASSE_02146,36,Germany,Freelancer,380,3,5,1,4,36.63463694230745,2,1,8,9.258237357215055,1,1,0,0
IAASSE_02148,28,Nigeria,Student,582,10,4,2,1,77.2206869982526,1,1,5,0.4620397132452969,0,0,0,0
IAASSE_02149,18,Canada,Consultant,295,11,10,2,3,86.9023218602034,0,0,4,14.777533639567967,0,1,0,0
IAASSE_02150,41,USA,Software Engineer,599,12,6,1,1,60.52280644108171,0,0,7,26.139793890617643,1,1,1,1
IAASSE_02151,24,UK,Freelancer,203,12,1,2,2,23.79107359189273,2,2,4,18.620639030251716,1,0,0,0
IAASSE_02152,42,India,Software Engineer,388,7,4,1,3,81.68350960068615,3,0,5,3.617634180721933,0,2,0,0
IAASSE_02153,38,Germany,Software Engineer,587,7,3,3,2,87.28531729716778,4,2,9,5.653884957269564,2,0,0,0
IAASSE_02154,32,Canada,Software Engineer,704,12,6,2,3,13.057046290744056,4,2,5,5.224867728238772,2,0,0,0
IAASSE_02155,18,USA,Data Analyst,685,11,5,5,3,75.71694862137338,1,1,9,24.802138602697642,0,0,1,1
IAASSE_02156,29,Canada,Student,723,8,9,5,2,72.91445169809376,4,3,9,18.576558348929414,1,1,0,0
IAASSE_02157,24,Canada,Consultant,498,8,4,1,2,70.54234176926785,4,3,11,5.106968698913466,1,0,0,0
IAASSE_02158,32,Nigeria,Manager,170,8,2,4,1,34.88021560350491,2,1,8,5.831828222134606,0,0,1,0
IAASSE_02159,38,Germany,Student,612,5,1,3,4,68.89140668685143,1,0,4,37.14286183856601,0,1,0,0
IAASSE_02160,36,UK,Manager,255,4,2,0,6,83.63998232401946,1,0,7,7.923272620288594,3,0,0,1
IAASSE_02163,50,Brazil,Data Analyst,518,8,3,4,3,84.49354891889614,2,0,5,5.764823376822783,1,1,1,0
IAASSE_02164,49,UK,Consultant,603,4,4,1,2,46.010481454473265,5,2,2,6.782980076676085,0,0,0,0
IAASSE_02165,52,Canada,Researcher,396,9,2,2,3,70.97253386326676,3,3,5,47.2597352300041,2,1,0,0
IAASSE_02166,61,UK,Software Engineer,542,6,8,7,2,90.12301683676729,1,1,4,34.83226340976402,1,0,0,0
IAASSE_02167,55,Germany,Researcher,117,7,6,0,4,82.96005081438699,2,2,6,21.682718183709767,0,0,0,0
IAASSE_02168,43,Germany,Student,601,4,6,0,3,99.9427644155032,3,2,9,58.37232288659642,1,0,1,0
IAASSE_02169,28,Germany,Software Engineer,466,10,3,4,5,63.81184939349115,4,3,5,16.362840589318466,2,1,0,1
IAASSE_02171,25,UK,Data Analyst,440,10,6,3,3,53.271558286159696,8,5,5,16.250919595810743,1,1,1,1
IAASSE_02172,63,USA,Researcher,386,11,8,0,3,43.85745688894344,4,3,4,14.94867074318628,0,1,0,1
IAASSE_02173,31,Germany,Professor,658,4,11,3,2,91.94286605677776,3,2,9,27.14663637177976,3,0,0,1
IAASSE_02174,27,USA,Software Engineer,446,7,3,0,6,60.20865536203848,3,2,10,8.516730940621686,2,0,0,0
IAASSE_02175,19,Australia,Data Analyst,345,9,4,2,2,84.44148790546303,2,1,5,32.03005096674084,3,0,1,1
IAASSE_02176,63,Nigeria,Researcher,430,6,5,3,3,51.3334595686262,3,2,8,23.64811774735258,1,0,0,0
IAASSE_02177,26,Nigeria,Consultant,175,8,6,0,4,93.28448675923654,4,2,5,4.367351393849509,0,0,0,0
IAASSE_02178,20,Canada,Manager,715,9,5,2,1,95.2415910487113,3,2,4,23.070534109896887,1,0,0,0
IAASSE_02179,38,Canada,Consultant,268,11,3,2,1,85.06530902611031,5,4,5,35.1473752529549,1,2,0,1
IAASSE_02180,43,USA,Software Engineer,585,9,5,4,3,67.36324979409456,1,0,6,17.76354376873462,3,0,1,0
IAASSE_02181,25,Germany,Manager,235,2,4,1,3,43.71280187622469,4,3,8,41.85131712466506,1,0,0,1
IAASSE_02182,19,India,Student,167,12,8,2,5,84.71081057119223,1,0,5,7.415335725187532,2,1,0,1
IAASSE_02183,23,USA,Data Analyst,433,6,8,4,1,86.86518479642778,5,1,8,16.45362798724362,1,0,2,1
IAASSE_02184,45,Canada,Software Engineer,128,12,5,3,1,89.21357256673372,2,2,4,6.01204612085997,2,1,0,1
IAASSE_02185,46,India,Software Engineer,155,6,7,0,2,72.6711486814396,2,1,5,25.383603872172774,2,1,0,0
IAASSE_02186,43,Nigeria,Professor,711,9,1,2,1,55.76931514767307,5,3,9,10.536467890305751,0,1,0,0
IAASSE_02187,42,USA,Consultant,117,11,4,4,5,88.61357606087294,7,5,7,7.381181528992667,0,0,0,1
IAASSE_02188,29,Australia,Student,663,12,3,3,5,37.10969709116495,1,0,7,18.215365107657142,0,0,0,1
IAASSE_02189,22,USA,Student,227,5,8,3,4,64.70214470028283,3,3,5,7.07963973946104,0,0,1,0
IAASSE_02191,54,Nigeria,Data Analyst,644,10,3,1,2,67.61487109730369,5,2,3,11.062036696696902,0,0,1,0
IAASSE_02192,32,India,Researcher,360,4,5,0,3,41.427006146479584,2,1,5,12.209928168938182,2,1,0,0
IAASSE_02193,61,India,Professor,480,5,5,5,4,44.25220694318511,4,2,7,25.303689697473107,0,0,0,0
IAASSE_02194,53,USA,Freelancer,491,4,2,2,2,11.423499034956732,2,1,4,31.272321853164296,0,0,0,0
IAASSE_02196,60,Canada,Consultant,159,4,5,3,2,88.12027984736739,5,3,7,28.270958894986183,0,1,0,0
IAASSE_02197,40,UK,Software Engineer,245,5,2,1,1,94.71982637307555,4,0,5,12.828613071747375,2,0,1,0
IAASSE_02198,23,Australia,Data Analyst,196,6,6,2,6,50.935365445043914,6,3,8,9.369320636462394,1,0,0,0
IAASSE_02199,63,USA,Software Engineer,669,10,4,3,2,45.886497707984525,0,0,6,56.773225088372854,2,0,0,0
IAASSE_02200,61,India,Software Engineer,92,7,4,1,5,30.738621872086224,5,1,10,8.567106002246222,0,1,0,0
IAASSE_02202,62,USA,Data Analyst,700,10,5,5,5,87.94012159591685,4,3,7,38.429231627372715,0,0,0,1
IAASSE_02203,38,USA,Data Analyst,325,8,6,3,2,30.398292697997974,1,0,8,5.75609481750826,1,1,2,1
IAASSE_02204,40,USA,Data Analyst,164,14,7,4,1,60.60565579551197,4,2,7,4.818185201015576,0,1,0,1
IAASSE_02205,60,USA,Freelancer,487,5,7,2,2,79.99313402713163,6,5,8,42.10332053600449,1,0,0,0
IAASSE_02207,64,India,Manager,335,11,0,2,4,62.02587920245012,3,3,4,36.68259826146887,1,0,0,0
IAASSE_02208,32,USA,Manager,422,11,5,3,7,66.81342856433949,0,0,6,7.409428756486606,1,0,0,0
IAASSE_02209,42,USA,Data Analyst,209,5,6,2,4,92.08051468624716,3,1,10,32.236906024292075,2,0,0,0
IAASSE_02210,53,Australia,Software Engineer,235,7,1,2,2,53.11411850453567,3,1,6,5.979174734794554,1,0,0,0
IAASSE_02211,28,India,Consultant,158,6,5,4,5,53.292932830498366,3,1,8,7.440879492354641,0,1,0,1
IAASSE_02213,21,UK,Professor,231,10,8,3,4,39.375134235825186,1,0,3,10.518954997685995,0,1,0,1
IAASSE_02214,38,Australia,Data Analyst,479,3,6,1,3,11.34389817644888,5,4,6,36.2785709485817,0,4,1,0
IAASSE_02215,30,UK,Student,649,5,2,1,8,19.628132812480118,4,2,3,8.56456865814228,3,0,0,0
IAASSE_02216,39,USA,Consultant,366,11,7,0,5,99.23001684222722,1,0,5,44.371314587174986,0,0,1,0
IAASSE_02217,36,India,Consultant,546,9,5,0,4,68.22917028753437,3,3,10,13.790931591135323,1,0,0,0
IAASSE_02218,51,Germany,Freelancer,615,9,3,1,4,66.03325700613117,2,1,9,16.220451254604022,1,0,0,0
IAASSE_02221,63,Germany,Consultant,684,6,12,3,4,33.90596373857748,3,2,6,9.121041331249602,1,1,0,1
IAASSE_02222,44,USA,Consultant,251,10,4,3,2,55.300999554812115,2,1,6,21.617988489710577,1,0,1,1
IAASSE_02223,46,UK,Software Engineer,225,5,5,5,2,45.56885340059022,4,4,7,4.8094916466405815,0,3,0,0
IAASSE_02224,64,USA,Software Engineer,620,6,4,2,2,85.54719201712287,5,3,7,10.934453124300113,0,0,0,0
IAASSE_02225,45,USA,Professor,297,7,3,1,6,87.49399689448668,2,2,3,25.228770779856866,0,1,0,0
IAASSE_02226,52,Germany,Software Engineer,464,9,8,4,3,51.14810982801152,2,2,5,19.785676836313627,0,1,0,0
IAASSE_02227,25,Nigeria,Software Engineer,210,5,7,2,1,98.42582730604028,1,1,5,22.013138186937972,2,0,0,0
IAASSE_02228,33,Brazil,Software Engineer,208,8,2,2,4,76.8366965762927,4,1,10,6.071117029281372,2,1,0,0
IAASSE_02229,59,Germany,Software Engineer,572,7,10,0,2,51.59591482422988,4,4,7,6.719832773311084,2,0,0,0
IAASSE_02230,53,USA,Software Engineer,488,14,6,1,3,85.24322699418667,2,1,8,13.77515592715409,3,1,0,0
IAASSE_02231,47,USA,Student,517,5,4,1,3,46.66452642732094,3,3,3,6.904291958041525,0,0,0,0
IAASSE_02232,35,India,Consultant,284,7,3,2,2,61.196196221467424,4,1,3,14.94888624699993,0,0,0,1
IAASSE_02234,30,Australia,Software Engineer,531,9,4,4,4,35.96140098981101,3,2,6,1.4551946547977066,2,1,0,0
IAASSE_02235,21,India,Student,362,8,4,2,5,73.75973299639783,4,1,3,7.124622128034476,0,0,1,0
IAASSE_02236,43,Germany,Student,362,7,6,2,4,87.72394445620174,1,1,6,9.694283695525755,2,1,0,0
IAASSE_02237,42,India,Data Analyst,605,8,3,3,2,26.866761786754733,3,1,8,12.611462697440128,0,1,0,0
IAASSE_02240,24,Nigeria,Professor,729,7,5,1,6,79.65691405736573,2,2,8,30.398062718397767,1,0,0,0
IAASSE_02241,48,UK,Data Analyst,220,8,4,0,3,75.04668045992906,3,1,9,25.776975593362728,0,0,2,0
IAASSE_02242,61,Germany,Data Analyst,703,5,6,3,6,45.88143602759222,4,2,8,10.285098404189593,0,0,0,1
IAASSE_02243,27,UK,Student,455,10,3,1,2,89.23844295686196,0,0,8,16.477460023366813,1,0,0,0
IAASSE_02244,56,Brazil,Student,439,5,6,1,0,46.725235248114174,0,0,5,19.623845223245382,1,0,0,0
IAASSE_02245,30,USA,Manager,551,7,3,3,3,72.81754895484778,3,2,6,18.24766473049858,0,0,0,0
IAASSE_02246,48,Australia,Consultant,121,11,2,5,3,96.5947323462814,2,0,6,52.409842332661434,2,0,1,1
IAASSE_02247,24,USA,Researcher,426,4,3,5,2,79.61680334766356,0,0,4,68.19318069081406,0,1,2,0
IAASSE_02248,59,Germany,Student,505,11,3,3,5,82.30809573360864,3,1,6,15.895245919828657,0,0,0,0
IAASSE_02249,59,USA,Data Analyst,716,10,0,2,2,42.68210831788413,3,1,6,8.241553379434608,2,0,0,0
IAASSE_02250,53,USA,Software Engineer,386,13,4,2,2,78.35753334774257,5,3,8,10.970654267012584,0,0,0,0
IAASSE_02251,37,Canada,Freelancer,149,6,5,3,1,80.38441426359549,1,0,3,15.302905728229206,0,0,0,0
IAASSE_02252,21,Nigeria,Data Analyst,638,5,3,3,1,64.45781283929362,6,5,4,3.1142806266767957,2,1,0,0
IAASSE_02254,18,USA,Software Engineer,545,6,11,2,2,92.60795298618957,4,4,4,7.432232850083774,2,0,1,0
IAASSE_02256,62,Canada,Software Engineer,541,12,9,3,3,78.26708949293979,2,0,6,7.9696885503856,1,0,0,1
IAASSE_02257,59,Nigeria,Student,679,9,1,2,1,58.597581167158474,0,0,4,7.299685672446239,0,0,1,0
IAASSE_02259,30,Germany,Data Analyst,574,4,4,6,5,99.62970106847418,4,3,6,10.976020097394843,3,0,0,0
IAASSE_02260,39,USA,Manager,419,9,3,1,4,87.30788578994976,1,0,8,29.255600496476323,0,1,0,0
IAASSE_02261,38,USA,Student,421,5,0,0,0,73.05012752341615,4,2,6,51.38188605580624,0,1,0,0
IAASSE_02262,39,Germany,Freelancer,455,15,6,2,2,64.34671815245181,4,3,9,51.99343730252032,1,0,0,1
IAASSE_02263,45,Australia,Student,616,4,4,2,4,35.51614880950534,5,4,10,14.906296795584005,1,1,0,0
IAASSE_02264,26,India,Consultant,664,7,5,6,1,69.85168134548452,4,4,2,19.568443506190697,1,0,0,1
IAASSE_02265,43,UK,Manager,442,11,6,0,5,18.860480198158346,6,4,8,5.387345242105205,2,1,1,0
IAASSE_02266,26,Canada,Freelancer,558,5,7,2,4,15.052865978834282,1,0,7,19.842524601503268,0,1,0,0
IAASSE_02267,32,Canada,Software Engineer,711,7,6,0,4,31.515203223099974,2,0,7,9.133374876712779,1,0,1,0
IAASSE_02268,27,Brazil,Manager,245,8,2,1,3,23.021077255813243,5,4,10,16.30468337975263,1,0,0,0
IAASSE_02270,59,UK,Student,714,8,4,4,1,42.08695359538929,4,4,6,33.330027009101,0,0,0,0
IAASSE_02272,41,Australia,Student,271,7,4,3,5,74.2507051489986,3,2,12,36.067252115410334,1,1,0,0
IAASSE_02273,33,UK,Freelancer,587,3,7,0,3,85.20777069010646,3,2,5,9.071598390686603,1,0,0,0
IAASSE_02274,43,Nigeria,Student,451,3,5,2,5,69.47433230735875,4,3,5,28.5251622523559,0,0,0,0
IAASSE_02275,44,UK,Software Engineer,145,6,8,3,2,97.227008175018,4,3,6,25.997153258803557,3,0,0,0
IAASSE_02276,54,Nigeria,Researcher,202,4,6,2,3,11.041722952094291,3,1,3,32.55306014794365,0,1,0,0
IAASSE_02278,41,Germany,Researcher,621,6,4,4,3,88.10943011830894,6,3,4,28.476755153296253,0,1,0,0
IAASSE_02279,36,Nigeria,Student,231,8,5,1,5,75.30889322934915,6,4,6,7.077911863341767,2,0,0,0
IAASSE_02280,53,USA,Software Engineer,641,7,3,3,4,7.974721233663695,4,3,8,30.65347040516737,1,1,0,0
IAASSE_02281,56,Brazil,Data Analyst,108,5,2,0,10,61.74781391424305,1,1,5,28.85509996317523,0,1,0,0
IAASSE_02282,27,Canada,Professor,270,6,3,1,1,91.49824125279902,4,3,5,23.635531484817886,0,1,0,0
IAASSE_02283,42,Brazil,Manager,167,5,4,5,4,64.23361007523542,6,5,6,22.361366522111318,2,2,1,1
IAASSE_02284,35,Germany,Freelancer,239,7,6,0,7,94.84651865023777,3,2,5,22.80602641502896,0,1,2,0
IAASSE_02285,36,UK,Student,497,13,6,1,4,89.5940484749611,2,1,9,34.215962916109476,0,0,1,0
IAASSE_02286,53,USA,Data Analyst,317,9,9,1,3,34.51691084099235,1,1,9,7.203180654928836,4,0,0,0
IAASSE_02287,27,UK,Student,657,7,8,2,2,95.7389498386392,2,0,6,11.702267815937564,0,0,1,0
IAASSE_02288,50,USA,Student,233,5,5,1,1,67.83107744748726,2,0,7,9.783367764759454,1,0,0,0
IAASSE_02289,22,USA,Data Analyst,279,8,3,2,2,67.9314274380186,4,2,5,5.655476803026886,0,0,0,0
IAASSE_02290,64,USA,Researcher,323,8,4,0,1,96.55358080754931,4,1,6,8.516768003096345,2,0,1,0
IAASSE_02291,52,Canada,Data Analyst,92,7,5,2,6,61.7998546036276,8,4,8,32.18668638445783,1,0,0,1
IAASSE_02292,61,India,Software Engineer,297,10,6,0,7,97.67900304427161,2,2,8,2.8963565235756543,1,1,1,1
IAASSE_02293,51,USA,Consultant,475,10,4,1,3,90.99787430170733,5,4,4,26.0735874796722,0,1,1,0
IAASSE_02294,50,USA,Researcher,584,5,5,2,0,73.72335999278377,5,4,7,15.495720398792105,1,1,0,0
IAASSE_02295,38,Germany,Software Engineer,653,11,0,0,3,96.99153076305464,2,2,4,8.224581003538914,2,1,1,0
IAASSE_02296,34,USA,Data Analyst,410,9,7,3,3,49.10572184831639,2,2,6,1.877216018353294,1,1,0,1
IAASSE_02297,39,USA,Software Engineer,433,6,8,2,2,95.60505850643037,6,2,11,10.260000845874695,1,1,1,1
IAASSE_02298,54,USA,Student,381,14,5,4,3,50.581813693706444,4,2,3,8.707723074684445,1,0,0,0
IAASSE_02299,32,Nigeria,Researcher,573,7,5,1,3,32.24359444717603,9,2,3,23.438235298845388,2,0,0,0
IAASSE_02300,52,India,Data Analyst,258,6,3,2,4,70.54514405300748,1,0,6,6.486540638518818,1,0,0,0
IAASSE_02301,45,UK,Consultant,539,12,4,2,3,70.38384738171779,1,1,10,5.674434735636948,1,0,0,1
IAASSE_02302,24,Germany,Manager,313,8,5,2,3,64.4311346107139,1,1,8,15.48626302229474,0,0,1,0
IAASSE_02303,49,Australia,Researcher,436,9,0,3,4,60.36973598554843,2,1,5,13.011760306999197,0,0,1,0
IAASSE_02304,28,Germany,Data Analyst,681,9,4,1,5,63.99438399123398,6,5,8,14.874103585934941,3,0,0,0
IAASSE_02305,27,Germany,Data Analyst,270,8,6,2,2,39.445788717454725,4,3,6,12.08017967490269,2,1,0,0
IAASSE_02307,31,UK,Software Engineer,113,8,3,3,4,33.719909381245564,4,1,8,27.418451232926095,1,1,0,1
IAASSE_02308,30,USA,Data Analyst,406,5,5,2,2,85.83898867726457,3,1,4,9.16926846988074,1,0,1,0
IAASSE_02309,42,Canada,Student,585,10,10,2,3,75.59330763735278,3,2,6,4.322667577776425,0,1,1,0
IAASSE_02310,19,Nigeria,Student,205,5,3,3,2,84.4269148729862,3,3,7,22.84017183128814,1,0,0,0
IAASSE_02311,52,Australia,Manager,198,6,7,3,4,31.511894474223865,3,0,7,8.340406056012071,1,0,1,0
IAASSE_02312,24,India,Data Analyst,520,7,1,2,2,78.91147320195847,3,2,6,19.256449268651338,0,3,0,0
IAASSE_02313,38,Brazil,Software Engineer,448,9,5,4,2,75.14356054055558,1,1,8,43.592926828925,1,2,0,1
IAASSE_02315,20,Germany,Software Engineer,364,7,7,2,5,53.91083148534393,3,3,7,11.66223358261676,2,0,0,0
IAASSE_02316,59,Germany,Consultant,121,4,4,4,4,2.157877911322708,3,1,6,48.50447213578228,1,0,0,0
IAASSE_02317,56,Brazil,Consultant,606,9,3,6,0,90.53795422273144,4,1,4,26.374140295209383,2,0,0,0
IAASSE_02318,58,Brazil,Software Engineer,203,7,6,2,6,81.6324018108062,3,2,4,3.2318346818296293,1,1,1,1
IAASSE_02319,28,Germany,Student,610,7,6,0,2,68.0600915798599,3,2,7,25.696696061990355,1,1,0,0
IAASSE_02320,56,USA,Software Engineer,280,9,3,3,3,83.5332634346852,6,3,3,2.284688680206419,0,1,0,1
IAASSE_02321,41,India,Researcher,166,5,4,2,3,78.40216498493261,3,3,5,14.227576343378143,1,0,0,1
IAASSE_02322,63,USA,Software Engineer,179,6,7,1,3,99.11803244375352,4,2,4,16.0053205786391,1,1,0,0
IAASSE_02323,36,India,Researcher,551,11,10,2,3,86.32447301816822,1,0,3,45.11103188006945,1,2,0,1
IAASSE_02324,21,Nigeria,Student,464,8,8,0,6,66.89634787328619,0,0,7,27.040509968935574,0,1,0,0
IAASSE_02325,43,UK,Researcher,591,5,6,3,0,98.54614861666761,2,1,4,18.902607623161764,0,0,1,0
IAASSE_02326,55,Germany,Student,439,12,4,4,4,90.09808416539681,3,3,4,15.53493991782094,2,0,0,0
IAASSE_02327,59,Canada,Manager,487,7,3,1,4,77.35085372530665,2,1,5,2.923248035438835,1,0,2,0
IAASSE_02328,49,Canada,Data Analyst,461,11,7,2,4,94.18796665971234,4,3,4,8.9153171099519,0,0,0,0
IAASSE_02329,56,UK,Researcher,202,10,6,2,4,48.01340235872255,5,2,5,5.356756544427684,0,0,2,0
IAASSE_02330,62,India,Student,605,4,3,2,2,94.61363148776843,3,3,5,24.496821652717795,0,0,1,0
IAASSE_02331,63,Brazil,Software Engineer,315,5,5,3,2,50.13448535108718,2,2,3,19.679742422474877,0,0,1,0
IAASSE_02332,53,Brazil,Researcher,562,4,5,1,6,58.088475556494814,3,2,8,25.590856374731242,3,0,0,0
IAASSE_02333,57,USA,Data Analyst,500,9,7,2,3,34.56269079172938,3,2,10,28.18188881850324,1,2,0,0
IAASSE_02334,54,Nigeria,Manager,445,12,5,5,2,96.27127219045465,1,1,5,16.439844627224904,0,2,0,1
IAASSE_02335,50,India,Researcher,656,9,6,4,0,84.95234035017108,2,1,8,14.296490967010753,0,0,0,0
IAASSE_02336,53,UK,Software Engineer,365,14,4,3,1,51.47099048736824,6,5,7,59.42453004629064,0,0,0,0
IAASSE_02339,25,Nigeria,Software Engineer,94,4,5,2,3,53.35117035664405,3,2,4,27.413841596266536,1,0,0,1
IAASSE_02340,50,Germany,Software Engineer,664,10,2,3,3,39.38744733415124,1,1,7,17.162603234974767,2,0,1,0
IAASSE_02342,58,UK,Software Engineer,427,10,2,2,0,58.530482082692636,1,0,4,12.490094543472184,3,0,0,0
IAASSE_02343,56,Germany,Data Analyst,559,11,3,1,3,85.75191417079733,5,2,7,18.680691293812473,1,0,0,0
IAASSE_02344,21,USA,Data Analyst,132,5,2,4,3,93.00762303071146,1,0,6,68.08379254559604,1,0,0,0
IAASSE_02346,19,Germany,Data Analyst,478,16,8,2,5,60.77604285605289,5,3,6,20.434966114437522,0,0,1,1
IAASSE_02347,22,USA,Manager,474,6,3,0,1,87.40891111083216,3,3,3,52.24423645054515,2,1,0,0
IAASSE_02348,61,India,Manager,516,10,6,1,4,79.62777783894576,1,1,5,19.7785441947684,0,0,0,0
IAASSE_02349,44,USA,Data Analyst,408,6,0,2,3,76.6737960477541,3,1,2,65.99941796329384,2,0,1,0
IAASSE_02350,49,Germany,Freelancer,182,12,1,3,4,61.832681367921985,4,3,7,24.51029421543388,2,2,0,1
IAASSE_02351,38,Canada,Software Engineer,373,8,4,0,3,94.58854564339146,2,2,4,64.84585453109389,3,0,0,0
IAASSE_02352,25,Australia,Professor,494,6,2,3,6,65.41413017731823,3,3,9,19.020309005492052,1,0,0,0
IAASSE_02356,61,UK,Data Analyst,636,4,4,1,1,65.32382811125802,2,2,3,11.161353683069768,1,0,0,1
IAASSE_02357,20,India,Student,579,6,1,0,0,74.24989012498325,2,1,7,6.7385491579970065,0,0,0,0
IAASSE_02358,39,Brazil,Researcher,606,6,9,2,3,70.19699600432943,5,3,4,44.793733244570355,1,2,0,0
IAASSE_02359,23,USA,Data Analyst,353,7,4,2,4,99.03777488711764,1,1,4,11.370394228557451,2,2,0,0
IAASSE_02361,40,Germany,Data Analyst,139,9,2,3,3,43.535108344221705,1,0,5,17.15236268418182,0,1,0,1
IAASSE_02362,61,Brazil,Manager,582,10,6,2,0,2.75310596620067,5,1,4,40.63577274719631,0,0,0,0
IAASSE_02363,19,Nigeria,Student,205,13,2,3,4,45.850974740208486,4,2,7,7.141752270395607,0,0,1,0
IAASSE_02364,55,Canada,Student,262,8,5,1,1,45.35355372117999,2,0,5,5.078782749880539,0,0,0,0
IAASSE_02365,34,India,Data Analyst,348,10,4,4,3,61.28479618680277,6,5,5,7.194208892215839,1,0,0,0
IAASSE_02366,52,USA,Software Engineer,673,2,1,2,3,94.40070985009814,2,2,6,10.46016299190309,1,1,0,0
IAASSE_02367,51,Brazil,Data Analyst,237,12,6,0,5,48.96852207675628,3,1,5,26.86251908281089,1,0,0,1
IAASSE_02368,40,Brazil,Manager,307,9,8,0,5,68.51758508584619,3,2,5,6.461902575323972,2,0,0,0
IAASSE_02369,47,USA,Student,553,6,3,1,2,33.10156085586648,3,2,5,27.07557083675598,2,1,0,0
IAASSE_02371,39,USA,Consultant,541,7,2,0,1,32.160319294326214,6,3,5,27.947838574024303,1,0,1,0
IAASSE_02372,61,UK,Student,659,5,4,0,4,95.3933417217932,9,5,3,11.595806898525606,0,2,1,0
IAASSE_02373,53,India,Professor,480,6,7,2,7,30.170913761585556,2,1,7,13.635420361764464,0,0,0,0
IAASSE_02374,22,UK,Freelancer,393,5,4,0,2,55.09640313810999,3,3,9,15.139397254483525,3,1,0,0
IAASSE_02375,30,USA,Student,291,8,5,0,0,36.7990031165098,2,0,3,6.1162611476205075,0,0,0,0
IAASSE_02376,46,UK,Data Analyst,456,10,11,0,2,38.238765115639886,5,3,9,31.535580435321826,2,0,1,0
IAASSE_02377,48,Brazil,Data Analyst,326,13,8,2,1,55.88507131493582,2,1,5,19.1044138230103,0,1,0,0
IAASSE_02378,64,Germany,Manager,162,9,4,2,4,72.18090435775711,3,2,6,6.494986329152636,1,0,0,0
IAASSE_02379,33,Canada,Software Engineer,477,11,3,1,3,97.19317120388055,3,2,4,8.32834090372341,3,0,0,1
IAASSE_02380,59,USA,Researcher,426,11,3,1,4,80.35831910193964,4,4,5,30.226526577303442,1,0,0,0
IAASSE_02381,47,Brazil,Manager,119,10,5,2,3,34.81841897705319,2,1,5,11.142953190947951,0,1,0,0
IAASSE_02382,33,India,Student,657,7,5,1,1,36.32367687035525,4,3,3,16.557909425329612,0,0,0,0
IAASSE_02383,29,UK,Consultant,428,7,6,1,6,68.44053070317658,3,1,7,22.62024552156206,0,0,1,1
IAASSE_02384,34,USA,Researcher,727,10,4,5,1,86.86186293803863,1,0,8,24.273499640149975,0,0,1,0
IAASSE_02385,33,USA,Software Engineer,604,6,2,3,1,49.24814696314979,2,1,3,17.16240229476653,2,0,0,0
IAASSE_02386,29,USA,Consultant,291,6,4,1,4,57.24558751063606,5,5,3,35.548114238116696,4,1,0,0
IAASSE_02387,25,Australia,Researcher,578,6,4,1,2,88.54461521793289,2,1,5,12.048160130394635,4,0,0,0
IAASSE_02389,20,Canada,Software Engineer,611,8,5,6,9,35.70183590797147,3,0,5,4.360860470276909,2,0,0,0
IAASSE_02390,33,India,Software Engineer,331,7,4,1,3,94.51063496537809,5,1,5,34.87723068368786,1,1,1,0
IAASSE_02391,47,Canada,Student,464,5,3,2,4,77.22282089541108,0,0,10,14.065256691378627,3,1,0,0
IAASSE_02392,62,Germany,Freelancer,271,11,7,1,4,88.25238756061185,1,0,5,25.085072597227224,3,0,1,1
IAASSE_02393,40,India,Student,388,10,5,1,3,60.81225315431894,2,0,5,31.297667324384257,0,3,0,0
IAASSE_02394,45,USA,Researcher,219,8,3,3,6,85.81725440332673,2,1,3,25.319821867749432,3,0,1,0
IAASSE_02395,57,UK,Software Engineer,339,8,6,1,5,89.95856915434088,7,4,6,45.28985437597993,2,1,1,1
IAASSE_02397,37,USA,Professor,364,4,8,1,2,15.922184149921689,3,1,6,16.562076988788647,0,0,0,0
IAASSE_02398,57,UK,Consultant,209,14,4,0,7,98.66707939656104,7,2,8,8.356987702786256,1,2,0,0
IAASSE_02399,61,Australia,Software Engineer,714,11,5,0,1,89.20204586530191,1,0,3,12.668187362378102,1,0,1,0
IAASSE_02401,47,Canada,Student,500,10,5,3,3,68.1117053589725,0,0,7,9.919196097242626,1,1,2,0
IAASSE_02402,38,India,Data Analyst,516,8,3,3,2,38.65916529510278,2,0,3,13.068128472875653,0,0,0,0
IAASSE_02403,37,Canada,Data Analyst,229,10,7,4,4,76.41977932047432,3,2,6,8.008708843205635,0,0,0,0
IAASSE_02404,23,India,Software Engineer,375,10,3,5,3,94.85218718233551,4,2,4,31.224058921037546,0,0,1,0
IAASSE_02405,39,Australia,Freelancer,698,7,3,2,5,51.505033849807006,2,0,4,8.936478880688352,2,0,0,0
IAASSE_02406,35,Nigeria,Software Engineer,424,8,7,1,4,98.99243012210212,10,3,6,34.21253824046316,0,0,1,0
IAASSE_02407,25,Canada,Consultant,553,6,2,4,2,9.568136716467722,4,4,4,35.48851101576549,0,0,0,0
IAASSE_02408,56,Australia,Researcher,109,10,4,2,2,98.22448534390303,2,1,5,42.54154286421803,1,0,0,0
IAASSE_02409,49,Germany,Software Engineer,167,10,6,2,4,92.94939581661636,8,5,4,34.62449669330101,1,2,0,1
IAASSE_02410,50,Canada,Consultant,206,4,6,2,3,49.85065260644316,2,0,10,9.62101984354725,0,0,0,0
IAASSE_02411,33,USA,Software Engineer,166,7,3,1,3,91.17286207098748,4,2,2,16.580975684987663,0,0,0,0
IAASSE_02412,29,USA,Consultant,701,10,2,2,3,64.7461512507476,4,2,3,48.62065991890755,0,1,1,0
IAASSE_02413,55,USA,Data Analyst,142,13,4,5,3,72.37785823399577,1,1,8,10.497290734345441,2,1,0,0
IAASSE_02414,51,Nigeria,Student,404,8,6,1,1,24.048047288159452,4,2,6,9.538863958187399,3,1,0,0
IAASSE_02415,31,USA,Consultant,398,8,1,4,1,33.81410254426751,1,1,4,17.101147400105713,2,2,2,0
IAASSE_02416,53,USA,Software Engineer,112,9,0,0,0,59.81903547220509,4,2,5,4.581659464167998,4,0,1,0
IAASSE_02417,50,India,Consultant,589,11,4,1,3,36.46013932174616,0,0,8,30.44540892386358,0,0,1,1
IAASSE_02418,40,UK,Professor,595,7,3,1,0,85.45545928218006,6,4,9,14.39043946192779,0,1,0,1
IAASSE_02420,19,USA,Software Engineer,283,12,7,2,4,97.16528577501732,2,2,4,11.019474022254968,1,0,1,0
IAASSE_02421,58,Brazil,Data Analyst,117,8,5,0,4,48.46482436514274,3,1,5,28.063054719137043,2,1,1,0
IAASSE_02422,38,Nigeria,Researcher,230,6,3,1,2,98.10269634971989,1,1,8,1.229677370392961,3,1,0,0
IAASSE_02424,44,Canada,Data Analyst,512,9,5,5,2,50.148147286779235,0,0,5,6.332892256954552,1,0,1,0
IAASSE_02426,18,USA,Researcher,488,10,4,1,1,64.32414289681078,2,0,6,48.85985349892841,1,0,0,0
IAASSE_02427,28,USA,Student,195,5,4,2,5,10.059678326704216,2,1,6,18.281676141729513,4,0,0,0
IAASSE_02428,20,USA,Manager,370,7,2,0,3,23.389620606620195,2,2,4,65.38753471415042,1,0,0,0
IAASSE_02429,40,Australia,Researcher,245,11,7,3,2,31.67236478697616,2,1,8,13.242032043953554,1,1,0,0
IAASSE_02430,43,Canada,Professor,407,4,4,3,4,66.10248749154076,2,1,7,16.955566475088904,1,0,0,1
IAASSE_02431,21,Canada,Data Analyst,310,9,6,0,3,98.06119881289351,3,2,4,6.37671723610914,2,2,0,1
IAASSE_02432,35,USA,Student,97,5,7,1,4,69.28414270582695,3,2,4,6.013143052733842,1,1,0,0
IAASSE_02433,23,Canada,Software Engineer,398,6,0,1,4,97.43143092986702,2,1,8,32.13797749744333,1,0,0,0
IAASSE_02434,52,Germany,Student,190,10,9,2,3,91.79966937772119,0,0,4,40.217104378264956,1,0,0,0
IAASSE_02437,32,USA,Manager,172,10,6,1,5,92.56322632901049,1,0,6,37.00044002973884,1,0,1,1
IAASSE_02438,39,India,Software Engineer,152,8,6,1,3,55.10588896456841,3,2,6,16.067651055917377,2,0,0,0
IAASSE_02439,54,Australia,Data Analyst,288,10,7,2,2,76.32356221364932,4,2,8,16.90116548615982,2,2,0,0
IAASSE_02440,59,USA,Student,555,9,4,3,4,62.178641844208826,3,1,5,7.206371424535931,1,0,1,0
IAASSE_02441,29,USA,Researcher,588,5,2,1,0,78.08922172308061,2,0,9,10.9337557400459,0,0,1,0
IAASSE_02442,64,Germany,Software Engineer,175,10,3,4,3,59.81292118947123,3,2,8,6.550476689443604,2,0,0,0
IAASSE_02443,59,India,Data Analyst,176,5,6,1,2,45.92753881043702,4,1,8,53.144543366924815,0,0,2,1
IAASSE_02444,55,Canada,Professor,352,5,7,2,4,89.04368011996219,4,4,5,4.147431104504376,0,1,0,0
IAASSE_02445,35,UK,Data Analyst,505,8,8,0,4,82.10386840636865,7,7,6,47.930163091377,2,0,1,1
IAASSE_02446,62,Nigeria,Software Engineer,466,13,3,3,3,73.95790414762314,4,2,4,15.068162168955965,3,0,0,0
IAASSE_02447,52,Germany,Software Engineer,303,7,2,4,1,23.774261069788327,1,0,8,23.224559592824075,2,0,0,1
IAASSE_02448,47,Canada,Student,148,8,3,0,4,54.813182984997425,2,1,7,39.255382756209556,2,0,0,0
IAASSE_02449,41,Canada,Professor,701,6,5,3,3,48.85963154339045,2,0,1,1.2044337003831083,1,0,0,0
IAASSE_02451,47,Germany,Student,124,15,5,2,5,96.13825548665334,1,0,3,21.813636204073077,1,1,0,1
IAASSE_02452,31,UK,Software Engineer,371,8,7,5,2,87.77503092295863,5,4,5,13.10846404024633,0,0,0,0
IAASSE_02453,23,Brazil,Researcher,677,9,1,0,1,61.05183276462518,0,0,9,50.371980360131204,1,1,0,0
IAASSE_02454,20,Canada,Software Engineer,142,5,5,2,2,57.0549207095849,5,3,3,15.911443026710346,1,0,0,0
IAASSE_02455,33,Canada,Researcher,420,7,4,0,3,64.33996682440853,3,2,3,16.57691279059858,0,1,0,0
IAASSE_02457,31,Nigeria,Data Analyst,563,6,5,4,2,83.42779909802081,2,1,5,5.584813204001654,0,1,1,1
IAASSE_02459,32,Canada,Student,409,5,7,0,0,79.73253026450993,2,1,7,10.617372859970672,1,0,0,0
IAASSE_02460,38,Germany,Consultant,211,8,8,3,3,96.86627405751008,5,2,5,11.834673427578231,0,0,2,1
IAASSE_02461,52,Australia,Student,505,6,6,1,1,52.777977812762856,3,1,5,10.667697456753553,0,1,0,0
IAASSE_02462,19,Canada,Consultant,330,18,2,3,4,83.07864783856145,1,1,4,9.232906166419244,0,0,0,0
IAASSE_02463,44,USA,Data Analyst,601,8,4,1,2,60.594837372651675,1,0,8,14.182833472630872,0,0,0,0
IAASSE_02464,19,Canada,Researcher,568,10,8,4,1,72.9796967654507,1,0,6,16.089384550271724,1,0,0,0
IAASSE_02465,52,USA,Student,287,6,4,1,3,72.91724932603468,4,2,7,13.841292671960357,0,0,0,0
IAASSE_02466,35,Nigeria,Student,172,9,5,2,1,81.49906656809412,4,2,6,13.045781923104725,1,1,0,0
IAASSE_02467,31,UK,Data Analyst,249,5,4,2,4,75.38113688688573,4,2,4,5.029470989000683,1,1,0,0
IAASSE_02468,37,Brazil,Student,485,4,4,2,2,92.76491495993731,1,1,7,22.022113671743394,1,0,0,0
IAASSE_02469,35,Australia,Data Analyst,170,5,4,2,1,99.10599674123512,5,3,4,29.005290094536793,0,1,0,0
IAASSE_02470,27,Germany,Software Engineer,330,6,6,1,3,94.31646317201525,2,2,6,9.596102924119004,2,1,0,0
IAASSE_02471,42,Australia,Software Engineer,574,5,6,1,3,98.38027222002559,2,1,5,4.8459937687372125,1,1,0,0
IAASSE_02472,19,USA,Manager,557,8,5,0,4,67.52030469860067,2,2,5,61.670721808676696,3,0,0,0
IAASSE_02473,42,UK,Researcher,646,9,6,0,5,40.83280084545401,3,2,7,6.0917703388280495,0,0,1,0
IAASSE_02474,50,USA,Researcher,640,12,7,2,5,93.63634664381227,4,1,5,2.311821401876194,2,2,0,0
IAASSE_02475,53,Germany,Software Engineer,704,8,6,2,3,48.754229836099874,2,0,10,5.734651593334588,2,0,0,0
IAASSE_02476,48,Canada,Software Engineer,214,9,6,3,4,88.07980527940558,1,1,5,6.665553844027652,1,0,1,0
IAASSE_02477,31,India,Software Engineer,321,9,2,1,4,48.811479954329954,3,2,6,13.736310991228049,1,0,0,0
IAASSE_02478,18,USA,Consultant,310,10,7,1,3,88.03158040095158,3,3,6,22.308986981142645,0,0,0,0
IAASSE_02479,63,USA,Data Analyst,245,11,7,2,2,90.00540302557532,0,0,6,19.84183605778433,1,0,0,1
IAASSE_02480,33,Canada,Student,230,8,4,0,3,89.51213903990111,1,0,4,15.024116006971164,2,0,0,0
IAASSE_02481,63,Nigeria,Researcher,94,8,6,1,4,48.215881606005865,5,1,7,4.900851327196201,2,1,0,0
IAASSE_02482,20,Germany,Data Analyst,543,8,5,0,1,56.62854276176519,0,0,3,13.330579210856728,1,0,0,0
IAASSE_02483,52,Canada,Consultant,435,7,5,5,5,89.15977035718662,2,2,4,14.505554177333755,3,0,0,0
IAASSE_02484,58,Canada,Consultant,226,5,5,1,4,44.201299020366704,4,3,3,29.955030581026637,0,0,0,1
IAASSE_02485,23,USA,Student,281,9,4,1,1,45.73756484398645,4,2,8,21.809119730936896,1,1,0,0
IAASSE_02486,42,Brazil,Student,653,6,4,4,2,96.08073685108108,2,1,7,8.215055731927695,1,0,0,0
IAASSE_02488,51,UK,Researcher,598,5,4,1,0,68.28555724988153,3,2,6,16.9467358641288,0,0,0,0
IAASSE_02489,25,Australia,Data Analyst,429,15,4,2,5,81.86145842045663,6,4,6,15.54528283200954,0,2,1,1
IAASSE_02490,38,USA,Researcher,261,8,8,2,2,74.76883504956913,7,7,8,8.494635010917534,0,0,1,1
IAASSE_02491,51,Brazil,Software Engineer,131,7,5,0,3,90.12155050679074,4,3,5,15.18313931108377,1,0,0,0
IAASSE_02492,21,USA,Data Analyst,152,5,2,4,4,75.77812099260272,3,1,5,29.287792489167842,0,0,1,0
IAASSE_02493,42,Germany,Student,621,16,4,4,1,61.45059644857936,4,2,8,30.721115906501506,0,0,0,0
IAASSE_02494,32,USA,Manager,391,16,6,1,2,93.21993430147786,6,3,7,10.002492403136461,3,0,0,0
IAASSE_02495,21,Germany,Data Analyst,453,9,7,2,0,97.0237920211125,3,1,9,6.214479830021857,1,1,2,0
IAASSE_02496,62,India,Consultant,393,8,3,0,8,60.129074042596045,3,2,6,34.103057980943646,1,1,0,1
IAASSE_02497,29,Germany,Software Engineer,389,7,6,1,7,20.723248936104326,4,3,8,5.4830924460731225,1,0,0,1
IAASSE_02498,49,Australia,Software Engineer,283,8,8,2,1,88.33878697135275,1,1,7,33.71159441647987,0,1,1,0
IAASSE_02499,49,Nigeria,Consultant,388,7,5,2,4,80.9699857642085,4,2,5,16.481725525261833,1,0,1,1
IAASSE_02500,45,USA,Consultant,130,5,3,1,3,99.79651756359345,1,1,5,14.34120310658452,1,0,0,1
IAASSE_02501,30,UK,Data Analyst,273,8,6,1,2,84.80143998737762,4,2,2,36.28592867171938,1,1,0,0
IAASSE_02502,48,USA,Data Analyst,117,4,8,3,3,99.86044285529032,1,1,4,8.51258597925516,2,0,0,0
IAASSE_02503,31,Brazil,Manager,387,7,6,3,1,47.317030065968204,1,1,3,15.508250046626452,2,2,0,0
IAASSE_02504,37,UK,Software Engineer,607,12,8,3,5,83.86577302985377,5,2,7,3.504122608261499,2,0,0,0
IAASSE_02505,35,India,Student,164,8,5,4,2,61.646577355317945,3,3,6,3.3078230702792695,2,0,1,1
IAASSE_02506,46,Germany,Professor,554,9,4,2,3,43.78238251591664,3,3,5,14.192048398432991,1,0,1,0
IAASSE_02507,23,USA,Student,605,11,3,1,1,76.56902612220533,1,0,4,2.798167597447765,0,0,0,0
IAASSE_02508,49,USA,Student,124,9,4,1,1,46.769827235348906,3,2,6,14.183448546980175,2,1,0,1
IAASSE_02509,46,UK,Student,334,10,2,4,4,41.195622356870814,3,1,2,32.16537110384905,0,1,0,0
IAASSE_02510,60,Canada,Researcher,700,5,4,2,5,8.489282396988571,5,3,5,22.73764643135192,0,1,0,0
IAASSE_02512,40,USA,Data Analyst,440,8,5,4,1,85.50955619133234,3,1,5,11.793790727470439,0,0,0,0
IAASSE_02513,36,Nigeria,Data Analyst,365,6,6,1,3,87.22378857775541,5,2,3,18.89074684072125,1,0,0,1
IAASSE_02514,48,Brazil,Data Analyst,677,9,8,1,3,73.60582328304578,2,2,3,14.39482795815755,2,0,0,0
IAASSE_02515,22,UK,Researcher,449,5,11,1,1,80.15913977791786,2,2,6,10.070018133462524,1,0,2,0
IAASSE_02516,36,UK,Student,170,3,5,3,7,38.37223657946301,2,2,9,15.831899437418018,0,1,0,0
IAASSE_02517,51,USA,Professor,367,8,2,2,3,50.368154350793084,4,3,9,25.28186701386229,0,0,0,0
IAASSE_02518,27,Germany,Data Analyst,591,7,6,5,2,38.87872485033368,1,1,6,12.898246509068997,1,0,0,1
IAASSE_02519,42,India,Freelancer,125,11,5,3,5,60.24454067906879,5,4,4,11.136314267489368,0,1,0,1
IAASSE_02520,19,USA,Student,201,11,3,2,4,58.998921132022616,6,3,7,14.028581449887731,1,1,0,1
IAASSE_02521,28,USA,Manager,607,7,3,0,3,76.69003497493084,4,2,9,32.188283935801316,3,0,1,1
IAASSE_02522,48,India,Data Analyst,594,7,4,1,4,66.27553622649988,1,1,8,7.217154368685085,1,0,0,0
IAASSE_02523,32,Australia,Student,657,7,4,2,4,97.34769941011953,1,1,10,11.54348528681885,0,0,1,0
IAASSE_02524,26,USA,Consultant,247,9,2,1,2,10.44200973090649,3,3,4,33.2905876984679,0,0,1,0
IAASSE_02525,40,Germany,Consultant,515,8,5,1,5,81.84146617108806,1,1,5,6.105932932634893,1,0,0,0
IAASSE_02526,36,UK,Software Engineer,672,9,6,0,5,90.88315592078476,1,0,5,13.083413154522376,0,1,0,0
IAASSE_02527,26,UK,Researcher,571,12,7,2,2,50.678991549893695,2,0,8,16.99888765435656,4,0,0,0
IAASSE_02528,52,India,Software Engineer,148,5,8,6,3,67.08912175225213,8,6,5,9.156481907422211,3,0,0,0
IAASSE_02530,26,Canada,Data Analyst,229,11,8,2,0,64.68973762604367,3,2,8,1.5055490445227047,0,0,0,0
IAASSE_02531,45,Brazil,Software Engineer,272,4,3,1,5,49.07555787006838,1,0,5,34.70186737453605,0,0,0,0
IAASSE_02532,63,Canada,Software Engineer,288,9,3,2,3,45.989890456967366,5,4,8,17.079777768052914,0,2,1,1
IAASSE_02533,24,India,Data Analyst,387,8,7,6,3,80.66877119579897,2,2,5,12.648189129184503,0,0,1,1
IAASSE_02534,33,Canada,Consultant,562,9,5,2,5,35.43898986285437,2,2,4,11.714569002758875,1,0,1,1
IAASSE_02536,50,Nigeria,Student,719,13,7,1,3,94.99902667122664,3,2,4,32.80510922631051,2,0,0,0
IAASSE_02537,21,USA,Software Engineer,527,11,8,1,4,31.455794417343313,3,1,5,11.449280438874336,1,0,0,0
IAASSE_02539,56,India,Student,608,9,6,1,3,80.21064456929261,2,1,7,34.19286110039098,3,1,0,1
IAASSE_02540,57,India,Software Engineer,542,14,1,2,5,96.86394759544773,7,4,3,31.52794327339981,0,1,0,0
IAASSE_02541,34,USA,Professor,146,13,3,1,4,94.20188381861813,3,1,6,43.07322819583088,3,1,0,1
IAASSE_02542,54,India,Data Analyst,322,7,8,5,1,95.59075301125807,4,2,4,41.418308960214446,0,0,0,0
IAASSE_02543,56,Nigeria,Researcher,346,6,2,3,3,97.25114387294897,3,1,4,18.59076009613118,0,1,0,0
IAASSE_02544,46,UK,Manager,596,15,6,0,3,33.552587104720025,4,1,7,4.133277977000908,2,1,0,1
IAASSE_02545,53,Brazil,Software Engineer,534,8,5,2,2,59.363735608649,4,3,3,1.2059328729878498,1,0,0,0
IAASSE_02546,55,USA,Professor,547,6,7,4,2,85.41555153744669,3,1,6,24.649453371778595,0,0,0,1
IAASSE_02547,56,USA,Manager,422,7,5,1,5,35.65248843778788,4,2,3,25.57093072108014,2,0,0,0
IAASSE_02548,54,Australia,Software Engineer,473,5,5,2,3,85.32720462857984,1,1,10,17.97832749849332,2,2,2,1
IAASSE_02549,52,Australia,Software Engineer,381,6,5,1,3,62.02018332927195,3,3,5,41.90825708516371,1,0,1,0
IAASSE_02550,24,Germany,Researcher,297,12,7,2,2,82.51019993156974,0,0,9,16.941686769845276,0,0,0,0
IAASSE_02553,39,USA,Data Analyst,238,2,4,3,9,83.50242845532243,0,0,5,7.9508166230182855,1,1,0,1
IAASSE_02554,31,USA,Data Analyst,218,8,2,0,3,89.593526415776,3,2,9,31.544224340585323,0,1,0,0
IAASSE_02556,54,Australia,Student,640,15,4,2,1,69.70215737740276,5,4,6,17.135004002182946,1,1,0,0
IAASSE_02557,39,Brazil,Student,489,11,8,2,5,84.62044054747889,4,3,8,9.453519659423954,2,0,0,0
IAASSE_02559,19,India,Researcher,339,4,2,4,3,26.682144129599727,3,0,7,5.769147347741706,0,1,1,0
IAASSE_02560,44,USA,Researcher,239,8,9,4,4,99.21571021116958,3,0,4,18.478793065878214,1,1,1,0
IAASSE_02565,27,Germany,Data Analyst,691,3,8,5,3,94.77787939466529,2,0,9,14.149692241338732,0,1,0,1
IAASSE_02566,40,Canada,Professor,385,4,9,1,6,87.21322515485055,3,3,6,11.386969359419364,2,1,0,0
IAASSE_02567,56,India,Researcher,469,5,8,2,3,62.724926826540695,3,1,7,58.76628811856406,1,0,0,0
IAASSE_02568,22,Canada,Data Analyst,533,9,4,3,4,49.124205411753834,4,2,3,21.574762142061598,1,0,0,0
IAASSE_02569,18,USA,Software Engineer,685,8,5,2,3,89.21341376443539,2,1,11,38.60714038440679,0,0,1,0
IAASSE_02571,38,USA,Student,267,5,8,3,1,28.894628822840858,3,0,3,16.011644613959454,0,2,1,0
IAASSE_02572,43,Nigeria,Software Engineer,506,6,7,3,4,98.34981785690287,1,0,6,7.704203617100318,0,2,0,1
IAASSE_02573,62,Australia,Data Analyst,127,8,7,5,2,91.6806619304461,6,4,7,5.514717219354241,1,0,0,0
IAASSE_02574,38,USA,Student,246,6,6,1,1,87.14468403082738,2,1,11,30.87726360070559,2,1,0,1
IAASSE_02575,35,Brazil,Professor,471,6,5,1,4,50.31797585807115,0,0,5,18.28674595883407,0,1,1,0
IAASSE_02576,54,Canada,Researcher,113,9,5,3,3,99.69448625965387,6,4,7,11.98078104741219,1,0,1,1
IAASSE_02577,62,USA,Consultant,186,5,4,1,2,86.85225242343789,3,1,6,9.594483870673727,1,0,1,0
IAASSE_02579,53,UK,Data Analyst,361,7,8,1,3,63.39087732170261,6,5,7,40.82737320047869,1,0,0,1
IAASSE_02580,34,India,Software Engineer,315,8,5,0,2,84.47179050782938,2,2,6,12.552091801232354,0,3,1,0
IAASSE_02581,52,India,Researcher,595,5,4,3,2,93.91730305389558,5,3,7,13.202196623129002,2,1,0,0
IAASSE_02582,28,Brazil,Freelancer,611,13,3,2,5,72.01665627200015,2,0,4,5.916736386704918,1,1,0,0
IAASSE_02583,38,Canada,Data Analyst,187,12,4,2,2,42.18973310966492,2,1,6,18.704928930102376,0,0,0,1
IAASSE_02584,43,Canada,Consultant,180,10,6,4,5,55.883226939587125,2,1,4,19.187186489562546,1,0,1,1
IAASSE_02585,21,India,Professor,360,6,6,3,1,90.18759478073355,2,2,9,9.805503505976379,0,0,0,0
IAASSE_02586,51,USA,Researcher,360,9,1,1,2,63.64475321043928,5,2,4,6.288862589131576,1,0,0,0
IAASSE_02587,35,Australia,Professor,225,6,7,1,1,40.46417184995302,5,1,8,23.46882393792306,0,0,0,1
IAASSE_02588,57,Australia,Software Engineer,661,14,2,3,3,44.28014034980044,3,1,5,25.16576577557602,2,0,0,0
IAASSE_02589,52,USA,Freelancer,321,3,3,4,0,88.650007659763,2,0,7,20.88599969448378,2,0,0,0
IAASSE_02590,58,Canada,Researcher,440,8,2,1,2,85.37775578372727,1,0,7,8.15628059662916,0,1,0,0
IAASSE_02591,46,Nigeria,Student,288,11,3,3,3,49.54890793629826,2,0,6,80.64573415392807,1,0,0,0
IAASSE_02592,46,Nigeria,Professor,265,4,5,1,4,12.844062799986103,0,0,4,18.413063246003734,2,0,0,0
IAASSE_02593,55,USA,Software Engineer,565,7,4,1,2,93.45785402916657,1,0,8,1.1161880532429307,2,0,1,1
IAASSE_02595,38,UK,Software Engineer,580,4,7,1,5,67.12624219965477,2,2,6,38.936038809112084,0,0,1,0
IAASSE_02596,59,Nigeria,Student,602,14,4,6,1,35.520708982620484,4,1,6,4.92457669940653,0,1,0,0
IAASSE_02597,30,USA,Software Engineer,651,5,3,2,3,26.713762917435137,4,3,2,32.31761443704889,0,0,0,0
IAASSE_02598,58,Germany,Consultant,400,8,4,2,6,62.51736955010294,5,4,8,26.301997607216357,2,0,0,0
IAASSE_02599,34,USA,Student,342,5,5,4,3,44.712120127878,5,3,4,39.895898993920206,0,2,0,1
IAASSE_02602,18,India,Software Engineer,159,9,6,2,3,57.54465064211304,7,6,6,41.13713455379155,0,1,0,0
IAASSE_02603,19,USA,Manager,689,4,1,1,1,48.73736515293947,4,1,7,16.163398504968843,0,2,0,0
IAASSE_02604,46,Germany,Manager,162,8,3,2,0,70.68753864758247,4,2,7,22.1827763809431,0,0,1,0
IAASSE_02605,50,USA,Professor,484,9,3,1,1,57.47805655598405,3,2,4,11.470397461664195,1,1,0,0
IAASSE_02606,27,Germany,Researcher,281,9,11,0,3,60.22924828614094,8,8,5,4.273940480688716,1,1,0,1
IAASSE_02607,57,Nigeria,Data Analyst,364,8,11,3,1,9.96604427094219,1,0,9,32.820557514790416,3,1,0,0
IAASSE_02608,38,USA,Professor,432,8,6,2,2,41.920352132366055,4,3,4,20.91671760523816,1,0,0,0
IAASSE_02609,45,Nigeria,Manager,538,12,3,3,5,36.19487369960358,2,2,9,7.640830636222999,1,0,0,0
IAASSE_02610,28,Australia,Software Engineer,489,8,7,1,3,50.15300167049751,4,4,7,9.538096785100246,0,0,0,0
IAASSE_02611,51,USA,Researcher,220,13,4,0,1,44.244661912926865,5,3,4,14.161298368096187,0,0,1,0
IAASSE_02613,39,USA,Researcher,145,4,5,2,3,37.1203348061382,2,2,3,31.750167554060347,2,1,0,0
IAASSE_02614,25,Germany,Data Analyst,104,12,7,3,3,37.568507328291226,4,4,6,14.091783683671101,2,0,0,0
IAASSE_02615,32,India,Researcher,670,9,4,2,2,95.23315597334884,7,4,10,20.1598995670764,1,0,1,1
IAASSE_02616,34,USA,Student,204,9,5,5,4,77.76797353304444,4,3,6,21.00764533001164,1,0,0,0
IAASSE_02617,40,Canada,Software Engineer,162,11,6,2,5,87.73622742268562,4,3,5,41.59620825236352,0,1,0,0
IAASSE_02619,62,Brazil,Student,485,15,3,1,4,73.00892298615966,5,4,2,60.671903181052436,2,1,0,0
IAASSE_02620,36,Canada,Student,234,7,4,1,5,50.33011312889336,0,0,3,30.362859911962595,1,0,0,0
IAASSE_02621,22,Brazil,Student,463,5,3,2,3,83.22625804517085,1,1,11,57.320025856542934,0,0,0,0
IAASSE_02622,49,Australia,Researcher,528,8,2,0,1,94.75907958076243,3,3,3,5.058719476019469,0,0,0,0
IAASSE_02623,61,UK,Manager,155,7,3,4,4,75.4319027931697,3,3,10,18.007320324352246,0,1,0,1
IAASSE_02625,40,Canada,Data Analyst,168,10,11,7,3,68.43787130790842,2,2,7,1.3866629974530154,1,0,0,1
IAASSE_02626,54,Canada,Software Engineer,483,9,4,2,2,91.76538566998232,4,4,6,55.27029410381371,1,0,1,1
IAASSE_02627,25,Canada,Professor,113,7,1,1,4,47.99906038560845,5,2,4,1.282105879794827,0,1,2,0
IAASSE_02628,30,India,Student,433,11,4,1,5,76.1369484141397,9,6,9,9.000407821607396,0,0,0,0
IAASSE_02629,25,India,Researcher,401,9,6,2,2,81.074690777429,0,0,8,41.50415034644389,3,0,2,0
IAASSE_02630,40,Canada,Manager,192,11,3,1,2,86.82380148229191,4,3,3,27.055258485848086,0,0,1,1
IAASSE_02631,60,UK,Student,564,8,5,0,4,59.553587552793154,5,3,4,22.390099054339018,0,1,0,0
IAASSE_02632,18,Canada,Consultant,452,13,4,2,1,34.49475349906229,0,0,6,34.69794108613024,1,0,0,0
IAASSE_02633,62,Australia,Manager,647,9,10,3,2,73.96605856390221,4,1,6,17.251999754415934,3,1,1,0
IAASSE_02634,41,USA,Student,454,13,4,1,1,95.00413303070643,1,1,4,3.5734699635405325,2,1,0,0
IAASSE_02635,52,India,Student,93,5,7,2,1,73.75986624247652,4,0,4,48.57459590377522,2,2,1,0
IAASSE_02636,41,Canada,Student,255,3,5,0,2,96.08724998401878,0,0,7,13.73882100588131,0,1,0,0
IAASSE_02637,34,UK,Data Analyst,446,5,6,2,2,23.993181237590935,4,4,6,47.78514079596323,2,0,0,1
IAASSE_02638,22,USA,Software Engineer,263,6,3,1,4,85.8712336025043,3,2,8,27.429621339303843,1,2,0,0
IAASSE_02639,37,USA,Software Engineer,283,6,6,2,5,78.3138718483837,1,1,8,18.234001738607784,0,0,0,0
IAASSE_02640,38,Brazil,Data Analyst,444,4,6,2,2,97.88172599263372,2,0,9,34.159771990116326,1,1,0,0
IAASSE_02641,57,UK,Professor,522,4,5,3,7,24.341145717215415,2,1,6,25.334906544905134,2,0,0,0
IAASSE_02642,48,USA,Data Analyst,583,3,7,1,1,99.91669233082831,2,1,7,18.808076597807226,1,0,0,0
IAASSE_02643,63,Canada,Student,208,9,6,2,0,95.40902213493467,2,1,3,10.530798599903765,1,1,3,0
IAASSE_02644,53,UK,Data Analyst,581,11,7,0,1,95.12860502205879,3,2,1,9.914640769185999,0,0,1,0
IAASSE_02645,28,USA,Software Engineer,661,4,8,2,3,99.5298483177809,4,3,4,13.073551888256045,0,0,0,1
IAASSE_02646,32,UK,Software Engineer,186,9,3,1,4,53.15135454583593,2,2,5,24.24517827711615,0,2,0,0
IAASSE_02647,36,Australia,Data Analyst,692,7,6,3,1,74.1291023064101,5,3,5,18.494593375466305,0,0,1,0
IAASSE_02648,24,Australia,Student,331,8,0,2,4,84.28825302306657,1,1,6,22.318100910166088,0,1,1,0
IAASSE_02649,45,UK,Manager,629,12,4,1,5,71.56765990254603,1,1,7,8.502339905049093,1,0,0,1
IAASSE_02650,60,Canada,Freelancer,693,13,7,1,2,76.53498450986021,2,0,9,62.22444478289857,1,0,0,0
IAASSE_02651,22,Brazil,Data Analyst,481,8,3,2,3,76.04875010703172,2,2,8,35.528137981004726,2,1,0,0
IAASSE_02652,22,UK,Software Engineer,671,5,3,3,5,86.26155599107805,5,5,9,14.585912319760073,3,0,0,0
IAASSE_02653,47,UK,Researcher,406,3,7,2,6,69.4688398944785,3,3,5,9.493511679328368,1,1,0,0
IAASSE_02654,49,USA,Researcher,223,6,4,1,6,98.03551244719621,7,3,11,25.14907930491514,3,1,0,0
IAASSE_02655,25,Canada,Software Engineer,459,7,3,4,4,45.70356081683586,1,1,1,2.4940692317563977,2,1,0,0
IAASSE_02656,27,India,Professor,410,9,3,5,2,63.425357222508104,2,1,4,26.138174285121384,2,0,0,0
IAASSE_02657,55,USA,Software Engineer,246,6,3,3,5,36.09221668486678,2,0,5,25.389097190927558,4,1,1,0
IAASSE_02658,64,Germany,Software Engineer,192,6,7,3,1,59.78921568862212,1,1,7,6.163072249676907,1,0,0,0
IAASSE_02660,45,Canada,Freelancer,392,9,5,2,3,38.64787476168111,2,1,6,2.6126055320736494,0,0,0,0
IAASSE_02661,34,India,Manager,214,14,8,2,1,88.93331232365736,0,0,9,25.889838092195426,0,0,0,1
IAASSE_02662,48,UK,Student,163,7,6,3,3,92.7769510121536,3,1,6,18.139602620758243,0,0,0,0
IAASSE_02663,25,Australia,Data Analyst,231,11,4,3,2,61.1784040616987,1,1,6,6.206384258431999,2,0,0,0
IAASSE_02664,57,USA,Software Engineer,150,8,6,1,1,37.67216202945049,3,1,5,25.08837604771736,0,0,0,0
IAASSE_02665,42,India,Data Analyst,425,7,6,2,4,35.90521097060954,5,3,10,6.271010766431058,3,3,0,0
IAASSE_02666,26,USA,Researcher,117,8,7,2,2,96.68456794873158,1,1,8,59.984391285750036,1,2,0,1
IAASSE_02667,19,Nigeria,Consultant,471,7,7,1,1,83.83639422956891,1,0,10,7.810630553477439,6,0,0,0
IAASSE_02668,32,USA,Manager,138,7,7,1,4,54.35652968184206,1,1,7,21.866763764494852,0,0,0,1
IAASSE_02669,20,Nigeria,Freelancer,631,7,8,2,3,63.94667929336185,0,0,5,18.748855802949528,0,1,0,0
IAASSE_02670,53,UK,Data Analyst,607,7,4,1,0,84.54715618968885,2,1,8,18.76891046780525,2,1,0,0
IAASSE_02671,21,India,Consultant,679,12,4,4,3,89.12722458994256,3,1,9,11.287239775329216,1,0,0,0
IAASSE_02672,31,UK,Manager,340,7,7,4,1,63.188348309154506,2,1,5,14.873879242540454,1,0,0,1
IAASSE_02674,58,USA,Manager,418,6,5,0,2,74.47030122192811,4,1,7,37.802858011346736,0,1,1,0
IAASSE_02675,42,USA,Student,525,9,0,5,4,31.666860000057284,5,2,3,32.306547989110534,0,0,0,0
IAASSE_02676,27,Canada,Manager,631,11,5,1,2,97.42343245005196,1,1,5,47.95143783222636,1,0,0,0
IAASSE_02678,53,USA,Data Analyst,631,7,7,1,3,61.35250221471461,1,1,6,6.41828548517692,1,0,0,0
IAASSE_02679,29,Brazil,Researcher,229,9,6,2,4,55.17714948644041,3,1,5,15.199782231410985,1,4,0,0
IAASSE_02680,44,Brazil,Researcher,729,7,6,5,2,10.154823923698611,4,3,6,7.346701520603288,0,1,0,0
IAASSE_02681,57,UK,Data Analyst,536,9,4,5,1,14.07499980480568,2,1,3,4.979482291021689,0,0,1,0
IAASSE_02682,19,Nigeria,Student,247,5,2,1,6,16.503630353147845,7,6,7,10.916870027360922,0,3,0,0
IAASSE_02683,30,Australia,Software Engineer,140,12,5,2,7,86.50523210545254,1,1,6,35.04842651256649,0,1,0,0
IAASSE_02684,49,UK,Software Engineer,397,7,5,3,6,84.8132265651387,2,1,3,1.0367219501527316,1,0,1,0
IAASSE_02685,48,Germany,Consultant,108,7,4,1,2,11.027368811188957,0,0,7,46.84081801880588,2,0,0,0
IAASSE_02686,33,Germany,Professor,658,7,4,2,2,90.7044569328471,3,2,8,52.851832463532816,1,1,0,0
IAASSE_02687,49,Brazil,Software Engineer,687,4,5,1,5,60.89142039334061,4,2,8,19.495989784163385,1,0,0,0
IAASSE_02688,49,UK,Manager,504,7,6,3,4,28.260662523704163,2,2,4,29.134813709633715,1,1,0,0
IAASSE_02689,51,Germany,Software Engineer,517,8,2,3,2,51.84413875443641,3,2,5,14.624888307813864,0,1,0,0
IAASSE_02690,28,USA,Manager,709,5,4,1,4,74.37865138949431,4,2,6,17.816259663515247,1,0,0,0
IAASSE_02691,27,USA,Data Analyst,543,7,5,4,0,75.43426804985738,3,2,7,34.54922593144754,2,0,0,0
IAASSE_02692,32,USA,Data Analyst,551,6,6,3,5,54.19364388170186,4,1,6,6.32821538287514,2,0,1,0
IAASSE_02693,34,Brazil,Researcher,349,7,5,1,1,83.59033628092459,2,0,7,8.58468517570453,0,0,0,0
IAASSE_02695,35,India,Manager,200,8,7,2,2,48.8365028252419,4,3,5,18.35705661990887,0,0,1,1
IAASSE_02696,26,Canada,Consultant,143,10,7,3,1,39.37380414494034,2,2,6,13.14950197931266,0,1,0,1
IAASSE_02697,42,UK,Software Engineer,479,5,7,3,2,46.478643014300324,2,1,7,18.438994960496068,1,1,0,0
IAASSE_02698,57,USA,Software Engineer,222,5,4,3,3,87.47014345040314,3,2,5,11.601584681215261,1,0,0,0
IAASSE_02699,31,UK,Consultant,355,9,5,4,2,70.45627803738137,5,3,4,10.345097916525583,0,0,0,0
IAASSE_02700,42,UK,Manager,189,7,2,3,1,83.23562065253333,4,1,8,26.871679099983798,0,0,0,1
IAASSE_02701,39,India,Data Analyst,174,9,7,2,2,55.99530613750241,1,1,11,4.366811576133064,1,0,0,0
IAASSE_02703,37,USA,Researcher,681,8,2,3,2,95.57847191550111,5,4,4,28.69721676437397,0,0,0,0
IAASSE_02704,38,USA,Software Engineer,477,16,5,4,5,14.074272207278362,3,1,3,2.6319892458524445,2,0,1,0
IAASSE_02705,61,USA,Student,458,13,5,3,3,80.1952689558828,2,2,7,28.42036074375728,1,1,0,1
IAASSE_02706,49,Canada,Data Analyst,496,5,2,0,2,50.11527498041751,1,0,6,25.053369856355886,2,0,1,0
IAASSE_02707,63,Brazil,Consultant,148,14,5,0,3,61.911053649562305,2,1,7,4.745741136159443,0,1,0,0
IAASSE_02708,38,Germany,Researcher,109,13,7,1,2,5.311530329039394,5,4,3,5.134251782856629,1,0,0,1
IAASSE_02709,52,India,Freelancer,717,6,4,2,5,29.859137681259153,2,1,8,10.869564883177016,0,0,2,0
IAASSE_02710,49,Canada,Manager,718,9,6,2,5,96.57652358465526,1,0,3,6.105031416322984,1,2,0,0
IAASSE_02712,56,USA,Data Analyst,153,6,4,2,1,68.92998473853676,2,1,7,35.633266101147505,0,0,0,0
IAASSE_02714,58,India,Student,199,7,4,3,4,66.33736130304452,2,1,5,24.66411824114796,0,1,0,0
IAASSE_02715,64,USA,Researcher,304,10,4,0,3,99.27886601650962,1,1,4,30.68021806850778,2,2,0,1
IAASSE_02717,38,Canada,Data Analyst,508,5,8,4,5,20.114532747813126,4,4,5,7.148818346592456,4,0,0,0
IAASSE_02718,30,Germany,Consultant,659,8,6,1,4,75.02273048950659,0,0,6,40.112493024951874,1,0,0,1
IAASSE_02719,38,Brazil,Consultant,624,6,8,1,4,99.51480887953453,3,1,6,12.285327510666752,1,0,0,0
IAASSE_02720,25,Australia,Student,434,8,5,4,6,68.9012970845116,2,1,8,31.417499273782244,0,2,1,0
IAASSE_02721,63,Australia,Researcher,670,6,4,2,4,55.090613822146125,4,3,3,22.53303758115763,0,1,0,0
IAASSE_02722,57,USA,Data Analyst,358,15,5,2,4,31.825686688378717,4,2,5,31.921271785239224,3,0,0,0
IAASSE_02723,63,USA,Software Engineer,332,12,3,1,3,68.40769925957788,1,1,3,46.71005618515498,0,0,0,0
IAASSE_02725,40,USA,Data Analyst,103,6,7,1,2,98.56456239253222,4,3,6,37.006574011382305,2,1,2,1
IAASSE_02726,61,India,Professor,114,7,2,0,2,92.76246420463448,5,4,9,31.429574276911254,0,0,0,1
IAASSE_02727,49,India,Student,637,8,3,3,3,21.611168638799153,4,1,4,6.9747138851324575,0,0,0,0
IAASSE_02728,28,USA,Researcher,157,6,4,4,3,80.10356272775066,2,2,7,10.127351583041547,1,0,0,1
IAASSE_02731,60,UK,Data Analyst,341,13,1,0,2,15.082604262126335,1,0,6,7.654411358337139,4,0,0,0
IAASSE_02732,42,USA,Consultant,258,7,3,2,5,88.51037868446244,1,0,6,30.116824233285378,1,0,1,0
IAASSE_02733,39,UK,Manager,260,7,2,1,1,73.86661136110682,2,1,5,3.4944089672673333,1,0,0,1
IAASSE_02734,45,UK,Data Analyst,391,5,6,1,1,92.13187776402904,4,1,4,2.7871910724381377,0,0,0,0
IAASSE_02735,46,Canada,Software Engineer,462,10,3,3,5,86.83123559162857,2,1,8,18.324623257118546,4,0,0,0
IAASSE_02736,30,Canada,Student,265,11,3,1,4,82.65200139145608,3,1,5,31.540653503116207,0,1,1,0
IAASSE_02737,35,Brazil,Data Analyst,471,7,7,2,2,99.79915334183372,8,3,8,11.539187038736436,0,0,0,0
IAASSE_02739,46,USA,Student,501,10,2,2,9,63.52285077020794,4,2,3,13.226812955385638,1,0,0,0
IAASSE_02740,38,USA,Consultant,332,14,4,2,2,35.946479078112745,2,2,3,5.923111336762076,0,1,0,0
IAASSE_02741,32,Germany,Researcher,244,11,5,1,3,9.619109957735363,2,1,8,7.538801732406352,3,1,0,1
IAASSE_02742,44,USA,Professor,697,5,7,5,3,88.29154860497636,5,2,6,16.918901311158997,2,2,0,1
IAASSE_02743,48,India,Researcher,622,11,5,1,7,73.33233228572348,2,0,5,29.333517677477687,2,2,0,0
IAASSE_02744,32,Canada,Professor,547,12,5,4,4,78.87221050810128,2,1,6,19.17143855662307,4,0,0,1
IAASSE_02745,40,Australia,Software Engineer,472,7,4,2,3,74.45510638460271,5,2,3,21.810059302003502,1,0,1,1
IAASSE_02746,41,Australia,Researcher,310,7,3,2,3,60.44930711186496,3,1,8,18.288172267623338,1,2,0,0
IAASSE_02747,61,USA,Freelancer,123,8,8,0,6,86.35282191837528,5,4,6,7.369894406556902,0,0,0,0
IAASSE_02748,30,USA,Researcher,213,6,6,1,1,99.49971818496586,1,0,7,15.19695308964694,0,1,0,0
IAASSE_02749,39,UK,Student,703,2,10,1,6,48.328361120061366,4,1,7,10.748251417015668,1,0,0,1
IAASSE_02750,60,Australia,Manager,487,5,8,2,1,53.929092617847616,3,2,7,7.846146311888403,0,2,0,0
IAASSE_02751,54,USA,Professor,656,4,4,2,5,93.58497960756627,0,0,5,14.985174750593638,0,1,1,0
IAASSE_02752,50,USA,Manager,409,7,4,3,2,61.05148049794336,5,4,6,15.168336026225786,2,1,1,0
IAASSE_02753,20,Brazil,Software Engineer,682,5,6,2,3,74.92149884332963,0,0,5,25.723791988560446,2,1,0,0
IAASSE_02754,36,USA,Researcher,593,6,7,2,4,18.588006762615517,5,4,8,41.93356358323621,1,0,1,0
IAASSE_02755,40,India,Freelancer,239,5,5,1,3,77.77265094622612,4,2,6,16.064329300355098,1,2,0,1
IAASSE_02756,46,India,Student,290,5,4,1,5,83.86613574692294,3,2,7,30.056161845711088,1,1,0,0
IAASSE_02757,47,UK,Researcher,486,8,8,0,6,97.96144166486734,0,0,8,18.367682828550215,1,1,0,1
IAASSE_02759,61,USA,Researcher,721,10,8,1,0,98.00611499681304,1,0,3,6.432656506346329,3,0,1,0
IAASSE_02760,64,Germany,Researcher,385,5,9,2,2,94.72701184526137,2,1,5,38.27702789524902,3,0,0,1
IAASSE_02761,42,Germany,Student,609,9,5,1,1,60.18503711080654,1,1,4,9.020357525974642,1,0,1,0
IAASSE_02762,54,India,Data Analyst,387,9,2,0,4,41.04032471554835,2,0,6,3.1758015529482075,0,0,0,0
IAASSE_02763,64,Brazil,Researcher,668,13,5,0,4,43.30874742656954,3,2,5,26.142512605827445,1,1,1,0
IAASSE_02764,25,Germany,Student,366,9,2,2,3,97.3775745734025,3,2,1,46.73555995318984,0,1,0,0
IAASSE_02765,59,USA,Data Analyst,182,8,8,2,6,76.49625637007638,3,2,4,7.255541020917473,2,0,2,0
IAASSE_02766,33,USA,Consultant,491,6,2,3,1,86.44805397973397,1,1,5,23.05432090208011,0,2,0,0
IAASSE_02767,25,India,Data Analyst,411,9,6,3,3,82.70931543168548,5,3,6,13.255991182373704,1,2,0,0
IAASSE_02769,61,USA,Professor,471,6,11,1,1,34.6050997355611,3,0,7,32.138392600653404,2,2,0,0
IAASSE_02770,22,Germany,Data Analyst,702,8,4,2,1,51.63173988689503,4,3,7,17.111163237400405,3,0,0,0
IAASSE_02771,20,Canada,Software Engineer,163,6,6,1,1,33.06169592048413,3,0,7,17.051777447588595,2,1,0,0
IAASSE_02772,18,Nigeria,Researcher,571,9,4,3,3,58.4468969696952,1,1,5,15.461602807259087,0,0,0,0
IAASSE_02773,21,Germany,Manager,208,8,10,1,4,58.41293040212261,4,3,3,15.815671591547138,0,0,0,0
IAASSE_02774,57,USA,Professor,181,13,5,5,2,94.06887174162506,3,3,8,27.151615851652863,0,0,0,1
IAASSE_02775,52,Brazil,Professor,250,12,2,4,1,58.03737816522747,4,3,5,19.2548160933185,0,1,0,0
IAASSE_02776,49,UK,Manager,275,4,1,2,6,97.84841746952252,3,1,5,9.00427359435508,2,0,0,0
IAASSE_02777,59,UK,Data Analyst,452,6,7,0,6,61.5885402610284,5,2,6,18.246429373987816,1,2,0,0
IAASSE_02779,60,USA,Software Engineer,102,10,6,6,2,74.95378328904037,4,3,8,95.14274024887467,0,0,0,1
IAASSE_02780,42,Canada,Student,179,4,6,3,3,58.37894517772675,3,3,4,6.964611980102116,2,0,0,0
IAASSE_02781,27,USA,Researcher,412,9,6,3,2,83.75286001559405,4,3,4,40.76697101877163,1,1,1,1
IAASSE_02782,38,Canada,Researcher,161,9,5,4,3,52.83027732732929,4,3,3,3.4502441073635506,1,0,0,1
IAASSE_02783,63,UK,Student,189,7,8,0,4,64.11912565322933,5,4,6,6.522010520752088,0,1,0,1
IAASSE_02784,56,India,Consultant,329,8,4,0,3,67.99857191347539,0,0,4,28.596319471957568,1,0,0,0
IAASSE_02785,44,India,Data Analyst,295,3,4,2,0,96.66254131233936,5,4,7,27.43683585011189,4,0,0,0
IAASSE_02786,44,USA,Software Engineer,264,6,4,1,2,71.98278005131866,3,2,5,9.76211747486206,1,0,0,1
IAASSE_02787,19,UK,Researcher,593,7,6,1,5,86.8373276429146,5,4,4,2.845104098828462,1,0,1,0
IAASSE_02788,58,UK,Software Engineer,180,10,6,3,2,56.56837007958815,2,2,2,1.2089556569487687,0,2,0,0
IAASSE_02789,30,USA,Software Engineer,336,7,11,2,4,95.00049909348162,2,0,4,12.12547202615513,1,0,0,1
IAASSE_02790,26,India,Student,237,8,7,3,5,78.65606963896215,3,3,5,17.172758178688007,1,0,0,1
IAASSE_02791,53,Germany,Software Engineer,167,8,2,1,1,54.03980024628782,6,1,7,6.010486897416062,3,0,0,0
IAASSE_02792,39,USA,Manager,192,7,4,1,2,20.58322680044619,2,2,7,57.23952426800271,0,2,3,1
IAASSE_02793,59,UK,Professor,149,4,9,2,3,87.80470087418006,2,2,5,7.7222255205835975,1,2,1,0
IAASSE_02794,43,USA,Software Engineer,288,6,2,3,0,51.53675573061322,5,3,6,30.825423739671585,3,0,0,0
IAASSE_02795,29,Germany,Software Engineer,646,10,5,1,10,72.56130841762518,3,0,5,32.361134974669035,3,0,1,1
IAASSE_02796,34,USA,Researcher,684,7,6,2,2,90.96495929085374,2,1,4,12.338428651851302,1,1,0,1
IAASSE_02798,31,India,Data Analyst,252,2,6,2,4,85.687959958773,1,1,5,36.180230712020645,0,0,0,1
IAASSE_02799,51,UK,Software Engineer,493,12,4,2,3,61.81561087351468,5,2,7,32.24674667661156,4,0,1,0
IAASSE_02800,37,Australia,Manager,653,10,4,2,1,98.8957935160174,4,2,7,26.504092799937474,2,0,2,0
IAASSE_02801,28,Nigeria,Researcher,208,8,2,1,2,83.7059163824119,3,3,6,28.45624411280736,1,0,2,1
IAASSE_02803,48,USA,Researcher,597,7,5,2,4,36.43552332181076,3,1,7,22.462087437135686,0,1,0,0
IAASSE_02804,23,UK,Student,676,11,11,3,2,33.783224535708314,1,1,5,8.673873275933921,0,1,1,0
IAASSE_02805,36,India,Software Engineer,100,7,5,1,1,37.94859829524516,3,1,3,10.613697963281258,0,2,0,0
IAASSE_02807,21,Germany,Consultant,478,7,6,2,2,96.44799946523754,1,0,8,6.329646289292006,1,0,0,1
IAASSE_02808,64,Nigeria,Software Engineer,345,7,6,2,3,99.97051057235778,3,1,4,7.150331318535884,0,1,0,0
IAASSE_02809,21,Nigeria,Data Analyst,265,13,2,2,2,67.43889179047733,3,3,5,11.552931586472859,1,0,0,0
IAASSE_02811,27,USA,Consultant,554,9,4,2,2,98.06725775993883,6,4,5,18.855020682224705,2,0,0,0
IAASSE_02813,52,India,Software Engineer,383,8,3,4,9,50.1286496874086,2,1,7,3.016944232189542,1,0,0,0
IAASSE_02814,43,India,Student,560,10,5,2,4,89.41464548617843,3,3,5,6.418220051118327,0,0,0,0
IAASSE_02816,55,USA,Software Engineer,118,6,7,2,3,74.11926975009868,3,2,8,11.454730784063488,1,1,1,1
IAASSE_02817,38,India,Data Analyst,152,15,4,1,4,70.56371275942287,1,1,6,7.144026121813118,3,1,0,0
IAASSE_02818,57,India,Data Analyst,236,8,6,2,3,73.80738595063536,1,1,4,17.753938818647875,0,0,1,0
IAASSE_02819,56,USA,Consultant,729,10,8,4,3,33.91753486614202,4,1,3,16.69483100852919,0,0,0,0
IAASSE_02820,38,Canada,Software Engineer,503,12,3,1,2,95.66706091487691,4,3,7,37.544472122946544,0,1,0,0
IAASSE_02821,27,USA,Researcher,312,10,1,2,2,50.40302570221188,0,0,8,35.56178285418798,1,0,0,0
IAASSE_02822,55,UK,Consultant,548,7,4,2,4,65.13606388148669,5,3,6,16.75356458892908,1,1,0,0
IAASSE_02823,63,USA,Professor,467,10,5,2,2,70.46967361967705,0,0,4,31.117992905082865,1,0,0,1
IAASSE_02824,21,Canada,Data Analyst,634,8,4,1,8,88.10915090166064,1,1,3,4.235729556450108,1,0,1,0
IAASSE_02825,62,Australia,Freelancer,232,3,6,0,2,56.76848906081019,4,3,6,53.86849946567121,0,0,1,0
IAASSE_02828,24,India,Consultant,434,7,10,2,1,83.84204744885997,5,5,7,31.653539393063603,0,0,0,1
IAASSE_02829,21,USA,Data Analyst,138,11,9,4,1,71.20417697353305,3,2,7,23.533626297601877,1,0,0,1
IAASSE_02830,46,USA,Data Analyst,504,6,5,1,1,60.63048012175676,3,2,7,29.70189414375668,1,0,0,0
IAASSE_02831,31,Nigeria,Data Analyst,599,6,8,0,4,84.7643207195559,5,2,3,17.795743927608612,0,1,1,0
IAASSE_02832,20,USA,Researcher,311,5,7,1,3,87.89842807369988,0,0,3,4.885086771464926,0,0,0,0
IAASSE_02834,54,India,Manager,236,8,8,0,0,33.40676860731063,3,2,5,25.518397897223494,1,1,0,0
IAASSE_02835,33,Canada,Consultant,339,5,5,4,3,77.46440481441292,4,3,7,4.6266921392903475,3,0,0,1
IAASSE_02836,21,Brazil,Researcher,283,4,5,4,1,59.40772926488932,8,5,5,32.96793662654419,0,2,2,0
IAASSE_02837,41,USA,Data Analyst,590,6,8,0,3,74.57035708204138,6,4,1,7.883221938100382,0,1,1,0
IAASSE_02838,51,UK,Professor,727,11,4,1,1,99.33500662136082,3,2,2,17.881101582952013,2,0,0,0
IAASSE_02839,47,Germany,Data Analyst,150,12,3,1,5,73.53058794857395,4,2,8,7.558403067183001,2,0,0,1
IAASSE_02840,35,UK,Student,257,9,5,2,4,86.4994095574304,2,1,5,15.934520283409487,1,0,0,0
IAASSE_02841,36,Nigeria,Student,697,10,1,1,3,96.98032746943414,4,3,8,33.2008365388368,2,1,0,0
IAASSE_02844,63,Australia,Student,372,4,7,1,2,30.508317717352778,1,1,4,15.680608087732107,1,0,0,0
IAASSE_02845,36,Germany,Data Analyst,314,13,3,2,1,32.83747980370328,3,2,9,5.072470384149675,0,0,1,0
IAASSE_02846,39,UK,Data Analyst,180,10,2,4,2,94.40576691420078,3,3,5,22.76306509644664,2,0,0,0
IAASSE_02847,41,UK,Researcher,468,8,7,4,2,78.24542129324472,6,5,6,23.38923926769094,1,1,0,0
IAASSE_02848,62,India,Manager,684,11,3,2,3,74.2755361123082,4,3,7,8.224660762703898,1,0,0,0
IAASSE_02849,29,USA,Manager,602,8,9,1,1,95.12480209381683,3,2,5,40.62070587225038,1,0,0,1
IAASSE_02850,47,India,Data Analyst,499,10,5,0,1,89.11919193341163,3,3,8,18.78405876888827,1,0,0,0
IAASSE_02851,55,Australia,Data Analyst,566,9,4,4,2,49.34543315861034,1,0,5,8.37698619273246,1,0,0,0
IAASSE_02852,48,India,Freelancer,645,8,7,0,5,23.545234509981775,7,5,3,16.087332434165223,2,2,0,0
IAASSE_02853,53,Germany,Student,687,6,6,2,4,85.69957484660412,3,1,2,9.5839589276618,1,0,0,0
IAASSE_02854,36,USA,Consultant,380,4,8,3,3,5.838281006476486,2,2,9,24.386533834918374,1,1,1,1
IAASSE_02855,62,Australia,Student,355,10,4,2,1,44.12978119469141,2,2,4,32.46205675518472,2,0,0,0
IAASSE_02857,47,Canada,Data Analyst,336,10,3,1,3,85.86667974054049,1,0,7,11.366133294460187,2,0,1,0
IAASSE_02858,50,Brazil,Software Engineer,200,9,3,1,5,35.32572221309447,3,3,6,13.796426622946825,0,0,0,0
IAASSE_02859,35,Canada,Researcher,161,10,6,2,1,64.19022714361347,7,3,7,14.290795001198152,0,0,1,1
IAASSE_02860,45,USA,Software Engineer,166,8,6,4,5,91.25968263728957,2,0,3,30.45584061180961,1,0,0,1
IAASSE_02861,64,UK,Data Analyst,702,7,8,6,2,69.41920071922655,5,5,8,21.7831707224202,3,0,0,1
IAASSE_02862,28,Brazil,Software Engineer,272,10,5,5,3,86.70645122085706,3,1,6,10.856139282545099,0,0,0,0
IAASSE_02863,62,UK,Manager,174,5,5,2,3,89.75357016311192,0,0,6,5.9255217989933,1,2,0,1
IAASSE_02864,50,Nigeria,Student,151,10,7,4,1,4.466923734710732,3,2,6,13.891627142262005,0,0,0,0
IAASSE_02865,34,Nigeria,Student,192,1,5,1,6,70.35025432921542,0,0,3,29.542782302701625,2,1,0,0
IAASSE_02866,23,UK,Software Engineer,429,6,6,1,2,55.72315514262121,4,3,6,23.352154997241744,0,1,0,0
IAASSE_02867,21,USA,Student,463,14,9,1,3,18.03923566444068,3,2,6,46.79601946813102,2,1,0,0
IAASSE_02868,37,India,Researcher,351,3,7,2,5,5.9364487706713085,1,1,0,23.896561519083576,1,1,0,0
IAASSE_02869,64,UK,Data Analyst,560,4,4,5,1,98.82335853915306,4,1,11,25.46017274223978,0,0,0,0
IAASSE_02870,44,India,Software Engineer,522,11,6,0,1,55.53340556126175,4,3,10,8.721785216139036,3,1,1,0
IAASSE_02871,32,Canada,Student,711,7,3,1,2,85.72139017565611,1,1,6,11.495339675096478,0,1,1,0
IAASSE_02872,23,Canada,Software Engineer,110,8,7,3,6,26.736537186688903,2,2,5,31.227652253736444,1,1,1,0
IAASSE_02873,64,India,Student,253,4,2,5,2,24.742965257780085,6,4,8,14.734906663992673,3,0,0,0
IAASSE_02875,28,Canada,Student,531,6,6,3,2,52.26635761502402,2,1,9,6.5991689661454656,0,0,0,0
IAASSE_02876,56,UK,Freelancer,150,14,3,3,1,40.09458367037872,2,1,3,43.10736355187058,0,1,1,0
IAASSE_02877,26,UK,Student,701,8,3,1,2,59.18019260302354,0,0,4,13.802887344720641,0,0,0,0
IAASSE_02878,43,Australia,Researcher,199,6,7,4,5,88.34288840266792,1,1,6,16.14133924381033,2,0,0,0
IAASSE_02879,33,India,Student,471,4,2,2,6,73.36558152597101,4,4,5,13.76982414859775,2,0,0,0
IAASSE_02880,22,UK,Student,381,4,2,0,1,90.10876680018448,1,1,6,28.5706823999169,2,0,0,0
IAASSE_02881,27,Australia,Software Engineer,683,10,4,2,2,52.1724612294407,3,2,9,50.149244691615365,0,0,0,0
IAASSE_02882,20,Germany,Software Engineer,698,8,5,1,2,40.35711784678575,3,3,4,16.622385903470104,2,0,0,0
IAASSE_02883,30,UK,Freelancer,635,6,5,2,6,92.10374998083708,5,4,4,17.16149821630591,0,1,0,0
IAASSE_02884,60,UK,Professor,272,8,3,3,0,95.54421375081174,2,1,7,12.822195747464377,1,2,0,0
IAASSE_02885,47,Brazil,Manager,384,5,5,0,4,57.767088491306964,3,2,4,43.476811311423106,0,2,1,1
IAASSE_02886,62,India,Researcher,556,4,3,2,4,89.1856415349103,2,1,5,47.05535929623352,0,1,0,0
IAASSE_02887,23,Australia,Software Engineer,562,20,6,2,6,45.97256410011896,3,3,6,9.950016128945984,5,1,0,0
IAASSE_02889,62,USA,Professor,444,12,6,2,4,68.73713558193063,4,3,8,30.601402759385085,1,0,0,0
IAASSE_02890,36,Australia,Researcher,232,10,1,2,2,90.22807535895411,2,1,5,29.441650817207595,1,1,1,1
IAASSE_02891,59,Canada,Software Engineer,314,8,5,2,2,27.036982437192837,4,1,6,18.270779856374173,1,0,2,1
IAASSE_02892,52,Australia,Data Analyst,354,11,4,3,1,49.080492570244125,1,0,2,20.20131923342053,1,2,0,0
IAASSE_02893,63,UK,Student,482,8,3,2,2,58.25364242736995,1,1,3,51.81871773016715,0,1,0,0
IAASSE_02894,43,USA,Professor,321,11,1,1,1,53.585466499823994,2,0,9,7.532526128747512,0,0,0,0
IAASSE_02895,22,USA,Data Analyst,531,7,6,2,5,82.05512489473554,2,2,6,14.778334419910186,0,0,0,0
IAASSE_02896,46,Brazil,Software Engineer,431,8,6,1,4,48.99222908482573,2,2,12,16.505886623617968,1,0,0,0
IAASSE_02897,54,Canada,Student,530,7,13,2,2,76.5068361342204,1,0,7,6.339589811975568,1,0,0,0
IAASSE_02898,37,Canada,Consultant,568,11,6,1,3,38.802329855524036,2,1,6,16.32892657897977,0,0,0,0
IAASSE_02899,38,USA,Student,255,12,10,3,2,44.823039174443466,3,2,4,11.994562883676547,0,0,0,0
IAASSE_02900,27,USA,Consultant,637,6,5,1,2,44.56784019493343,4,2,6,6.168749405493807,1,1,1,0
IAASSE_02901,22,Germany,Student,575,9,3,2,4,94.08970271004988,7,4,6,17.851607638110686,0,1,0,0
IAASSE_02902,53,Australia,Consultant,188,8,5,2,3,51.77184122142995,6,1,7,12.159651355509737,0,0,0,0
IAASSE_02903,23,Canada,Manager,112,8,3,4,5,72.20110254850486,1,0,9,21.603807303899476,4,1,2,1
IAASSE_02904,43,USA,Student,197,11,2,3,8,45.35756215587325,4,3,6,5.126559712816236,0,2,0,0
IAASSE_02905,21,India,Software Engineer,143,11,5,1,1,49.49276433631225,4,2,7,8.281596929979663,1,1,0,0
IAASSE_02906,56,USA,Data Analyst,706,9,9,1,2,26.766272858733036,3,1,8,4.065031354763173,2,0,1,0
IAASSE_02907,56,USA,Student,126,9,3,3,1,98.95770781255713,4,4,7,33.70999216361956,1,0,0,0
IAASSE_02909,18,UK,Software Engineer,137,7,4,1,4,99.6376305407877,6,2,3,29.909831486139844,1,0,0,0
IAASSE_02910,41,USA,Software Engineer,463,5,7,3,1,77.98741151993873,4,4,5,18.98161812896372,1,0,0,1
IAASSE_02911,53,Germany,Student,485,9,2,2,2,64.93100310618217,1,1,7,26.590774961559916,1,0,0,0
IAASSE_02913,58,India,Consultant,580,8,6,0,4,96.38866914507037,4,4,6,45.81321825780179,1,1,0,0
IAASSE_02914,63,Canada,Data Analyst,125,8,2,2,4,61.797964681602444,3,3,8,28.253959495699036,1,1,1,0
IAASSE_02915,61,USA,Freelancer,270,7,8,3,5,40.809063419380074,2,2,4,7.341191848466881,2,0,0,1
IAASSE_02916,48,UK,Professor,245,14,2,3,5,48.63606905153929,2,1,8,10.842296819907682,0,0,0,0
IAASSE_02917,37,Brazil,Student,357,11,4,2,2,86.2984771490212,3,1,7,7.729761776167674,1,0,0,0
IAASSE_02918,41,Australia,Student,261,8,4,3,3,92.56729686339634,1,0,5,19.097246757459875,1,0,0,0
IAASSE_02919,42,Germany,Consultant,691,6,7,1,5,93.4889386347515,4,3,3,35.164606482654925,2,0,3,0
IAASSE_02920,53,USA,Software Engineer,315,13,5,1,2,75.29018116051041,6,5,5,21.787175903574326,1,0,1,0
IAASSE_02921,38,Canada,Student,613,7,9,1,1,88.15728690656218,2,0,6,6.689594811166147,2,1,0,0
IAASSE_02922,47,USA,Data Analyst,501,10,8,4,3,77.92763089414947,4,3,5,30.277690635563175,1,0,1,1
IAASSE_02924,61,Nigeria,Manager,409,5,4,2,6,72.4874347691433,1,0,13,48.410189354524036,0,0,0,1
IAASSE_02927,39,Canada,Professor,612,12,4,1,3,92.16830931050185,4,2,9,8.537002050566457,1,0,0,0
IAASSE_02928,45,Brazil,Manager,656,9,8,4,3,56.991403470396854,2,1,5,20.7711822599597,1,0,0,0
IAASSE_02929,24,Germany,Software Engineer,375,9,5,3,3,72.59504043468078,5,2,9,69.02896021450738,1,1,0,0
IAASSE_02930,52,USA,Manager,611,9,5,3,4,78.58093255271686,1,0,3,17.334695985844473,1,0,0,0
IAASSE_02931,45,Canada,Software Engineer,238,8,6,0,2,71.84822093996566,4,3,2,13.665580990994076,1,2,0,0
IAASSE_02932,31,USA,Manager,408,8,6,5,3,58.02198508587194,3,2,7,44.087878135709005,2,0,0,1
IAASSE_02933,27,Canada,Data Analyst,567,7,1,1,3,31.361635537864764,4,3,3,31.996743883425598,1,0,0,1
IAASSE_02935,33,Australia,Manager,580,8,1,1,3,68.98318927551725,4,2,4,28.112068201143813,0,1,0,1
IAASSE_02936,48,UK,Software Engineer,273,8,5,3,1,80.647068987601,5,3,7,34.82924942604126,2,0,0,0
IAASSE_02937,59,USA,Freelancer,124,7,3,1,1,68.99238015145363,5,3,6,17.089496354928254,1,1,0,0
IAASSE_02938,42,Canada,Data Analyst,606,6,6,2,3,69.98858996988201,2,1,10,18.47628396720131,4,0,0,0
IAASSE_02939,30,India,Professor,607,3,2,2,4,38.420714404658355,1,1,4,3.469961210594839,0,2,1,0
IAASSE_02941,61,UK,Data Analyst,159,6,4,4,2,45.81123731781694,3,2,7,6.732675046664091,2,1,1,0
IAASSE_02942,26,Brazil,Manager,245,9,4,2,1,50.06666542790933,0,0,9,11.910660634533423,1,0,1,1
IAASSE_02943,62,Nigeria,Software Engineer,271,7,4,2,3,91.16331742761781,1,0,7,3.5169245070604216,1,1,0,1
IAASSE_02944,53,USA,Professor,274,12,5,4,1,90.64724132882523,3,3,7,22.598477358234845,2,0,0,1
IAASSE_02945,60,USA,Software Engineer,119,5,12,2,3,85.9364869571531,2,2,7,13.966995645156935,1,1,0,1
IAASSE_02946,37,India,Manager,172,7,7,5,1,60.880200284231314,2,1,4,17.48060144349356,0,0,0,0
IAASSE_02947,35,India,Software Engineer,674,5,3,1,2,71.24004003659364,4,3,9,14.485105587833626,2,0,0,0
IAASSE_02949,38,Nigeria,Student,720,10,3,5,4,73.63232047446805,3,2,5,13.081541290485013,2,0,0,0
IAASSE_02950,21,Australia,Software Engineer,223,7,6,4,2,78.29705777395336,4,2,7,6.842142451886458,0,0,1,1
IAASSE_02951,50,Australia,Manager,437,8,3,1,0,42.74856616884822,4,3,6,31.188189972740084,1,1,1,1
IAASSE_02952,44,USA,Researcher,298,9,4,5,3,84.30823559195412,3,2,4,31.583928020990427,1,0,0,0
IAASSE_02954,23,Canada,Data Analyst,113,9,7,2,9,95.81610902115939,3,3,8,37.53465819773039,1,2,1,0
IAASSE_02956,35,Australia,Student,706,13,4,4,2,47.31868133010161,5,2,6,10.76675735447367,2,0,1,0
IAASSE_02957,49,India,Manager,462,7,7,1,3,77.74063925754173,4,4,5,20.54083585192959,1,0,1,0
IAASSE_02958,28,UK,Freelancer,329,5,6,1,6,38.742252837641985,1,1,8,22.07701132739906,2,0,0,0
IAASSE_02959,37,Australia,Software Engineer,315,4,3,3,5,88.15835981027237,2,1,9,25.91474930595072,2,2,2,0
IAASSE_02960,41,USA,Student,628,8,5,0,5,68.72572396773289,1,0,7,21.73033111401958,0,1,1,1
IAASSE_02961,32,Canada,Student,151,9,8,2,2,59.540207808596726,3,2,7,14.512261824359323,3,0,1,0
IAASSE_02962,24,India,Researcher,418,9,8,1,3,64.68683018589957,3,2,9,34.25955688986293,0,1,0,0
IAASSE_02963,38,Germany,Researcher,120,6,6,0,5,87.2690612892371,6,4,8,15.222922724634973,1,0,0,0
IAASSE_02964,59,Brazil,Manager,581,9,6,0,2,57.204275361799816,3,1,6,13.929333590374958,1,1,0,0
IAASSE_02965,43,UK,Data Analyst,405,8,6,3,1,96.81115439885295,5,4,8,18.835321334206444,0,0,0,0
IAASSE_02966,61,Canada,Manager,281,12,4,2,4,91.18040047741027,4,3,4,28.245038271846347,1,1,1,1
IAASSE_02967,31,UK,Researcher,130,6,8,3,3,75.52812211027351,3,2,3,25.57042472612556,0,0,0,1
IAASSE_02968,54,Canada,Data Analyst,92,10,2,3,3,59.0519054365767,3,1,6,11.592529088987064,0,0,0,1
IAASSE_02969,38,Nigeria,Software Engineer,588,3,7,1,6,89.2426783416144,0,0,6,14.358886349368547,3,0,0,0
IAASSE_02971,22,Nigeria,Software Engineer,717,13,8,1,3,45.45734314530862,3,1,8,4.333798330191265,2,1,0,0
IAASSE_02972,20,USA,Consultant,207,9,5,1,2,38.54468296755486,2,2,7,0.6287394931332706,1,1,0,0
IAASSE_02973,40,Nigeria,Software Engineer,282,5,4,4,4,38.86397292587449,3,2,3,24.293678977471465,2,0,0,0
IAASSE_02974,43,USA,Consultant,555,4,7,1,2,78.47892897392643,1,1,6,53.809917358706315,0,1,0,0
IAASSE_02975,54,Nigeria,Software Engineer,721,8,7,4,1,57.55031973856058,2,1,3,33.454391266036616,1,1,0,1
IAASSE_02976,41,UK,Student,136,3,7,3,3,78.11969381328895,4,2,4,37.05805790116746,1,1,0,0
IAASSE_02977,36,UK,Software Engineer,454,6,7,3,1,50.96814350724333,2,0,3,12.661604357383467,2,0,1,0
IAASSE_02978,42,Canada,Software Engineer,395,8,4,4,2,75.54578660409943,1,1,7,4.003632886134866,0,2,0,0
IAASSE_02979,38,Brazil,Software Engineer,582,9,4,1,2,34.78630600123009,1,1,6,35.42093597582396,1,0,0,0
IAASSE_02980,29,USA,Student,269,12,8,2,2,59.896918750873695,2,1,8,12.55181279041864,1,0,0,0
IAASSE_02981,58,UK,Software Engineer,638,8,2,1,2,99.38127352084678,7,2,7,33.8084812331888,2,0,0,0
IAASSE_02982,50,Nigeria,Student,284,11,11,2,5,95.54981789982878,4,0,4,16.609242136044,2,1,0,0
IAASSE_02983,21,UK,Student,720,11,2,0,6,95.42435045682325,2,1,5,35.082907179262406,0,0,1,0
IAASSE_02985,24,Canada,Data Analyst,174,13,5,1,0,45.166572938738824,6,3,2,24.710430587010215,2,1,0,0
IAASSE_02986,39,UK,Professor,451,11,4,0,3,56.59264682262967,4,2,5,13.129006889264673,1,1,0,0
IAASSE_02987,50,Nigeria,Data Analyst,628,6,4,2,4,74.16498412936045,4,2,5,21.31954332850505,1,0,2,0
IAASSE_02989,41,Canada,Software Engineer,546,13,5,1,3,97.81911241506921,4,2,2,15.41943801830647,2,1,0,0
IAASSE_02990,51,Brazil,Researcher,93,5,3,1,1,99.71899950742295,2,2,5,32.12679915959815,0,0,0,0
IAASSE_02991,45,Canada,Data Analyst,391,7,5,5,8,74.63572233646236,2,2,7,27.895478230237252,0,1,0,1
IAASSE_02992,60,USA,Professor,675,9,4,1,2,54.794504818990056,3,1,5,5.055089081062749,1,1,1,0
IAASSE_02993,58,UK,Software Engineer,271,8,6,3,1,70.50652532880527,4,1,8,38.684355684585235,1,0,0,1
IAASSE_02995,39,USA,Data Analyst,709,11,1,0,3,65.88000984632238,4,3,2,15.008181499145682,3,2,0,0
IAASSE_02996,34,Brazil,Student,456,11,2,3,3,73.18621245371457,4,1,7,2.24136345735191,1,0,0,0
IAASSE_02997,51,India,Researcher,238,8,7,2,0,94.86892763944196,6,3,6,30.022959874204464,2,0,0,1
IAASSE_02998,23,UK,Student,192,13,7,1,3,18.80180768593817,3,2,5,14.06640021445866,0,1,0,0
IAASSE_02999,63,Australia,Software Engineer,332,3,3,0,2,88.79040619600079,1,1,6,11.122020144825917,2,0,1,0
IAASSE_03000,23,India,Student,189,13,4,0,3,37.16330567674144,5,3,7,12.142661615833404,0,0,0,0
IAASSE_03001,51,Brazil,Researcher,403,6,6,0,3,77.2623314390738,1,1,8,10.855126039861997,1,1,1,0
IAASSE_03002,18,Nigeria,Freelancer,487,5,4,2,3,54.107096460277134,4,2,6,22.434673516551648,0,0,1,0
IAASSE_03003,27,Canada,Software Engineer,409,7,7,1,3,49.50434308233504,5,2,4,72.856779186427,1,0,1,0
IAASSE_03004,38,India,Manager,469,5,7,2,2,64.71469770209836,6,3,3,32.000096241244094,1,0,0,1
IAASSE_03005,22,Australia,Software Engineer,423,8,5,3,4,86.55568194774693,4,3,7,27.791117145434583,1,0,0,0
IAASSE_03006,19,Australia,Software Engineer,208,9,4,2,4,36.95322134786757,0,0,6,30.741885214222616,1,0,1,0
IAASSE_03008,19,USA,Consultant,561,9,4,1,2,26.3784493783497,4,1,3,8.354116787193565,0,1,0,0
IAASSE_03010,51,UK,Data Analyst,189,6,5,2,3,56.41983202676663,3,3,6,19.30523408299123,2,1,0,0
IAASSE_03011,33,USA,Software Engineer,397,9,8,1,4,94.940535706531,2,0,6,60.06054871588883,1,2,1,0
IAASSE_03013,39,USA,Software Engineer,706,18,4,2,4,72.22552479087196,3,3,6,11.177101123036142,0,1,0,0
IAASSE_03014,29,Australia,Software Engineer,488,7,5,2,2,19.23050924972733,0,0,6,12.406795189505447,3,2,0,1
IAASSE_03015,41,Australia,Consultant,269,4,6,0,5,78.4660820266605,1,1,8,11.768108602631953,1,1,0,1
IAASSE_03016,64,Brazil,Consultant,180,8,5,2,3,32.51628133306411,2,1,7,3.5886351690159426,0,0,1,1
IAASSE_03017,57,Canada,Software Engineer,447,15,8,2,3,51.51426332327377,2,1,6,7.194786844183726,0,0,0,0
IAASSE_03018,55,USA,Student,572,9,3,0,2,12.817080533951783,4,1,5,16.87150165976452,3,2,0,0
IAASSE_03019,27,Australia,Consultant,226,5,8,3,5,53.942717649917995,6,1,7,35.43041134218764,2,1,0,0
IAASSE_03020,52,India,Student,564,7,5,2,2,80.33742724787648,1,1,4,20.89700075447758,2,0,0,0
IAASSE_03021,49,Brazil,Researcher,400,7,8,5,6,53.91861846115766,5,3,4,37.930358628795545,0,2,0,0
IAASSE_03022,24,Canada,Student,201,5,3,1,5,98.492855079489,2,2,6,30.758592404658266,4,0,0,0
IAASSE_03023,38,UK,Software Engineer,415,7,10,0,4,63.52358011300533,2,2,5,17.501974493296622,0,0,0,0
IAASSE_03024,37,Nigeria,Freelancer,477,5,7,0,2,66.31455817880322,3,2,3,14.603804665490179,2,0,0,0
IAASSE_03025,43,USA,Student,353,5,4,1,4,76.74108734180166,4,4,8,15.407309836418454,1,0,2,0
IAASSE_03026,21,Australia,Software Engineer,468,6,3,6,2,59.619912842637405,4,2,4,11.647860396241995,2,2,0,0
IAASSE_03028,39,USA,Professor,172,8,3,4,2,77.48702100525776,8,4,5,11.048511765130336,2,0,1,0
IAASSE_03029,32,UK,Consultant,678,4,1,1,5,71.05178065982741,1,0,5,22.772963332643265,0,1,1,0
IAASSE_03030,57,UK,Data Analyst,157,9,5,1,1,93.74846604728918,7,3,7,8.185945601764137,1,1,0,0
IAASSE_03031,38,Germany,Student,117,6,7,4,1,91.25641741118716,3,3,7,10.732720078500538,3,0,1,0
IAASSE_03032,32,Brazil,Researcher,494,2,4,3,5,90.23936927849206,2,1,5,29.008302121963496,1,0,0,0
IAASSE_03033,39,UK,Data Analyst,555,7,7,0,2,26.54671726942242,2,0,7,12.830932175842488,1,0,0,0
IAASSE_03035,31,USA,Student,489,3,6,2,3,64.01263690174808,2,0,4,4.285941028092389,1,0,1,0
IAASSE_03037,58,USA,Researcher,168,6,5,2,2,88.28078091636414,0,0,10,13.685106955276314,0,0,1,0
IAASSE_03038,57,Brazil,Data Analyst,350,6,4,4,6,86.63012343300737,4,3,6,19.658563249057014,0,0,0,0
IAASSE_03039,45,India,Consultant,455,8,8,3,1,26.747152507526067,3,1,7,9.930294679773773,0,0,0,1
IAASSE_03040,43,Germany,Student,338,9,3,0,2,35.897530423933574,5,4,6,5.742156698605384,2,0,0,0
IAASSE_03041,19,India,Data Analyst,270,2,4,2,9,99.84281111788776,3,2,8,28.00832636764656,0,0,1,0
IAASSE_03043,20,Brazil,Software Engineer,340,7,3,3,4,87.76542079860867,3,1,3,6.833566885223678,0,1,0,0
IAASSE_03044,25,Germany,Researcher,386,11,12,3,0,67.78384804002684,2,1,4,30.24371236470252,0,0,2,0
IAASSE_03045,61,Nigeria,Student,225,7,2,3,3,79.75924803000495,2,0,5,44.18977698931095,3,3,0,0
IAASSE_03046,50,Canada,Researcher,664,16,4,3,5,83.53133433488944,3,1,6,22.278680644146043,1,0,1,1
IAASSE_03047,59,USA,Manager,460,9,10,5,2,51.06850249098319,6,4,3,7.678461913989842,0,0,1,1
IAASSE_03048,52,Australia,Data Analyst,679,7,6,2,0,45.891965134902534,4,1,4,8.360024033859064,5,2,0,0
IAASSE_03049,23,USA,Consultant,95,11,5,2,5,90.90001698918195,2,0,2,44.85131412065341,2,1,0,0
IAASSE_03050,56,Australia,Researcher,339,11,6,1,1,94.90746712917858,2,0,5,18.19535540797738,1,0,0,0
IAASSE_03051,40,Canada,Software Engineer,316,7,6,1,3,82.86319735276652,4,2,8,14.44051590066196,0,0,0,0
IAASSE_03052,42,Germany,Software Engineer,426,8,4,2,3,21.435996658802075,3,2,7,14.835797051053587,0,0,0,0
IAASSE_03053,60,USA,Software Engineer,615,9,6,4,1,92.53049620313374,4,3,2,23.05053449414068,2,0,1,1
IAASSE_03054,36,USA,Student,360,9,5,1,2,33.994361555033116,1,1,4,53.241327953881175,1,1,0,0
IAASSE_03055,22,Canada,Software Engineer,106,7,7,4,5,92.15537508327859,6,3,3,22.521248578028853,3,1,0,0
IAASSE_03056,28,Brazil,Data Analyst,151,7,6,4,1,88.6259224428697,3,1,7,28.447543979963537,1,0,1,1
IAASSE_03059,25,Germany,Software Engineer,392,4,8,3,5,91.62968289810935,1,1,8,5.512814124850576,1,1,2,0
IAASSE_03060,41,Australia,Professor,501,5,3,2,3,41.73679370902463,3,2,10,8.508322332475911,2,0,0,0
IAASSE_03061,45,UK,Data Analyst,499,10,7,0,3,59.848463853732156,0,0,6,18.235563177672784,1,2,0,0
IAASSE_03062,58,Canada,Software Engineer,175,7,7,2,3,74.7313195503229,1,0,5,3.3749117725425553,3,0,0,1
IAASSE_03063,53,USA,Manager,648,10,4,3,1,31.8932726714502,3,3,5,8.169491217267504,2,0,1,0
IAASSE_03064,54,Brazil,Software Engineer,537,13,10,0,7,27.094376743825855,6,3,7,63.8144319557577,0,0,0,0
IAASSE_03065,38,USA,Software Engineer,342,14,4,3,0,23.386953853327267,2,1,6,11.191000577767454,2,1,1,0
IAASSE_03066,25,UK,Student,519,8,8,2,1,55.80788022996591,5,3,10,11.147015858358294,3,0,0,0
IAASSE_03067,26,USA,Software Engineer,136,10,4,2,2,30.467242215548694,2,1,3,13.496506183835763,0,0,0,1
IAASSE_03068,64,USA,Data Analyst,545,15,2,2,1,87.14093505808776,6,4,7,40.73007823092975,1,0,0,0
IAASSE_03069,32,India,Freelancer,520,10,6,1,4,62.88190431146701,3,0,6,55.68364653845883,0,1,1,0
IAASSE_03070,63,USA,Data Analyst,256,9,7,2,6,59.596104133634675,1,1,6,40.77797958380004,1,1,2,1
IAASSE_03071,57,USA,Consultant,144,5,2,1,1,91.26501596315096,4,3,6,15.656893031133103,1,1,0,0
IAASSE_03072,35,Canada,Researcher,281,9,1,3,1,96.95954862097683,1,1,6,14.359601686406776,0,0,0,0
IAASSE_03073,59,USA,Data Analyst,470,4,6,0,5,43.855889389398286,4,3,6,18.780656975747323,0,1,0,0
IAASSE_03074,37,USA,Software Engineer,147,14,6,3,2,83.27682012248914,0,0,5,6.210537377162376,1,0,0,0
IAASSE_03075,23,India,Consultant,262,10,6,3,1,78.97924848980698,1,0,1,18.49361490288489,1,0,0,0
IAASSE_03076,29,India,Consultant,462,5,5,2,0,43.23329842144758,1,0,6,21.26969841762026,1,0,0,0
IAASSE_03077,19,Nigeria,Student,440,6,9,2,0,93.25370944925226,5,4,5,38.35517784792359,2,1,0,0
IAASSE_03078,24,Nigeria,Data Analyst,613,11,8,2,3,22.29371946613969,7,4,7,12.43017161728768,3,1,1,0
IAASSE_03079,33,Germany,Data Analyst,179,6,4,5,0,58.33973712960125,2,0,4,37.34311190883857,0,1,0,1
IAASSE_03080,20,USA,Student,479,4,8,1,3,98.19987584737335,3,3,7,3.83599415904168,0,0,0,0
IAASSE_03081,62,India,Software Engineer,429,5,3,1,1,84.91332441379373,4,2,6,8.968319072716625,0,0,0,0
IAASSE_03082,20,India,Consultant,445,8,4,1,6,78.42902659190418,0,0,7,21.4848426920748,2,0,0,0
IAASSE_03084,60,Canada,Manager,504,11,4,3,4,79.90558628702831,3,0,5,23.41038204203656,1,0,1,0
IAASSE_03085,57,USA,Researcher,620,4,2,0,3,61.12013188685871,0,0,8,33.490311314809375,2,0,0,0
IAASSE_03086,55,India,Data Analyst,175,8,4,3,9,86.48674770430739,0,0,5,29.406127955028836,3,1,0,0
IAASSE_03087,50,India,Student,588,14,2,2,3,79.73511486968938,3,1,7,15.338709957283179,2,1,0,0
IAASSE_03088,45,Brazil,Researcher,567,7,5,2,1,99.74372112403971,6,4,11,39.46562616558773,0,0,0,1
IAASSE_03089,18,USA,Consultant,434,17,8,1,2,81.6993578595278,5,4,8,19.761853674606233,0,0,0,0
IAASSE_03090,25,USA,Researcher,425,10,3,2,0,62.09005998520809,2,1,5,9.302845644260744,0,1,0,0
IAASSE_03091,54,USA,Student,353,11,4,2,2,8.621851875551508,1,1,5,10.115985153834156,0,0,1,0
IAASSE_03092,49,India,Data Analyst,523,11,8,0,5,97.38244197207425,3,2,7,4.036416602264855,1,0,0,1
IAASSE_03093,60,USA,Student,461,9,8,1,4,97.23143440887883,3,2,7,7.793436075691619,1,0,0,1
IAASSE_03094,54,USA,Software Engineer,720,9,5,1,2,99.81291225171086,2,1,10,23.36875086983747,0,0,0,0
IAASSE_03095,21,Brazil,Manager,208,8,3,4,1,56.54020509808265,2,2,6,29.244228688592194,1,0,0,0
IAASSE_03096,47,USA,Student,185,5,3,4,1,98.10226781420883,3,1,7,12.315073694478937,1,1,2,0
IAASSE_03098,63,UK,Software Engineer,704,9,7,0,3,38.34743669538771,5,4,9,31.088526172818188,4,0,0,0
IAASSE_03099,36,India,Researcher,610,8,8,1,3,61.410576387434176,3,2,3,22.577532194950525,3,0,0,0
IAASSE_03100,49,Australia,Freelancer,507,8,3,2,2,73.38888648711973,2,2,4,23.748285717906068,0,1,1,1
IAASSE_03101,26,Nigeria,Student,118,5,2,3,3,8.812209012994378,5,4,8,21.414543163879642,0,0,0,0
IAASSE_03102,29,Nigeria,Professor,154,10,4,0,1,86.5194050532965,6,4,8,14.179735560802033,1,2,1,0
IAASSE_03103,28,USA,Student,721,9,6,0,4,89.3539043791622,4,2,6,28.10317041123872,0,2,0,0
IAASSE_03104,63,USA,Software Engineer,384,4,8,0,5,85.52365798488546,4,0,9,10.586283489764476,1,0,1,0
IAASSE_03105,33,UK,Consultant,354,9,3,2,8,86.22727778567015,6,2,7,13.707530867722424,0,2,0,0
IAASSE_03106,18,Germany,Professor,364,9,4,3,4,91.94883474563326,5,5,3,21.208729969930435,1,0,1,1
IAASSE_03108,38,Canada,Software Engineer,322,9,1,1,4,95.5960750768381,4,3,8,5.521689500184028,0,3,0,0
IAASSE_03109,47,Australia,Researcher,191,4,3,2,2,79.98098241256551,1,0,6,16.729890303516864,1,1,0,0
IAASSE_03112,21,Brazil,Manager,729,5,4,3,2,75.1050823780347,3,0,4,11.518380016073168,2,0,0,0
IAASSE_03113,45,UK,Software Engineer,276,4,5,3,3,62.10484817621125,2,2,6,64.50485229240041,1,0,0,0
IAASSE_03114,55,Canada,Software Engineer,514,8,3,4,4,90.44613359874177,1,0,5,5.420337110010651,2,0,0,0
IAASSE_03115,48,USA,Software Engineer,234,12,1,2,6,85.47219450969469,2,1,7,16.216130531584078,2,1,1,0
IAASSE_03116,44,Australia,Software Engineer,434,8,6,1,1,28.57027186867417,4,4,6,35.49004393897725,0,0,0,0
IAASSE_03117,22,Canada,Professor,729,9,7,2,6,92.84624516122052,4,3,2,12.610336864951933,4,0,1,0
IAASSE_03120,50,UK,Student,509,5,6,2,4,92.51473947210803,1,0,7,15.447071344139774,0,0,1,0
IAASSE_03121,21,Australia,Manager,454,8,4,3,4,67.80313077721041,3,3,4,17.38938908215833,1,0,0,0
IAASSE_03122,42,Australia,Manager,502,15,7,1,0,81.85251404354817,1,1,1,21.260081183542425,0,2,0,1
IAASSE_03123,37,USA,Researcher,431,14,5,2,1,88.35820001599298,3,3,6,1.9756003022926494,1,0,0,0
IAASSE_03124,51,India,Researcher,706,9,7,3,7,75.44147942431053,4,1,7,6.789266960030831,2,0,0,1
IAASSE_03126,22,UK,Consultant,451,9,5,1,0,68.29184670573652,7,4,8,6.372413775517385,1,1,1,0
IAASSE_03127,52,USA,Consultant,567,8,7,1,1,95.04246967961642,1,1,3,9.299743748347936,0,1,0,0
IAASSE_03128,45,India,Student,565,8,5,2,3,50.90412960567655,9,5,6,81.00840914339244,0,0,0,0
IAASSE_03129,46,Brazil,Consultant,633,6,3,1,3,93.55352592285887,4,3,9,20.919986177899524,0,1,0,0
IAASSE_03131,55,UK,Data Analyst,216,9,2,2,5,86.33882976946832,6,5,4,10.388129422942558,2,1,0,0
IAASSE_03132,23,USA,Consultant,217,6,4,1,3,95.34096223155821,3,2,3,25.223735651368578,2,0,1,0
IAASSE_03133,36,Australia,Software Engineer,571,5,2,5,2,73.67741136740558,4,4,3,14.41992279167085,0,3,0,1
IAASSE_03134,61,USA,Manager,287,9,2,3,1,44.876769304400845,5,3,7,9.05731485523667,0,0,0,0
IAASSE_03135,28,UK,Data Analyst,139,10,4,5,2,62.60401427143265,2,2,7,16.440467449542115,1,0,0,0
IAASSE_03136,19,Germany,Student,455,11,7,0,3,42.48084936432904,1,1,5,32.90078921478912,1,0,0,0
IAASSE_03137,64,Australia,Software Engineer,270,8,3,3,3,70.90336192027581,2,1,10,8.143566146878193,2,0,1,1
IAASSE_03138,61,UK,Student,117,13,7,0,4,63.37169595567986,4,3,11,20.726799596242337,0,0,1,0
IAASSE_03139,61,Canada,Manager,561,7,7,2,4,80.03818543586489,0,0,6,1.4704998349841802,0,1,0,0
IAASSE_03140,26,Australia,Data Analyst,244,4,5,1,0,57.83067219984312,4,3,6,3.387504212253662,1,0,1,0
IAASSE_03141,38,USA,Software Engineer,463,6,5,0,4,53.05971877303023,2,2,2,8.703277726563988,2,2,1,0
IAASSE_03142,41,USA,Student,522,11,5,0,2,35.06676970055763,2,1,6,41.14830796117519,1,1,0,0
IAASSE_03143,51,Nigeria,Data Analyst,179,6,8,0,1,99.43220758662248,6,5,4,5.04750198729429,0,0,0,1
IAASSE_03144,39,USA,Manager,199,7,6,3,4,67.3502337214183,1,1,4,50.45865511948097,1,1,0,1
IAASSE_03145,20,Germany,Student,521,8,8,0,5,19.04650111807216,4,2,6,18.642026503530715,1,0,0,0
IAASSE_03146,29,Nigeria,Researcher,574,8,8,4,3,49.18045131058234,1,1,9,35.98255166599276,1,0,0,0
IAASSE_03147,45,UK,Professor,415,4,6,0,6,90.72486172392868,5,3,4,40.60045687172112,1,1,0,1
IAASSE_03148,47,UK,Researcher,694,12,6,5,2,84.35142183834184,5,2,10,12.022569239462602,0,2,0,0
IAASSE_03149,43,Australia,Manager,634,6,3,2,2,88.349839184926,3,3,5,13.323020405282842,1,1,0,0
IAASSE_03150,38,Nigeria,Student,90,11,5,2,3,67.16243170477807,4,3,2,20.330437099101637,2,2,0,0
IAASSE_03151,45,Brazil,Data Analyst,677,8,8,2,4,45.15984317790666,4,3,7,15.05025742263231,3,0,1,0
IAASSE_03153,50,USA,Researcher,584,5,7,2,1,21.576252946151897,3,0,11,25.683102283220958,1,0,0,1
IAASSE_03154,38,Germany,Researcher,215,5,5,1,1,75.39303617687783,2,2,4,29.699865727230097,0,0,0,0
IAASSE_03155,52,Canada,Researcher,528,4,5,3,4,89.66059574862318,3,2,5,14.496032153934419,2,3,0,0
IAASSE_03156,51,Canada,Software Engineer,205,5,3,1,3,99.75401150843769,2,1,5,7.13495894728648,0,2,1,1
IAASSE_03157,58,USA,Student,577,11,7,2,7,50.301848059896685,4,2,4,6.2481225558758,0,0,0,0
IAASSE_03158,64,USA,Manager,240,11,3,2,2,45.79457309208193,3,2,6,16.716361576338954,0,1,1,0
IAASSE_03159,35,India,Researcher,250,9,8,3,2,80.90730775175918,1,1,5,5.934153548931814,1,0,0,0
IAASSE_03160,28,Canada,Software Engineer,399,8,6,1,7,95.07652457289907,5,3,11,18.95949302373168,3,1,0,0
IAASSE_03161,40,UK,Consultant,572,9,3,1,4,61.868131016710315,8,4,5,37.01769974879285,0,0,0,0
IAASSE_03162,39,UK,Data Analyst,452,9,3,0,0,79.05815675761598,4,1,6,34.66861678795902,0,1,0,0
IAASSE_03163,34,Nigeria,Data Analyst,399,5,6,5,2,75.01438023017933,1,1,6,5.2023646255700315,1,1,0,0
IAASSE_03165,61,UK,Manager,619,11,6,2,7,55.41270245432205,2,1,8,11.841711167851534,1,0,0,0
IAASSE_03166,28,USA,Software Engineer,721,7,6,1,5,17.047003365578558,9,5,6,11.947161585849226,0,0,0,0
IAASSE_03167,47,UK,Student,159,9,5,1,2,66.70315454509425,2,1,6,45.9346003596404,0,0,1,0
IAASSE_03168,32,Nigeria,Data Analyst,116,6,3,1,3,43.219175923404165,3,3,3,54.34659263289956,2,0,0,0
IAASSE_03169,44,Australia,Researcher,272,5,4,1,1,97.93015903069028,3,1,5,21.783378114795376,2,0,0,0
IAASSE_03170,52,Australia,Software Engineer,379,8,5,2,2,57.262378614529275,3,2,5,9.027260346853236,0,0,0,0
IAASSE_03171,50,Australia,Consultant,158,4,6,5,2,76.26400796440967,0,0,4,17.986122185907828,0,0,0,0
IAASSE_03172,37,UK,Professor,601,12,6,0,4,54.73944386670405,2,1,10,14.736927396728142,1,0,0,0
IAASSE_03173,33,India,Manager,421,10,7,0,1,97.27048454856228,3,3,6,27.19792641181829,0,0,1,1
IAASSE_03174,51,Australia,Data Analyst,652,12,9,2,4,49.160967936700544,1,0,3,49.606269054516915,1,1,1,1
IAASSE_03175,19,USA,Manager,332,5,1,0,2,55.59856557824091,1,1,5,62.069397239994196,1,0,1,0
IAASSE_03176,52,USA,Data Analyst,678,6,8,0,7,97.03284811776017,2,1,7,10.318382936500775,1,0,1,0
IAASSE_03177,57,Australia,Student,557,6,5,3,2,28.170826058207727,9,7,7,12.188736186630253,0,0,0,0
IAASSE_03178,45,Brazil,Student,182,9,4,3,4,75.74975189632217,2,1,4,10.239007300699177,3,2,0,1
IAASSE_03179,64,UK,Software Engineer,531,5,6,0,4,85.57445086009892,3,2,6,16.864548773540054,0,0,0,0
IAASSE_03180,56,Nigeria,Professor,321,9,9,3,4,70.67766457584246,4,4,5,39.73895581738284,0,0,0,0
IAASSE_03182,26,USA,Data Analyst,559,7,8,6,3,77.19686745816873,5,3,6,24.053345314790104,1,0,1,0
IAASSE_03183,37,USA,Freelancer,190,6,6,2,4,25.200296981098592,4,3,8,26.675367144313363,0,0,0,0
IAASSE_03185,25,India,Manager,511,8,5,3,4,77.32471124518547,2,2,8,9.858621456873,1,1,0,1
IAASSE_03187,20,UK,Student,478,9,1,4,5,50.11125716929017,0,0,4,28.637775662196695,0,0,0,0
IAASSE_03188,21,Canada,Professor,588,10,6,3,4,67.80427261650748,2,2,5,20.12488023367723,4,1,0,0
IAASSE_03189,42,India,Student,529,6,5,0,1,50.867386277229784,3,1,4,22.245926147176405,0,0,1,0
IAASSE_03190,64,USA,Software Engineer,289,8,4,1,3,49.62398986488673,5,3,5,4.01240783615364,0,0,0,0
IAASSE_03191,55,Canada,Data Analyst,542,10,6,3,2,77.7689034718842,1,1,3,22.03981921917397,1,0,1,1
IAASSE_03192,32,Canada,Student,280,6,6,2,5,75.1621425856991,4,2,5,32.18903335030343,3,0,0,0
IAASSE_03193,38,Australia,Student,545,8,4,1,3,88.23800390011385,3,0,8,60.698310519473246,1,1,2,1
IAASSE_03196,31,India,Manager,283,8,3,0,3,83.33247025343019,6,4,5,15.32773790393973,0,1,0,1
IAASSE_03197,53,Germany,Software Engineer,449,13,7,5,2,67.47891645497455,3,1,3,8.202525795084807,0,0,0,1
IAASSE_03198,29,Australia,Data Analyst,424,8,1,2,1,94.03145329547979,3,1,6,22.71582661857969,1,0,0,0
IAASSE_03199,34,Germany,Software Engineer,638,9,4,5,2,99.88724267891904,4,3,8,19.574568582028196,2,0,0,0
IAASSE_03200,56,Canada,Professor,231,9,6,0,3,76.24822947722508,1,1,3,19.69697058514428,1,0,0,0
IAASSE_03201,26,USA,Professor,576,7,2,2,1,78.65936469978215,5,3,7,5.666320529154313,0,0,0,0
IAASSE_03202,52,Germany,Researcher,261,4,2,1,3,82.93160141763506,3,2,7,20.264372866088188,0,2,0,0
IAASSE_03203,30,Australia,Consultant,182,5,3,0,2,58.07092085213702,5,2,3,29.396730147394486,0,0,1,0
IAASSE_03204,32,Germany,Data Analyst,572,7,1,1,3,98.32117852990747,1,0,5,11.80052802619048,2,0,1,0
IAASSE_03205,35,UK,Software Engineer,152,4,3,1,3,94.37495978784827,7,3,3,18.910846922012116,1,1,0,1
IAASSE_03206,50,Nigeria,Researcher,670,10,6,2,5,50.900699930392555,1,1,4,16.578927357235816,1,0,0,0
IAASSE_03207,23,Australia,Researcher,391,10,2,2,2,95.66624228028923,4,2,9,13.689080828823574,2,0,1,0
IAASSE_03208,44,USA,Software Engineer,268,5,6,0,5,43.16016429704106,7,4,7,19.290606572526833,1,1,1,1
IAASSE_03209,40,Canada,Software Engineer,537,11,6,0,2,43.863897210947336,0,0,8,12.319691382228834,0,0,1,0
IAASSE_03210,44,India,Freelancer,377,9,3,0,1,69.47648091537553,4,4,5,9.854476794548763,1,0,0,0
IAASSE_03211,51,India,Consultant,689,5,5,1,4,74.05959048154648,3,2,5,14.68761613086268,1,0,0,0
IAASSE_03212,63,Canada,Software Engineer,203,7,2,1,1,76.49881576944465,1,0,9,14.14868793309174,1,0,0,0
IAASSE_03213,55,Nigeria,Manager,591,3,6,0,2,34.83306581915892,4,2,8,20.146850337213344,3,1,1,1
IAASSE_03214,31,UK,Data Analyst,603,10,4,2,1,51.776666641781155,0,0,5,2.3701163978473785,0,1,1,1
IAASSE_03215,53,Canada,Student,290,14,4,3,1,61.435199238031224,5,4,6,24.04222288806631,0,0,0,0
IAASSE_03216,25,Nigeria,Data Analyst,308,9,9,3,0,38.29265969289657,1,1,7,24.231240000431207,1,1,0,0
IAASSE_03217,52,Nigeria,Software Engineer,138,7,4,1,4,42.583237044496045,6,4,6,17.075912082128106,0,1,0,0
IAASSE_03218,36,Germany,Student,126,9,2,0,2,50.66515231417647,5,5,4,21.16589762218938,1,0,0,0
IAASSE_03219,47,Nigeria,Manager,142,8,1,0,4,87.10691329505588,4,1,10,11.296859409358532,2,1,0,1
IAASSE_03220,31,USA,Data Analyst,634,5,6,1,4,89.54875302513204,6,6,4,23.22207392838373,1,1,2,1
IAASSE_03221,37,Nigeria,Software Engineer,579,9,2,0,3,65.41429411779897,3,3,3,1.590432818729495,1,0,0,0
IAASSE_03222,42,UK,Student,535,9,7,5,4,91.66204390098606,1,0,8,1.0698436503099438,1,0,0,0
IAASSE_03224,41,USA,Consultant,538,7,3,2,3,49.99207411407866,1,1,9,26.04283734772066,1,0,0,0
IAASSE_03225,31,Canada,Researcher,214,5,5,3,3,81.00879009851366,3,3,4,9.24321108181665,1,2,0,1
IAASSE_03226,43,UK,Freelancer,680,11,6,0,6,75.50462094869219,3,2,4,9.626794363804086,1,0,1,0
IAASSE_03227,55,UK,Freelancer,305,7,5,2,1,65.48356060949874,1,1,9,4.156624876816542,1,0,0,0
IAASSE_03228,40,USA,Data Analyst,528,10,3,0,2,79.86552100130281,1,1,4,13.040347854853366,0,0,0,0
IAASSE_03229,39,UK,Data Analyst,100,6,5,2,1,64.94463883699781,5,3,4,11.333951716242858,2,0,0,0
IAASSE_03230,36,Australia,Consultant,420,11,6,2,3,29.115253336344583,3,1,6,16.279314052523304,1,0,0,1
IAASSE_03231,63,Canada,Freelancer,377,6,7,2,2,88.89691023642622,1,1,6,7.606311306640194,1,0,0,0
IAASSE_03232,20,UK,Researcher,415,6,6,1,0,11.202803851910659,2,2,6,6.05481396170612,2,0,0,0
IAASSE_03233,59,India,Manager,389,4,4,3,4,86.28750737977578,2,1,3,14.260264540494298,1,1,1,1
IAASSE_03234,36,Nigeria,Manager,447,5,7,1,4,55.1706101861783,2,1,4,14.321780854233605,2,0,0,0
IAASSE_03235,26,India,Data Analyst,453,12,4,3,2,55.30309212309943,1,1,7,45.80844105300809,0,0,1,1
IAASSE_03236,45,UK,Software Engineer,625,8,3,3,2,65.46892248787684,6,5,3,27.070746659333395,1,1,0,0
IAASSE_03237,37,India,Consultant,623,7,5,2,2,83.31405359672539,5,1,4,14.170332042441334,1,0,1,0
IAASSE_03239,24,USA,Student,90,8,6,0,3,79.64832371524689,0,0,8,15.692194572303928,0,0,0,0
IAASSE_03240,31,UK,Data Analyst,215,10,9,1,2,72.8696916697587,3,1,6,27.359670813763415,0,0,1,0
IAASSE_03241,26,India,Student,265,8,8,2,4,84.98877327937453,1,1,4,21.1492938223094,1,1,0,0
IAASSE_03242,36,USA,Data Analyst,245,10,5,2,3,77.90875525584362,2,1,5,17.49638902153896,1,1,0,1
IAASSE_03243,64,USA,Professor,308,11,5,5,5,68.33728891296107,3,2,8,1.7114655476243419,0,2,0,0
IAASSE_03244,31,USA,Student,238,5,3,1,5,68.11957318630732,3,2,6,12.363830150461661,0,0,1,0
IAASSE_03245,55,Nigeria,Data Analyst,288,4,8,2,5,58.15580468565648,7,5,7,7.989336900459617,2,0,0,0
IAASSE_03246,53,Germany,Data Analyst,400,5,3,0,3,58.854847161890724,3,0,3,65.86752278829383,1,0,0,0
IAASSE_03247,57,UK,Researcher,424,11,3,1,3,52.40817511234943,4,2,3,4.134458650870496,0,0,0,0
IAASSE_03248,34,Australia,Software Engineer,212,4,6,2,2,33.75793906914864,4,2,5,39.50924548567158,2,0,2,1
IAASSE_03249,47,Australia,Data Analyst,270,10,7,5,2,89.61070220729668,1,1,8,3.1831901235527393,2,0,0,0
IAASSE_03250,26,Germany,Student,317,8,6,3,3,52.17148883065751,1,1,1,12.052755867609985,2,2,0,0
IAASSE_03251,50,USA,Data Analyst,703,10,5,2,3,94.04839586349716,4,1,0,14.558058134893992,0,2,0,0
IAASSE_03252,42,Nigeria,Software Engineer,632,10,6,3,0,95.40131672019577,3,2,11,9.77034691245658,0,1,0,1
IAASSE_03254,28,Germany,Professor,348,7,6,0,4,96.73669693710436,2,1,5,23.03055928664029,1,1,0,1
IAASSE_03255,52,USA,Software Engineer,568,8,5,2,1,75.24440124448516,9,4,3,16.802099189412,1,0,1,0
IAASSE_03256,58,UK,Student,101,8,0,3,3,66.20779780560481,1,1,6,7.317704412315486,0,1,0,0
IAASSE_03257,31,UK,Manager,357,15,4,0,3,23.032403906087687,4,3,8,22.666499021687997,0,0,1,1
IAASSE_03259,58,USA,Researcher,148,7,6,2,2,30.79756439672033,5,2,5,26.05677192751095,2,1,0,0
IAASSE_03260,21,India,Data Analyst,117,7,7,0,2,50.26860448827139,4,3,6,2.513358016977482,0,1,0,0
IAASSE_03261,21,USA,Software Engineer,622,9,9,2,3,83.90834321036847,0,0,8,28.84668189054188,1,1,0,0
IAASSE_03262,45,Germany,Manager,533,7,5,2,8,98.22200324809481,0,0,5,27.137386807748495,2,0,0,1
IAASSE_03263,25,India,Professor,677,6,8,6,2,82.28764352605134,8,5,4,21.051028055343583,2,0,0,0
IAASSE_03264,19,Australia,Data Analyst,163,9,2,1,2,97.68455069961234,4,2,9,31.324114610090277,1,2,1,0
IAASSE_03265,58,India,Data Analyst,545,6,6,1,3,79.34007808722212,0,0,6,15.006025938773588,1,0,0,0
IAASSE_03266,63,Germany,Software Engineer,603,4,6,0,4,36.777422199950905,2,1,5,26.50117988401391,0,0,0,0
IAASSE_03268,58,India,Professor,282,11,3,2,5,64.3685717734517,5,4,6,26.475627117722766,1,1,2,1
IAASSE_03269,33,UK,Student,233,7,2,2,1,77.67465719342084,1,1,5,20.13146613374665,3,0,0,0
IAASSE_03270,46,Australia,Student,192,12,3,2,8,68.4990216792775,6,3,6,16.823390554994212,1,0,0,1
IAASSE_03271,47,India,Software Engineer,597,10,4,0,2,79.26960948228417,4,2,7,11.759086123472617,2,0,0,0
IAASSE_03272,29,UK,Student,222,6,6,2,1,77.05980784912458,1,0,7,14.524668769322933,2,0,0,0
IAASSE_03273,52,UK,Data Analyst,439,7,5,1,3,30.722277196092897,3,2,8,8.743233658830585,1,1,0,0
IAASSE_03274,28,Canada,Student,575,5,5,0,7,36.343704670496926,1,1,8,17.764450724544265,1,2,1,0
IAASSE_03275,63,India,Researcher,662,11,5,3,3,87.91626287741616,2,1,8,7.844917369064658,1,0,0,1
IAASSE_03276,38,Nigeria,Professor,362,5,2,2,4,76.33778007586963,3,1,4,43.869610072672586,1,1,0,0
IAASSE_03277,38,Australia,Freelancer,398,8,9,4,2,49.45319134873284,3,3,6,25.060846242966832,2,0,1,1
IAASSE_03278,22,Germany,Data Analyst,585,7,2,1,1,80.99386916853484,4,2,4,16.612868428093414,2,1,2,0
IAASSE_03279,37,Nigeria,Software Engineer,281,11,3,2,2,86.11607529671333,1,1,5,17.573852842425087,0,0,2,0
IAASSE_03280,54,USA,Consultant,500,7,9,1,2,98.53550004688607,1,1,3,26.932438692448354,1,0,0,0
IAASSE_03281,20,USA,Student,623,9,8,0,2,34.92213815860036,2,1,7,9.24538473573141,2,2,0,0
IAASSE_03282,61,Germany,Researcher,457,6,2,2,2,46.37484249920038,2,1,2,11.070261477178933,2,2,0,0
IAASSE_03283,50,India,Software Engineer,426,13,8,0,1,42.16893336814939,2,1,6,15.324020760587057,0,0,1,0
IAASSE_03284,26,Nigeria,Data Analyst,706,7,1,4,1,88.69148111321739,7,4,6,26.466767478123007,0,0,1,0
IAASSE_03285,26,Canada,Software Engineer,170,9,7,2,2,84.66587198107335,5,4,8,19.411620419128027,0,0,2,1
IAASSE_03286,21,USA,Student,569,11,6,2,1,84.76083654504014,6,5,4,21.664643971025342,0,1,1,0
IAASSE_03287,52,Canada,Researcher,644,5,4,0,2,76.61406663986907,2,1,7,26.914484806745904,2,0,1,0
IAASSE_03288,34,USA,Data Analyst,598,4,3,0,5,47.68645042555884,2,1,4,17.480134647102208,0,1,0,0
IAASSE_03289,51,UK,Data Analyst,189,8,7,2,5,32.67301494976543,1,1,7,26.606900750303208,0,0,1,0
IAASSE_03290,41,India,Student,316,4,9,0,3,33.359377705567574,4,3,3,8.623499488407202,2,1,0,0
IAASSE_03292,18,India,Software Engineer,452,5,4,3,4,67.60302495933914,5,5,7,15.470965555971151,0,0,0,0
IAASSE_03293,25,Canada,Software Engineer,176,8,5,1,3,57.46563648117075,3,1,6,35.6903584189428,2,1,0,0
IAASSE_03294,62,Australia,Software Engineer,286,9,3,3,4,92.12668112483182,5,3,4,16.06978692068689,1,1,0,0
IAASSE_03295,40,USA,Software Engineer,346,8,3,0,2,77.06125487542052,2,1,8,18.542112378747742,0,0,0,1
IAASSE_03296,64,UK,Student,716,8,4,1,3,62.81967071054628,2,1,7,35.99321308372596,1,1,1,1
IAASSE_03297,57,USA,Manager,525,5,7,2,7,87.7719232228105,2,1,4,40.3594807547481,1,0,0,1
IAASSE_03299,29,India,Student,530,7,5,2,7,90.41989368487191,2,2,6,29.034354159785963,1,0,0,0
IAASSE_03300,63,Canada,Researcher,628,10,5,1,4,97.31894986666425,6,5,7,6.111347710373049,2,0,0,1
IAASSE_03301,64,USA,Data Analyst,139,7,7,2,2,89.96930588127167,2,0,7,36.272084322893335,1,0,0,0
IAASSE_03302,32,Brazil,Data Analyst,646,3,5,1,4,63.392882424552695,0,0,7,20.418961896586133,1,1,1,0
IAASSE_03303,58,UK,Software Engineer,154,13,7,2,4,22.040411426364575,1,0,5,3.311952827277759,1,1,0,0
IAASSE_03304,36,USA,Software Engineer,572,12,1,2,3,74.65988719101892,5,3,5,11.233773349349265,0,0,0,0
IAASSE_03306,46,Brazil,Researcher,352,7,4,0,4,53.95282077539365,1,1,6,2.150396425773053,2,1,1,0
IAASSE_03307,39,USA,Researcher,615,5,8,2,4,60.61890154265327,5,3,8,30.01767975100721,2,0,2,0
IAASSE_03308,57,USA,Researcher,255,10,7,1,3,93.3943156075867,4,2,5,4.856999292558431,0,1,1,1
IAASSE_03309,38,Brazil,Data Analyst,645,7,3,3,4,70.16264916314151,1,1,9,1.5744900333226326,1,0,0,0
IAASSE_03310,55,USA,Data Analyst,548,9,6,2,1,35.84726795648709,1,0,8,9.072236346051183,3,1,0,0
IAASSE_03312,46,Australia,Data Analyst,477,7,3,5,2,94.56358515856658,2,1,10,9.186872864817799,0,2,1,0
IAASSE_03313,21,Nigeria,Freelancer,207,13,3,5,2,64.25202100631586,1,1,11,4.487016483565249,2,0,0,0
IAASSE_03314,24,Canada,Manager,137,10,6,4,2,49.72769351295414,3,2,5,25.63168800328858,0,0,1,1
IAASSE_03315,45,Brazil,Student,640,9,5,2,5,52.29598321757454,4,2,6,40.70197206113792,2,1,0,1
IAASSE_03316,45,Germany,Student,362,10,6,4,1,86.44337754728573,6,4,10,8.795492373729546,2,0,0,1
IAASSE_03317,21,USA,Student,156,11,7,0,8,80.85669980287537,3,1,7,16.22831756627526,2,0,0,0
IAASSE_03318,39,Brazil,Data Analyst,532,8,3,2,2,92.40348033461407,4,2,8,28.2526766838996,1,0,0,0
IAASSE_03319,29,Canada,Student,310,12,8,2,4,82.81563791053175,5,3,9,21.969504869050645,0,1,0,0
IAASSE_03320,62,UK,Software Engineer,547,9,4,0,4,74.3816170591806,2,1,9,8.72175741403132,1,1,0,0
IAASSE_03322,39,UK,Manager,470,5,4,2,5,93.0251954021858,5,2,4,6.341896545953393,0,0,0,0
IAASSE_03323,61,USA,Data Analyst,246,7,10,1,3,35.924976555190185,3,3,8,14.80833835059566,2,1,0,1
IAASSE_03324,19,USA,Software Engineer,488,4,3,3,3,78.8200524937554,1,0,6,18.187637188954387,4,1,0,0
IAASSE_03325,41,Canada,Software Engineer,461,9,4,3,2,71.5565934505831,3,1,8,15.499083807599149,1,1,0,1
IAASSE_03326,51,India,Manager,289,14,2,2,5,69.4116621644716,3,3,7,32.157032127607025,1,1,0,0
IAASSE_03327,44,Australia,Consultant,341,7,7,2,4,58.086938582661894,5,2,6,10.68548666182898,0,1,0,1
IAASSE_03328,58,Brazil,Professor,358,6,10,4,2,63.5568170403906,7,4,7,8.571444801624988,1,0,0,0
IAASSE_03329,18,UK,Software Engineer,674,11,8,0,3,73.70704575505111,4,1,6,10.757899188113322,1,2,1,0
IAASSE_03330,25,UK,Researcher,655,6,7,1,5,66.29510057052022,3,1,4,13.160561662216395,0,1,0,0
IAASSE_03331,40,USA,Student,333,11,3,4,4,89.88006164502161,3,3,8,15.139448945231525,1,2,0,0
IAASSE_03332,55,USA,Software Engineer,342,8,12,1,2,93.17874032379349,5,2,7,15.094847466911967,1,2,1,0
IAASSE_03333,23,UK,Data Analyst,672,13,4,0,1,94.97395773411449,4,2,6,11.651588796973687,0,0,0,0
IAASSE_03335,42,Nigeria,Researcher,93,9,7,1,5,96.34426469414676,3,2,6,5.170979057589048,3,0,0,0
IAASSE_03336,35,Brazil,Data Analyst,264,3,5,1,2,60.08657549037555,4,3,7,26.957950930245826,0,0,1,0
IAASSE_03337,34,USA,Student,191,8,1,1,2,72.08645598048304,5,3,8,41.98369434210737,1,0,0,0
IAASSE_03338,29,Nigeria,Student,698,12,4,0,4,95.77159940557623,2,1,6,22.74064551854392,3,2,0,0
IAASSE_03339,23,UK,Student,704,5,2,2,0,63.52406665295527,3,1,4,24.609452640369906,0,0,0,0
IAASSE_03340,43,USA,Student,129,13,10,0,5,14.521785104705925,4,3,11,9.607034662328427,0,1,0,1
IAASSE_03341,44,Nigeria,Student,102,5,0,0,3,82.52031939019359,1,1,6,17.616474249364344,1,0,0,0
IAASSE_03342,25,Germany,Data Analyst,611,12,4,2,3,67.6074419331254,5,4,6,40.57436243694891,0,0,0,0
IAASSE_03343,36,USA,Data Analyst,521,5,2,4,1,16.890290212607404,5,1,8,12.95889559919653,1,1,0,0
IAASSE_03344,59,Canada,Freelancer,449,9,8,3,2,24.536072461914536,7,5,4,3.9824634014610445,2,2,0,0
IAASSE_03345,18,UK,Data Analyst,520,8,6,2,5,80.39027614033934,4,3,6,9.209530679642427,0,2,0,0
IAASSE_03346,46,India,Student,377,10,4,1,1,86.23815688786677,1,1,3,27.438248948377733,2,0,0,0
IAASSE_03347,62,Canada,Software Engineer,311,10,6,5,3,82.04369160288445,0,0,10,15.694072002719821,1,2,0,1
IAASSE_03348,52,Brazil,Consultant,363,6,5,1,4,89.69206081848093,3,0,8,8.632966165305493,0,0,0,0
IAASSE_03349,57,USA,Researcher,154,9,2,0,4,82.77236588493983,3,1,6,8.077253103744157,0,0,1,0
IAASSE_03350,31,UK,Data Analyst,291,12,10,2,1,47.31299977417249,6,4,6,10.626290198134548,0,1,0,1
IAASSE_03351,52,Canada,Software Engineer,663,6,7,3,3,55.986070794822794,3,2,6,2.7037434484338396,0,2,0,0
IAASSE_03352,62,Canada,Researcher,268,5,7,3,1,84.35860471385442,3,3,8,23.0172840144047,0,1,0,1
IAASSE_03353,37,UK,Manager,580,6,4,3,3,42.73079590654523,1,1,7,31.045446054797612,0,1,0,0
IAASSE_03354,30,India,Researcher,497,12,8,3,3,81.9310125151693,5,5,3,8.716860449584662,1,0,0,1
IAASSE_03356,63,Brazil,Consultant,708,9,8,2,3,7.097724975117732,5,3,9,33.567126328211515,0,0,0,0
IAASSE_03357,25,India,Software Engineer,274,6,4,0,3,73.06970624409442,4,2,9,20.564126930153567,1,0,0,0
IAASSE_03359,37,Australia,Researcher,197,7,3,0,5,84.93713762223571,1,1,6,16.294116872339963,0,2,1,0
IAASSE_03360,50,India,Manager,406,7,4,5,3,31.318388179134534,3,1,5,18.18827503740018,1,1,0,0
IAASSE_03361,43,UK,Student,543,9,5,3,3,74.66192924577696,0,0,5,15.754223353549246,0,1,1,1
IAASSE_03362,56,UK,Freelancer,97,7,2,1,0,63.554353170055556,2,0,7,14.26893068448778,2,1,0,0
IAASSE_03363,38,UK,Student,606,7,2,0,3,12.250281358816373,3,2,3,21.1196977019781,0,1,0,0
IAASSE_03364,59,Canada,Software Engineer,507,10,6,2,3,73.33535155421501,1,0,9,8.935077007213854,0,1,0,0
IAASSE_03365,60,UK,Consultant,307,7,6,2,3,93.0517315032978,4,1,2,5.014234770778179,2,0,0,1
IAASSE_03366,58,Brazil,Data Analyst,117,11,7,2,3,85.79464007678246,0,0,6,14.040516513189132,1,1,1,1
IAASSE_03368,41,USA,Student,658,10,3,2,5,84.41476422323191,2,1,5,15.417844509138003,0,0,0,0
IAASSE_03369,54,Australia,Software Engineer,439,7,4,3,3,88.8159395352341,1,0,7,12.4812001843346,1,2,0,0
IAASSE_03370,58,USA,Student,423,11,4,1,7,90.39812059617354,5,4,4,46.919605406255975,1,0,0,0
IAASSE_03371,34,USA,Data Analyst,220,8,5,0,2,29.300712627224772,3,2,7,6.355277337115234,0,0,1,1
IAASSE_03372,41,USA,Data Analyst,453,6,4,0,3,34.1245040058503,3,1,5,12.636411386174425,0,2,1,1
IAASSE_03375,58,India,Student,615,8,4,1,1,94.95159345227367,1,1,3,26.678658642473692,0,1,1,0
IAASSE_03376,56,India,Manager,246,9,6,4,5,91.69735276828375,2,0,5,24.33249674088454,1,0,0,0
IAASSE_03377,30,Canada,Student,424,8,5,5,2,28.001890902896797,5,3,6,18.35179048569944,4,0,0,0
IAASSE_03378,28,UK,Student,492,6,4,1,1,77.10233042316655,1,0,7,10.54337433187201,2,1,1,0
IAASSE_03379,63,UK,Student,450,3,3,3,4,83.65184705544699,2,1,6,10.72549188246143,0,0,0,0
IAASSE_03380,36,India,Freelancer,572,4,6,3,4,57.84068513237873,1,1,7,2.1001229514933146,0,1,0,0
IAASSE_03381,28,USA,Professor,605,7,3,3,3,39.59945838541001,5,3,5,33.29281032157573,1,1,0,0
IAASSE_03382,30,USA,Student,129,4,3,0,1,69.13169580015706,6,4,8,36.4992071303659,1,0,1,0
IAASSE_03383,63,India,Student,426,7,10,3,6,39.069722181543575,5,5,7,25.512998864831612,0,2,1,0
IAASSE_03384,62,Canada,Data Analyst,572,6,7,2,6,85.74465718363452,3,2,4,9.815485079069585,1,0,0,0
IAASSE_03385,18,USA,Software Engineer,222,8,4,2,1,31.556554514797693,3,2,7,25.36243465782128,2,0,0,1
IAASSE_03386,57,USA,Software Engineer,426,8,10,5,2,65.8948369431201,2,0,9,35.60594967312501,1,0,0,0
IAASSE_03387,61,Brazil,Data Analyst,715,4,6,2,2,35.648901223527844,4,2,6,10.32205966866334,0,1,1,0
IAASSE_03388,36,Nigeria,Manager,557,11,5,5,1,68.62031435087758,4,4,6,9.655305294828292,2,0,0,0
IAASSE_03389,29,Germany,Data Analyst,234,5,5,0,3,30.429011715449217,5,2,2,6.99067666561265,0,1,0,0
IAASSE_03390,25,Canada,Professor,243,9,4,1,2,84.61892110620097,4,2,5,37.38507447281602,1,0,1,1
IAASSE_03391,25,Australia,Researcher,650,7,4,2,2,65.16561929365909,5,3,4,9.617659703328249,0,0,0,1
IAASSE_03392,62,Brazil,Software Engineer,336,14,3,1,4,68.60018533286542,2,2,6,31.54527488049237,0,0,0,0
IAASSE_03393,29,Brazil,Manager,475,9,4,3,2,39.310056052864894,3,2,7,19.534783613581197,1,0,0,0
IAASSE_03394,50,USA,Manager,686,11,5,1,3,46.033111822846486,4,4,8,11.194858021571466,1,0,0,0
IAASSE_03395,62,India,Data Analyst,493,8,5,2,3,76.64404625281279,1,1,6,45.32180623236392,2,0,2,0
IAASSE_03396,43,USA,Data Analyst,555,5,8,4,3,72.83137466662166,1,0,7,82.44302159876419,1,1,1,0
IAASSE_03397,56,USA,Professor,585,8,6,4,0,47.2415671193596,1,0,8,8.395345117869423,2,0,0,0
IAASSE_03398,45,Germany,Student,629,6,9,3,3,98.0678450290575,3,1,4,5.6838622688017555,0,1,1,0
IAASSE_03399,22,Canada,Student,421,8,8,3,2,67.87156396549521,8,2,7,16.203438312098292,0,0,1,0
IAASSE_03400,25,Brazil,Software Engineer,225,9,6,1,3,75.82316774772039,2,2,5,21.781741360769075,0,0,1,0
IAASSE_03401,42,USA,Manager,727,10,8,3,1,61.8739114351204,0,0,4,2.806954726961515,1,0,0,0
IAASSE_03402,44,Canada,Manager,387,8,4,2,2,93.367107534117,3,2,2,25.266034853182212,2,1,0,0
IAASSE_03403,63,Nigeria,Professor,93,5,6,4,4,54.13093675704388,2,1,6,16.733633927787658,0,0,0,0
IAASSE_03404,40,Nigeria,Software Engineer,467,5,3,0,1,78.56922004346761,5,2,7,45.77319515314294,1,0,0,0
IAASSE_03405,47,USA,Student,417,8,4,1,2,87.24773492918557,3,1,6,10.047158192780019,2,3,0,0
IAASSE_03406,62,UK,Software Engineer,697,16,10,0,3,99.99544578991856,1,1,2,26.731218054820207,2,0,0,0
IAASSE_03407,64,Australia,Manager,531,9,4,3,3,85.37762712729904,2,1,8,15.304560932126144,1,0,0,1
IAASSE_03408,40,USA,Student,453,6,3,3,3,67.00580216555146,6,2,8,4.571923961692626,0,0,1,0
IAASSE_03409,64,Brazil,Student,306,6,3,2,3,60.5005434224517,3,1,5,15.482605317088336,1,1,1,0
IAASSE_03410,37,Nigeria,Student,414,13,5,1,3,73.74604385083792,2,1,9,2.8797940174343224,2,1,1,0
IAASSE_03411,35,USA,Software Engineer,643,8,5,4,4,96.07290365133608,3,2,6,20.75516569110897,1,0,0,0
IAASSE_03412,35,USA,Consultant,381,5,5,6,1,67.10453108048414,5,2,7,29.219756752337396,1,2,0,0
IAASSE_03413,19,USA,Researcher,239,14,2,5,0,76.33683342294087,3,0,5,41.56002443948288,3,1,0,0
IAASSE_03414,21,Nigeria,Freelancer,644,13,9,0,1,58.68212296490615,4,3,5,11.687287861198428,1,0,0,0
IAASSE_03415,47,USA,Student,656,8,6,1,5,81.5585394279944,2,2,2,27.500975313233184,0,1,0,0
IAASSE_03417,53,Canada,Manager,192,8,3,2,1,23.717517992140884,3,1,8,9.943088499923586,2,1,0,0
IAASSE_03418,35,Australia,Data Analyst,211,12,5,3,2,16.832183026920557,4,3,5,7.523580705044096,2,1,0,0
IAASSE_03420,36,USA,Data Analyst,487,9,3,1,3,49.82488270194033,4,3,8,5.447456073020663,1,1,0,0
IAASSE_03421,64,Brazil,Consultant,392,5,5,5,1,59.054305340632276,5,4,7,5.4868138064855625,3,0,0,0
IAASSE_03422,45,Nigeria,Consultant,200,5,6,1,1,92.80397897042802,3,0,6,16.82856237369275,3,1,1,0
IAASSE_03423,57,India,Manager,109,7,3,0,2,92.4481521983075,5,4,7,16.75935286412532,1,0,0,1
IAASSE_03424,37,USA,Software Engineer,623,8,3,2,1,76.50655106128312,5,3,5,21.28102110726255,1,1,0,1
IAASSE_03425,50,UK,Student,382,4,7,2,7,15.72588773205367,1,0,3,6.466928927396136,1,2,1,1
IAASSE_03426,29,Germany,Software Engineer,293,12,4,3,0,62.55724932410709,3,1,7,29.254099773200434,1,0,0,1
IAASSE_03427,32,UK,Data Analyst,488,7,6,0,2,55.1040641029387,2,2,4,13.404541439480568,0,0,0,1
IAASSE_03428,58,Nigeria,Manager,729,10,1,3,3,78.36982680234625,2,0,7,42.07469741508692,2,0,0,1
IAASSE_03429,56,Germany,Manager,256,8,5,1,6,74.68969927333525,3,2,9,12.510784889641764,4,0,0,1
IAASSE_03430,19,USA,Professor,207,7,5,2,1,72.7547069210134,1,0,7,50.39147917901798,2,2,0,0
IAASSE_03431,46,Nigeria,Student,542,17,7,2,0,85.62584934543858,6,4,9,8.574106133798134,2,0,0,1
IAASSE_03432,58,Brazil,Manager,467,9,1,2,3,89.55743825664642,2,0,7,19.629261545427354,0,2,0,0
IAASSE_03433,27,USA,Professor,306,5,6,0,3,85.69499264783973,2,1,5,7.014538002291024,2,0,0,0
IAASSE_03434,19,Australia,Manager,484,13,3,2,2,86.29417342258273,2,1,7,30.92763031427927,0,0,0,0
IAASSE_03436,30,UK,Student,464,8,7,0,1,85.18128163653991,4,2,7,13.532026365579991,0,0,0,0
IAASSE_03437,27,USA,Student,697,5,2,1,1,94.04954843352253,1,1,9,28.63358834882873,2,1,1,0
IAASSE_03438,31,Australia,Researcher,304,8,6,2,2,94.83043121135817,2,2,4,9.831166735116895,0,1,1,1
IAASSE_03439,35,Brazil,Researcher,370,12,6,1,4,23.805780310392834,4,3,8,11.901646415485105,1,1,0,0
IAASSE_03440,26,Canada,Freelancer,724,12,3,3,5,37.579504152469774,1,0,5,23.36192469362008,0,1,0,0
IAASSE_03442,45,Germany,Data Analyst,631,9,5,2,3,25.006815549637153,3,2,5,21.667655001468592,1,0,0,0
IAASSE_03443,20,UK,Researcher,346,2,3,3,2,44.28810987443769,5,1,4,7.000734364832305,0,1,0,0
IAASSE_03444,37,Nigeria,Consultant,522,7,7,2,4,48.24425771329994,2,2,8,10.884305709448615,1,2,0,1
IAASSE_03445,23,Canada,Professor,114,4,6,7,1,37.454995877575534,3,2,8,2.065287696710765,3,1,0,0
IAASSE_03446,44,USA,Manager,322,8,8,1,4,39.8980474679463,1,1,7,46.028956497703575,1,0,0,1
IAASSE_03447,19,USA,Software Engineer,120,7,3,1,6,52.27396965385336,3,1,4,8.251842713659235,0,0,2,0
IAASSE_03448,46,India,Researcher,173,7,6,1,3,11.976408276554594,7,4,5,30.02817448928557,1,0,1,0
IAASSE_03449,55,UK,Consultant,267,8,6,4,2,97.96639234587346,7,3,8,58.12430002403238,2,0,0,1
IAASSE_03450,20,India,Software Engineer,624,6,5,3,3,73.66840193239746,5,4,4,76.45090507461656,1,0,0,0
IAASSE_03451,33,USA,Data Analyst,230,15,9,2,3,38.217852499660545,3,1,8,9.25097824415275,1,0,0,0
IAASSE_03452,47,UK,Student,268,8,2,1,1,75.43726938367786,4,3,10,37.47296989719629,0,0,1,0
IAASSE_03453,57,Canada,Student,257,14,8,0,3,7.843970227292574,0,0,2,8.36285019473833,0,0,0,0
IAASSE_03454,19,Brazil,Researcher,532,13,10,1,3,67.05876439153765,6,4,5,13.878554648205796,3,1,0,0
IAASSE_03455,34,Brazil,Student,716,7,2,1,0,56.256155451795465,1,0,5,11.81803439742977,2,1,0,0
IAASSE_03456,58,USA,Data Analyst,132,11,8,4,4,64.82858192608275,1,1,4,26.90528809808475,2,2,0,0
IAASSE_03457,29,UK,Data Analyst,212,10,7,1,2,28.478168619352335,2,2,8,30.95715942327784,0,0,0,1
IAASSE_03458,52,USA,Software Engineer,146,6,4,3,2,75.65359046604542,1,1,2,38.164937991148506,2,0,2,1
IAASSE_03460,18,Canada,Researcher,289,7,5,1,6,76.21426773207108,1,0,6,20.528914307634295,1,0,0,0
IAASSE_03462,32,Brazil,Student,352,8,5,1,1,89.80418858962925,3,1,9,22.40203525672113,2,0,0,1
IAASSE_03463,43,UK,Software Engineer,530,11,7,4,3,62.428512333186795,2,2,6,26.393715648279343,3,1,1,1
IAASSE_03464,54,Canada,Data Analyst,142,10,1,2,1,46.59681618891792,3,2,6,54.18411869350396,0,0,1,0
IAASSE_03465,38,Nigeria,Data Analyst,336,14,4,4,3,91.38421216835646,2,0,3,25.927729020523508,0,1,0,0
IAASSE_03466,48,India,Student,150,8,6,0,3,70.65107955383782,2,2,9,6.000805696852928,1,0,2,0
IAASSE_03467,42,USA,Consultant,442,9,2,3,4,73.74271919251484,4,1,9,16.985241167845032,1,0,0,0
IAASSE_03468,40,UK,Researcher,288,4,4,2,3,54.54046876986487,4,3,9,13.154842156050892,1,1,0,0
IAASSE_03469,41,Canada,Student,142,5,7,4,2,47.06107265384454,5,2,3,5.304942058543842,0,0,0,0
IAASSE_03470,55,USA,Student,495,6,4,1,4,52.143247570100414,2,2,5,19.260986823513345,0,0,0,0
IAASSE_03471,45,USA,Freelancer,727,5,3,4,6,88.01960009320553,4,1,8,38.89505245509526,0,1,0,0
IAASSE_03472,38,USA,Researcher,407,9,3,3,3,87.86248575913058,1,1,5,22.702571282028696,1,1,1,0
IAASSE_03473,60,Germany,Software Engineer,455,9,3,2,4,97.99868475551418,2,2,8,10.510474391472362,0,0,0,0
IAASSE_03474,35,UK,Researcher,641,12,4,1,5,84.36810484047005,4,4,5,34.85449570285124,0,1,2,0
IAASSE_03475,53,USA,Manager,634,8,4,4,2,69.78491352984598,0,0,6,36.174054162851974,0,0,0,0
IAASSE_03476,52,USA,Manager,675,5,9,2,3,47.670214824605985,1,1,6,13.6267100052702,2,2,0,1
IAASSE_03477,62,India,Software Engineer,276,8,9,1,3,83.21035076480196,4,4,6,15.798201776353583,0,0,0,1
IAASSE_03479,55,Canada,Student,275,10,6,2,1,56.13274817434606,6,4,5,8.799842011375453,1,0,0,0
IAASSE_03480,47,Canada,Professor,488,7,5,6,6,91.33145373155457,2,1,6,7.40194526260362,2,1,0,0
IAASSE_03481,61,Brazil,Researcher,225,9,6,4,2,54.33258905766522,3,2,7,8.647614460497548,0,0,0,0
IAASSE_03482,51,USA,Data Analyst,325,8,7,0,4,82.37141190616937,3,2,5,1.1470700010594201,0,0,1,0
IAASSE_03483,49,USA,Professor,244,9,3,4,4,20.95911814907581,5,4,6,12.926724263720683,1,0,0,0
IAASSE_03484,20,UK,Professor,551,5,10,4,3,79.04039804504959,2,1,4,12.071225524616047,2,0,0,0
IAASSE_03485,20,USA,Freelancer,291,2,9,3,2,95.7927837130131,1,0,6,9.171354905971354,0,0,0,0
IAASSE_03487,61,Nigeria,Freelancer,109,10,3,1,2,65.62233893892308,5,3,8,6.299320096147126,2,2,0,0
IAASSE_03488,32,Australia,Data Analyst,729,9,7,4,4,68.24743455002775,2,1,5,4.667689859380092,1,0,0,0
IAASSE_03489,58,Canada,Consultant,436,6,5,1,5,31.36651172016269,4,3,5,7.771908609523236,1,0,2,1
IAASSE_03490,40,Brazil,Consultant,660,8,6,6,3,69.86604558212424,4,2,9,28.253124917847913,1,0,1,1
IAASSE_03491,57,USA,Data Analyst,245,2,9,2,4,48.374549557588594,4,2,6,0.9654174548550392,0,1,0,0
IAASSE_03492,28,USA,Student,651,6,6,3,2,65.3736573758642,2,0,8,38.34912621883013,1,2,0,0
IAASSE_03493,49,Australia,Freelancer,131,4,5,4,4,53.277398254044606,2,2,3,32.99402339408698,1,0,0,0
IAASSE_03494,53,Australia,Data Analyst,571,3,2,2,2,62.40012948106667,2,1,5,38.39528387713268,0,0,0,0
IAASSE_03495,50,USA,Consultant,606,9,5,2,2,21.02447078322918,2,2,7,9.309858175150081,3,2,0,0
IAASSE_03496,41,Canada,Student,616,3,3,3,7,14.259575710376698,1,0,9,14.775666450949423,0,0,1,0
IAASSE_03497,56,Germany,Student,613,5,1,2,3,87.22233835535145,2,1,4,24.119810590089617,2,0,0,0
IAASSE_03498,51,Germany,Software Engineer,194,9,5,3,3,74.11103192108102,2,1,7,5.072801481654331,1,0,0,1
IAASSE_03499,45,Germany,Data Analyst,262,10,6,1,2,87.79755713816418,2,1,3,30.385937628056944,1,0,1,0
IAASSE_03500,54,UK,Researcher,591,7,4,0,5,95.4988903302261,2,1,3,3.1363070262158477,0,0,0,0
IAASSE_03501,24,USA,Software Engineer,536,3,6,1,2,98.33410458528911,3,2,4,20.970566870023024,1,0,0,0
IAASSE_03502,21,Canada,Student,682,6,6,2,3,93.34531980276944,3,1,6,2.057304603691726,0,0,0,0
IAASSE_03503,54,USA,Student,398,4,5,2,4,36.03515167286198,1,1,6,67.20294526824304,0,0,0,0
IAASSE_03504,18,Brazil,Software Engineer,664,9,4,3,3,77.20470974224763,2,0,5,26.368977319349224,1,0,0,1
IAASSE_03505,18,Canada,Student,474,11,3,3,1,91.16053258887318,3,3,5,7.784771890057051,0,1,0,0
IAASSE_03506,64,UK,Manager,259,9,3,3,3,82.57592730157546,3,1,6,27.180934682312042,1,1,0,0
IAASSE_03507,37,India,Software Engineer,678,11,4,3,4,44.66946931209551,2,2,9,11.827937875624514,0,0,0,0
IAASSE_03508,36,Canada,Student,567,8,2,0,4,73.90054150767821,8,6,3,37.100123035290935,1,0,1,1
IAASSE_03509,46,UK,Software Engineer,182,8,4,2,4,63.13988851808428,2,2,7,45.04039732962418,1,0,0,0
IAASSE_03510,27,India,Student,472,15,4,3,1,90.33269054060538,2,1,4,18.09392408285329,1,0,0,0
IAASSE_03511,35,Nigeria,Student,583,9,2,2,3,88.49046382800337,2,2,10,11.841666665823825,4,1,1,0
IAASSE_03512,45,Germany,Data Analyst,295,6,4,2,4,55.00544314054404,1,1,7,4.8241898273298,0,0,0,1
IAASSE_03515,64,India,Consultant,637,9,5,0,3,76.40724325834829,2,2,7,9.666772676395347,1,0,0,0
IAASSE_03516,48,USA,Data Analyst,506,7,3,1,3,78.94722952977817,2,1,6,28.352520935692947,3,0,1,0
IAASSE_03517,44,USA,Data Analyst,682,7,6,1,4,55.48275006587381,1,0,3,32.07712119620007,0,0,0,0
IAASSE_03518,28,Nigeria,Software Engineer,229,8,4,1,4,54.33031009624148,6,3,3,36.451908684489055,0,1,0,0
IAASSE_03519,55,USA,Manager,674,6,4,1,4,65.7020441470472,2,1,7,35.91504432797787,0,1,0,0
IAASSE_03520,22,India,Freelancer,268,9,4,3,2,42.56636344761538,8,5,5,1.6976916406110822,2,2,1,0
IAASSE_03521,25,Canada,Student,691,8,7,2,5,86.52057900425059,7,7,6,19.078823742411277,0,0,0,0
IAASSE_03522,51,Canada,Student,541,5,6,2,2,37.359577043476165,5,5,6,24.057473124657406,0,0,1,0
IAASSE_03523,29,USA,Researcher,382,8,6,4,1,95.66189814495819,3,1,8,16.015427050940644,1,0,1,1
IAASSE_03525,18,UK,Consultant,362,11,3,2,7,21.48529215392142,3,1,8,2.6219083304765567,0,2,0,0
IAASSE_03526,48,Australia,Researcher,652,11,6,2,4,64.6630297744367,6,5,8,23.808197169791917,0,0,0,0
IAASSE_03528,62,Germany,Software Engineer,299,5,0,2,2,46.75038401053843,3,2,7,25.3994339866162,0,0,0,0
IAASSE_03529,22,Brazil,Professor,563,6,9,0,4,99.9404300655881,2,2,9,16.53904996785486,0,1,0,0
IAASSE_03530,47,Australia,Freelancer,697,5,2,3,3,96.3795324247057,3,2,5,17.413151353286512,2,0,0,0
IAASSE_03531,41,UK,Consultant,362,5,4,3,2,76.31337597243589,3,2,4,27.364732362768038,1,0,0,1
IAASSE_03532,20,Brazil,Data Analyst,581,2,7,4,2,89.10353455917975,2,1,10,45.203238205931456,0,1,0,0
IAASSE_03534,62,UK,Software Engineer,363,15,6,1,2,73.70418677974756,6,5,7,18.62959019357746,1,1,1,1
IAASSE_03535,21,USA,Software Engineer,371,8,7,1,0,30.150203282368242,2,1,11,6.993427139690025,0,0,0,0
IAASSE_03536,43,India,Consultant,614,7,6,4,2,42.852925654902535,4,1,7,3.320763933011917,0,0,0,0
IAASSE_03537,44,UK,Student,415,9,5,1,3,86.71608010814678,1,1,6,20.956148322180063,1,0,1,0
IAASSE_03538,63,Germany,Data Analyst,272,8,3,0,2,33.131233711463715,3,0,4,16.767658734920317,4,0,0,0
IAASSE_03539,60,Canada,Manager,297,15,5,2,4,61.07204113219725,5,2,4,40.19387973852616,0,0,0,1
IAASSE_03540,44,USA,Student,573,6,5,0,1,89.01273334287076,5,2,7,3.2591038988325276,0,0,1,0
IAASSE_03541,59,Australia,Data Analyst,159,5,3,2,1,64.96832694868415,4,2,5,4.114471777822343,0,0,0,0
IAASSE_03542,23,USA,Software Engineer,225,2,6,1,3,38.77167519202756,3,2,5,24.780653803338254,1,1,0,0
IAASSE_03543,32,Canada,Researcher,179,8,6,2,5,72.89000438575624,4,1,7,23.70746028877102,0,1,1,1
IAASSE_03544,47,Australia,Student,614,8,6,2,4,86.79027287936019,5,5,6,61.93136015629471,1,0,0,0
IAASSE_03545,59,Canada,Consultant,641,12,6,1,4,33.4638959518239,3,1,5,25.946218213997007,2,0,0,0
IAASSE_03547,54,India,Professor,522,6,9,3,1,29.45790480379783,6,1,7,18.557280244628576,0,2,0,0
IAASSE_03548,59,India,Software Engineer,368,10,3,1,2,71.15501643529613,0,0,5,12.302598140921571,0,2,0,0
IAASSE_03549,54,USA,Data Analyst,585,6,4,0,6,68.4185256290523,4,3,8,5.335674308521742,1,1,0,0
IAASSE_03550,52,USA,Student,663,10,2,4,3,65.15235063281364,0,0,7,15.748158855486292,2,0,0,0
IAASSE_03551,40,Australia,Student,483,10,5,1,6,90.41924279565448,5,2,9,20.93102185868688,2,0,1,1
IAASSE_03552,23,Brazil,Software Engineer,583,3,2,2,3,51.57000408636638,2,2,8,6.398137894321366,1,0,0,0
IAASSE_03554,35,India,Software Engineer,623,6,2,2,5,82.29681428407336,3,3,4,27.126867994286986,1,1,1,1
IAASSE_03555,26,UK,Software Engineer,699,11,4,4,2,75.02039829307667,0,0,7,52.09633222260897,1,1,1,1
IAASSE_03556,46,Canada,Data Analyst,346,9,3,0,1,44.11966634592381,1,0,8,25.02889950371562,3,0,0,0
IAASSE_03557,30,Canada,Student,447,14,1,0,2,93.15678860318081,1,1,4,17.15462121308273,0,0,0,0
IAASSE_03558,64,USA,Manager,623,8,7,4,2,6.141295376426101,4,2,9,32.025515966731604,0,1,0,0
IAASSE_03559,34,USA,Professor,232,12,5,3,2,40.25199121951917,3,1,10,13.413330749616321,2,2,1,1
IAASSE_03560,62,Brazil,Student,377,9,2,3,3,92.15199054786761,3,3,6,25.079290729701604,1,0,0,1
IAASSE_03563,21,USA,Student,283,6,4,0,1,83.80029561090045,4,4,3,23.193516974438655,0,0,0,0
IAASSE_03564,22,Nigeria,Freelancer,339,3,7,2,6,48.97301941252788,3,0,8,9.08018921681033,1,0,0,0
IAASSE_03565,54,Australia,Student,489,12,3,4,4,93.50215971717697,2,1,4,13.242954452525105,0,0,1,0
IAASSE_03566,58,Germany,Consultant,572,3,5,1,5,37.18555458387366,1,1,8,4.7821266516144565,1,0,0,0
IAASSE_03567,30,Nigeria,Data Analyst,294,3,3,0,6,82.56698638135273,3,2,5,19.372027574991833,2,0,0,0
IAASSE_03568,51,UK,Professor,120,7,7,3,5,92.53110846099429,3,3,4,16.121201803025688,2,1,0,1
IAASSE_03570,39,USA,Researcher,460,8,8,2,5,68.85945848749454,6,2,7,51.32627943855958,0,1,0,1
IAASSE_03571,40,USA,Student,172,7,8,3,4,89.66732039482928,3,2,5,8.48715707311452,2,0,0,0
IAASSE_03572,20,India,Data Analyst,700,5,3,2,4,90.47409344582627,0,0,5,42.374569571355984,1,0,0,0
IAASSE_03573,59,India,Manager,211,7,3,1,5,94.53978846940679,0,0,8,17.35223689928364,1,0,0,1
IAASSE_03574,51,UK,Software Engineer,251,9,8,1,4,59.08460387141078,0,0,6,13.987889493148069,3,0,0,0
IAASSE_03575,49,UK,Professor,339,7,6,2,5,69.85650535629013,2,0,7,49.9482307249502,0,0,0,0
IAASSE_03576,62,Australia,Software Engineer,402,8,4,2,7,95.97877481159458,5,2,7,25.971946313308916,2,0,1,0
IAASSE_03577,38,USA,Consultant,513,6,6,4,3,60.40475487741842,1,1,3,6.3641179250799365,0,0,0,0
IAASSE_03578,63,USA,Software Engineer,127,10,2,2,4,82.03823393519649,2,1,7,18.333585319946245,0,0,0,0
IAASSE_03579,61,USA,Freelancer,265,11,1,1,1,91.10617897748365,4,3,6,23.088067304678518,0,0,0,0
IAASSE_03580,38,UK,Freelancer,728,12,7,4,2,89.98327467365964,3,2,6,9.35071195323531,3,1,0,1
IAASSE_03581,61,India,Data Analyst,416,5,5,4,5,81.4689329738775,4,1,5,20.44733343917951,0,0,2,0
IAASSE_03582,28,UK,Consultant,316,10,2,5,1,60.30199974237974,2,2,5,13.970114327775033,2,1,1,1
IAASSE_03583,56,USA,Consultant,712,7,4,3,2,86.06176480880663,5,4,8,19.9959985037416,0,0,0,0
IAASSE_03585,18,Nigeria,Researcher,120,9,10,2,1,51.831099815513895,4,2,6,32.16845939535985,1,0,0,0
IAASSE_03586,45,USA,Student,226,5,4,6,4,53.78164753912272,4,3,3,20.28622176854757,1,0,0,1
IAASSE_03587,41,USA,Consultant,226,6,3,1,2,81.15120803580392,5,4,5,31.922467910385926,1,2,0,1
IAASSE_03588,52,UK,Student,479,4,5,2,4,83.6341062113383,3,1,10,7.304619947007717,0,0,0,0
IAASSE_03589,30,India,Student,392,8,4,1,1,97.09757736177042,4,2,8,21.286097326884335,5,2,1,0
IAASSE_03590,64,Australia,Software Engineer,304,5,8,3,3,88.4066290652861,7,3,6,19.341286650523987,0,0,0,0
IAASSE_03591,51,India,Software Engineer,612,10,9,5,0,94.36348343991023,1,0,6,5.253393232454291,0,1,0,0
IAASSE_03592,28,Brazil,Consultant,259,8,4,1,5,45.075253149241526,5,3,2,53.79904522561886,0,1,0,0
IAASSE_03593,53,India,Freelancer,411,14,5,1,4,90.19136931910333,3,2,6,27.468453183354985,1,2,2,1
IAASSE_03594,34,Australia,Software Engineer,498,5,4,0,1,89.99547628969573,3,2,9,18.794586666233,0,1,0,0
IAASSE_03595,52,Canada,Student,363,7,5,0,2,65.99489673463601,4,4,5,3.8250180932757987,1,2,0,0
IAASSE_03596,35,USA,Manager,434,7,4,0,3,68.9877252525093,3,2,6,21.440759207587497,1,1,0,0
IAASSE_03597,57,Brazil,Software Engineer,221,11,9,1,2,91.60127459037331,4,2,9,7.217878221131068,1,1,2,1
IAASSE_03598,39,UK,Software Engineer,386,13,6,3,3,84.45575939287032,3,2,4,9.775836430155133,0,0,0,0
IAASSE_03599,41,USA,Data Analyst,220,7,5,2,6,96.46204328582333,5,3,5,41.01758998475481,1,1,0,1
IAASSE_03600,36,Germany,Software Engineer,104,9,6,3,9,11.960614380177939,8,6,5,26.371578578886442,0,2,0,0
IAASSE_03601,54,UK,Data Analyst,534,9,5,3,6,74.17671408376711,4,2,3,12.393752719231262,1,0,0,0
IAASSE_03602,56,Australia,Manager,672,4,3,1,3,58.94668171680873,1,1,6,24.465479516617478,0,0,0,0
IAASSE_03603,38,Australia,Software Engineer,534,7,8,3,2,30.19801532825185,0,0,7,46.578473565139696,0,1,0,0
IAASSE_03604,25,Canada,Consultant,716,5,5,3,5,71.07305428780877,2,2,9,41.177470419407086,0,0,1,1
IAASSE_03605,45,India,Software Engineer,626,9,4,3,4,80.41373761224871,2,1,7,13.933961040428064,2,0,0,0
IAASSE_03606,22,UK,Data Analyst,541,7,8,1,3,81.38930381257677,1,1,5,11.727464673089667,1,1,0,0
IAASSE_03607,34,Canada,Consultant,560,8,4,1,0,63.31012382391794,4,2,7,9.561716506635856,1,1,0,0
IAASSE_03608,54,Australia,Software Engineer,555,9,4,1,4,64.23482324967755,1,1,6,3.3729138269601213,0,1,0,0
IAASSE_03609,53,Germany,Data Analyst,334,11,5,1,7,97.41220094312983,1,0,7,14.688152307671889,0,0,0,1
IAASSE_03610,36,India,Researcher,171,7,3,2,4,47.43503458021576,3,3,7,46.18831089337631,0,1,0,0
IAASSE_03611,44,UK,Data Analyst,122,10,3,2,2,86.52448068625743,2,1,6,39.797893621294996,0,1,0,0
IAASSE_03612,51,Germany,Consultant,156,9,6,1,3,91.48303615627204,4,4,9,10.205465306086626,6,1,1,0
IAASSE_03613,28,USA,Software Engineer,524,6,4,1,1,71.90351470343296,3,1,9,8.778777743882051,2,2,0,0
IAASSE_03615,64,UK,Student,663,6,4,2,3,35.077152935774215,3,1,9,4.818087671304766,1,0,0,0
IAASSE_03616,29,India,Software Engineer,299,8,4,0,4,52.366807227650646,7,5,6,41.22224244161919,0,0,0,0
IAASSE_03617,38,USA,Freelancer,695,11,8,3,3,88.70548194266473,6,3,6,10.703274153316233,1,0,0,0
IAASSE_03618,28,USA,Manager,183,7,3,5,3,30.69407882217407,3,1,5,21.329714688545,3,0,0,1
IAASSE_03620,45,Nigeria,Data Analyst,595,9,4,0,2,53.72796806771253,6,4,3,20.46021089757967,1,2,0,0
IAASSE_03621,22,Australia,Data Analyst,422,9,3,2,2,15.771454624939965,2,1,11,7.667464085726467,0,0,1,0
IAASSE_03622,34,Nigeria,Researcher,389,11,5,2,1,80.24723973421483,0,0,6,8.836023627322163,1,0,1,1
IAASSE_03623,37,Canada,Manager,604,10,7,4,6,57.89122125280709,1,1,8,55.83651443085006,0,0,0,1
IAASSE_03624,58,Canada,Manager,709,4,4,2,2,76.3302408548668,7,2,8,33.30618459099619,1,0,1,0
IAASSE_03626,29,India,Manager,91,3,5,0,7,77.11430136775664,3,2,5,23.013993263586435,1,1,0,1
IAASSE_03627,23,USA,Software Engineer,404,8,2,1,2,24.931562171929937,2,2,7,30.708867847363543,0,0,0,0
IAASSE_03628,34,Nigeria,Student,399,10,7,1,2,76.13256676231626,4,3,2,43.66590911307809,2,1,1,0
IAASSE_03630,43,Brazil,Freelancer,347,4,3,2,5,63.88520435278413,2,1,4,6.862537795960909,1,2,0,0
IAASSE_03631,61,Australia,Manager,504,10,4,1,2,86.77024689382365,1,1,3,28.168793305620014,2,1,0,0
IAASSE_03632,61,Germany,Software Engineer,612,6,3,2,4,37.29107149837347,3,2,5,14.809817837111323,1,1,0,0
IAASSE_03633,49,India,Researcher,484,6,4,1,4,12.389903495367905,6,3,5,48.21472578524194,2,1,1,0
IAASSE_03634,23,USA,Professor,432,14,12,1,3,92.37531368974712,5,3,8,32.9779433305537,2,1,0,0
IAASSE_03635,53,Australia,Software Engineer,432,8,3,4,1,81.1234997163681,4,3,6,13.134925978635367,1,0,0,0
IAASSE_03636,55,USA,Data Analyst,521,8,7,0,3,96.47729518456197,8,5,7,29.79959820053008,1,0,0,0
IAASSE_03637,28,Canada,Freelancer,135,11,4,4,4,53.48094818044669,3,3,3,12.340506768727693,1,0,0,0
IAASSE_03638,50,USA,Consultant,255,9,2,1,5,89.8801026660614,6,4,10,9.430747583441386,2,1,3,0
IAASSE_03639,41,USA,Data Analyst,137,8,2,3,2,80.54640702483732,1,1,4,24.113403540132666,1,1,0,0
IAASSE_03640,40,UK,Software Engineer,695,5,5,1,2,73.20338879004763,2,1,5,22.83970672589237,0,3,1,0
IAASSE_03641,32,Canada,Software Engineer,329,5,6,2,1,97.20394956785097,3,1,6,7.474697964728758,0,0,1,0
IAASSE_03642,44,Germany,Student,549,12,4,1,4,83.0346656201144,5,2,14,6.732997457815387,0,0,0,0
IAASSE_03644,34,Canada,Software Engineer,724,10,5,0,1,62.79039724858369,6,2,5,58.863472207833865,1,1,1,0
IAASSE_03645,31,USA,Consultant,107,12,3,1,3,14.33390137080539,0,0,7,32.817630733075724,5,0,0,0
IAASSE_03647,35,Germany,Software Engineer,197,12,6,0,5,28.927401047179874,3,2,8,41.151138808488184,0,0,0,0
IAASSE_03648,45,Australia,Student,584,6,2,0,6,71.85654296938301,4,4,4,6.28682818272964,0,0,0,0
IAASSE_03649,64,India,Manager,421,8,6,1,2,84.2966052062169,4,2,5,8.578438127867983,0,0,0,0
IAASSE_03650,64,UK,Software Engineer,720,8,7,2,4,34.53250138585347,5,1,9,8.351375935504876,2,0,0,0
IAASSE_03651,21,India,Researcher,506,7,7,1,2,75.83546190501882,6,5,7,7.115493148200986,0,0,1,0
IAASSE_03652,24,Canada,Student,601,7,3,0,3,89.38964924417586,6,3,4,14.443124217683977,2,0,0,0
IAASSE_03654,52,Germany,Student,95,5,1,0,2,68.92361575849617,0,0,8,4.233293687682984,1,0,1,0
IAASSE_03655,26,USA,Data Analyst,704,11,7,1,1,63.05873072898704,3,1,5,5.400954348463073,2,0,1,0
IAASSE_03656,25,Germany,Researcher,381,9,4,2,0,76.39771226807422,4,1,4,34.356133986314525,1,0,0,1
IAASSE_03657,62,Australia,Software Engineer,707,9,6,0,4,39.4442887393414,4,2,4,11.93198390461898,0,1,0,0
IAASSE_03658,34,UK,Researcher,252,10,7,1,6,85.42325384254951,2,2,8,14.829515532611918,0,0,0,1
IAASSE_03659,34,USA,Software Engineer,564,8,6,2,7,61.570526128185776,1,1,8,7.5577903467876855,2,1,0,0
IAASSE_03660,50,USA,Data Analyst,263,8,7,3,6,48.48549208013065,3,2,5,16.61262564781095,0,0,0,0
IAASSE_03661,49,Nigeria,Data Analyst,358,11,4,1,4,79.07620547935721,2,0,6,21.18894893402189,0,0,0,0
IAASSE_03662,25,Germany,Student,579,5,2,1,0,60.883801004775464,5,3,10,29.58224834354815,4,1,1,0
IAASSE_03663,36,USA,Consultant,111,10,6,4,0,61.95919607781364,3,1,7,33.75686318393062,1,0,0,1
IAASSE_03664,55,UK,Researcher,343,14,7,3,2,42.71114636353422,2,1,5,18.104873191239296,1,0,0,1
IAASSE_03665,20,Australia,Student,532,5,4,0,1,50.313397426851246,2,2,7,9.442302094870223,0,0,0,0
IAASSE_03666,22,India,Student,307,15,7,3,3,42.99416448226576,0,0,5,26.11776687158852,4,1,0,0
IAASSE_03668,64,USA,Manager,517,8,4,1,7,50.3358839726671,3,0,9,11.970734260226122,0,0,0,0
IAASSE_03669,63,Nigeria,Researcher,236,4,6,3,4,61.359180522234524,0,0,7,10.711076655438896,1,0,0,0
IAASSE_03670,48,USA,Software Engineer,685,6,6,2,2,71.1503479136776,2,0,5,3.284527784830242,0,0,1,1
IAASSE_03671,33,USA,Data Analyst,584,7,4,0,1,63.06567334142339,1,0,9,17.84770296909933,1,0,0,0
IAASSE_03673,39,Australia,Manager,614,6,7,1,8,79.5289303385876,2,0,7,10.751466728321477,2,2,0,0
IAASSE_03675,39,USA,Consultant,110,7,4,1,1,73.16545648496634,1,1,6,36.405951013327886,3,1,0,0
IAASSE_03676,60,USA,Manager,318,6,2,3,0,78.26165960754086,1,1,7,18.564786736567747,0,0,0,1
IAASSE_03677,20,USA,Data Analyst,652,9,6,4,3,59.33799193960545,4,3,7,22.399257835502773,2,1,0,0
IAASSE_03679,59,Canada,Student,696,11,5,1,4,37.71299879531666,5,3,4,31.866968894051197,3,0,2,0
IAASSE_03680,38,India,Student,380,7,5,4,4,77.96992960779276,3,3,5,11.440423968309828,0,1,0,0
IAASSE_03681,33,Nigeria,Manager,241,6,6,3,3,55.13655185678415,1,0,4,29.012199941853964,1,0,1,1
IAASSE_03682,29,Canada,Data Analyst,649,10,3,0,1,31.4103026026667,3,2,4,7.882563260445906,1,0,0,0
IAASSE_03683,19,USA,Consultant,118,7,13,1,3,46.116914620340005,0,0,7,13.600569765746165,0,0,2,0
IAASSE_03684,58,Canada,Freelancer,395,3,6,1,2,98.48246640702449,4,2,3,29.177087437964765,0,0,0,0
IAASSE_03685,41,Nigeria,Student,414,6,4,1,3,85.45322343608402,4,3,3,17.996445998387127,0,3,2,0
IAASSE_03687,47,USA,Manager,245,8,4,1,3,71.06826385498283,5,3,3,1.851327135487896,0,2,0,0
IAASSE_03688,47,Germany,Manager,301,11,6,2,4,87.51346865908063,5,4,4,22.77223009261671,1,1,0,1
IAASSE_03689,64,Australia,Manager,118,11,3,0,4,96.08396836927191,2,2,7,16.909175707652313,2,0,0,0
IAASSE_03690,52,Nigeria,Data Analyst,94,7,5,3,4,81.29921007130612,4,1,8,3.4228133007078796,2,1,0,0
IAASSE_03691,36,USA,Software Engineer,482,6,8,5,3,26.580141522049466,3,1,7,37.55015862473223,1,0,0,1
IAASSE_03692,25,Australia,Software Engineer,310,5,4,3,5,80.42881735052032,3,2,3,4.0653722756900095,4,0,0,0
IAASSE_03693,43,Nigeria,Freelancer,311,12,7,1,3,98.74788652496756,5,1,2,8.641327031341472,2,1,0,0
IAASSE_03694,57,Canada,Data Analyst,296,5,10,1,3,95.83655223488132,0,0,5,9.206899462571679,0,1,0,0
IAASSE_03695,24,Canada,Professor,214,5,4,0,6,85.30770858870821,1,1,8,24.291765964304147,1,1,0,0
IAASSE_03696,47,USA,Data Analyst,588,7,4,1,3,55.31689067311149,6,3,6,38.20452143836433,1,0,0,0
IAASSE_03697,24,UK,Freelancer,376,11,4,0,5,52.79589045215596,4,1,5,46.37265119222718,0,0,0,0
IAASSE_03698,20,UK,Researcher,226,8,2,1,1,30.235731462096314,2,1,7,44.945424652932374,1,0,1,0
IAASSE_03699,18,Brazil,Software Engineer,237,3,10,2,4,44.41162362568021,4,3,5,34.14522515093859,2,1,1,0
IAASSE_03700,53,UK,Researcher,355,4,5,3,2,43.771365627275536,3,3,6,41.35932451627947,0,0,0,1
IAASSE_03701,42,Canada,Data Analyst,261,8,6,0,3,79.0145513941944,2,1,4,20.846029456302013,0,0,0,0
IAASSE_03702,54,Germany,Data Analyst,458,8,7,1,2,60.18016671030424,3,0,7,26.324888404238497,2,0,0,0
IAASSE_03703,18,USA,Student,148,16,3,5,8,71.78087248138465,3,1,4,8.254485121954572,1,0,0,0
IAASSE_03705,54,India,Data Analyst,95,6,7,2,1,77.38593080030319,2,1,9,10.199829051779162,0,0,0,0
IAASSE_03706,30,Nigeria,Manager,142,6,8,1,3,44.1677414994324,3,2,4,30.140573635862232,2,0,1,0
IAASSE_03707,57,Germany,Researcher,661,8,2,5,2,76.60984415991902,3,0,4,23.799514331177576,0,0,0,0
IAASSE_03708,25,Germany,Student,705,2,4,1,4,95.15668375641641,7,4,9,9.331286298335616,1,1,0,0
IAASSE_03709,22,USA,Consultant,529,4,4,1,3,76.53612185884585,5,3,2,4.439817278951078,0,1,0,0
IAASSE_03710,26,Brazil,Researcher,666,7,2,3,2,44.30378218319355,3,2,4,22.45639038502674,2,0,0,0
IAASSE_03711,18,USA,Freelancer,448,7,4,2,4,78.29919513285031,2,2,2,2.6648807979940363,0,0,1,0
IAASSE_03713,52,UK,Student,214,6,5,1,1,39.67417119932766,2,1,8,10.844261144816317,2,0,0,0
IAASSE_03714,19,Brazil,Software Engineer,216,6,7,2,4,91.42245095108578,1,0,7,29.24385066686659,0,1,0,0
IAASSE_03715,57,Germany,Researcher,519,8,6,1,2,95.33194516916035,8,5,5,4.358667040319241,1,0,0,0
IAASSE_03716,40,India,Student,366,6,9,2,1,23.049338673052027,0,0,4,9.794609844024048,0,0,0,0
IAASSE_03717,26,USA,Student,583,5,6,3,4,74.03684819177663,3,1,4,17.351891775153202,1,0,1,1
IAASSE_03719,63,Australia,Data Analyst,387,3,3,2,2,84.9927765075368,2,0,10,16.05732083833851,1,1,1,0
IAASSE_03720,31,India,Software Engineer,543,2,4,2,4,22.678670569817104,2,2,11,16.56878492498549,1,0,0,0
IAASSE_03721,21,USA,Software Engineer,400,7,6,3,4,56.447578111383564,2,1,6,1.2609851427429144,1,0,0,1
IAASSE_03723,48,Nigeria,Researcher,402,8,3,1,5,89.0266139122278,8,5,11,8.262262386009741,0,3,0,1
IAASSE_03725,28,India,Data Analyst,551,8,6,2,2,88.55670864609398,1,1,5,22.960038044802992,5,0,0,0
IAASSE_03726,52,Canada,Student,718,16,4,1,2,65.43042582324918,2,2,3,11.571536781377125,0,0,0,0
IAASSE_03727,25,Canada,Student,240,6,8,1,2,87.49269822325856,1,1,5,12.362125189752838,1,0,1,0
IAASSE_03729,31,Australia,Student,560,5,3,3,1,18.17810417848895,3,3,6,8.66138407016096,2,1,0,0
IAASSE_03730,30,India,Data Analyst,440,9,4,2,5,83.13161620741707,1,1,7,20.85778097112218,1,0,0,0
IAASSE_03732,49,Germany,Software Engineer,559,5,5,2,3,78.44426532762402,3,2,3,41.44443393868954,2,0,0,0
IAASSE_03733,51,Germany,Data Analyst,447,12,5,3,4,35.59278074077646,6,1,6,11.326794684407425,0,0,0,1
IAASSE_03734,62,Germany,Data Analyst,136,7,4,0,2,61.76112501824781,2,1,4,17.201447856904625,1,0,0,0
IAASSE_03735,36,USA,Researcher,360,8,13,1,2,78.44427099314954,2,1,5,23.58607945290843,1,0,0,0
IAASSE_03736,55,Nigeria,Consultant,204,5,4,1,4,82.47706623786357,4,3,6,16.023139241237676,0,0,0,0
IAASSE_03737,33,Canada,Manager,669,4,2,2,0,74.58343723557459,3,0,6,6.41755792767931,0,0,1,0
IAASSE_03738,19,UK,Software Engineer,722,10,7,2,2,25.66461933990466,5,1,8,33.47299915604331,1,1,0,0
IAASSE_03739,57,USA,Data Analyst,700,5,7,1,4,73.58807284781957,0,0,7,23.677052669161238,3,2,2,0
IAASSE_03740,34,Canada,Data Analyst,377,12,2,5,2,38.32812366800553,2,0,6,38.20964825216139,0,2,0,1
IAASSE_03741,51,Nigeria,Consultant,725,5,5,4,7,80.4275623144796,2,1,8,21.082948517911817,3,0,0,0
IAASSE_03742,59,UK,Student,153,8,9,2,4,13.12734110103808,1,1,9,7.599352692137589,0,0,1,0
IAASSE_03743,33,India,Freelancer,722,12,2,3,4,60.81207535062503,3,0,8,11.802588277789122,2,0,1,0
IAASSE_03744,55,USA,Researcher,504,7,6,2,3,93.4362458721936,3,0,5,16.800419147756816,1,0,1,0
IAASSE_03746,19,Brazil,Student,657,6,2,1,1,77.87737575101062,2,1,5,42.40690299997113,1,0,1,0
IAASSE_03747,43,India,Researcher,178,9,6,1,3,97.11917943006476,2,1,7,10.421780749702359,1,1,1,1
IAASSE_03748,30,USA,Software Engineer,619,10,2,0,1,69.51556892024539,3,0,7,13.796106633490947,2,0,0,0
IAASSE_03749,64,Canada,Student,705,12,10,0,3,20.110684881442335,2,2,5,22.191275640535327,2,0,0,0
IAASSE_03750,48,USA,Data Analyst,321,9,3,2,3,56.30827210026229,4,3,6,9.218773354759762,2,0,0,1
IAASSE_03751,51,Canada,Consultant,382,10,3,1,5,97.60223947119584,7,6,6,39.76876785303259,0,3,1,1
IAASSE_03752,56,India,Software Engineer,539,10,3,4,4,85.76082825436679,2,2,6,14.655963239660599,0,0,0,0
IAASSE_03753,20,India,Software Engineer,426,7,1,1,1,96.53597662714608,6,5,4,58.470144956379436,2,0,0,0
IAASSE_03754,25,USA,Student,402,10,4,3,4,72.12830968274642,7,2,9,12.61290933671171,1,0,0,0
IAASSE_03755,40,Nigeria,Researcher,528,7,6,1,1,75.34766032302926,7,4,5,15.728120059187889,0,0,0,0
IAASSE_03756,31,Australia,Researcher,193,9,4,2,2,29.036447289803537,1,1,3,18.2989823078185,4,1,1,1
IAASSE_03757,44,UK,Researcher,651,8,7,2,0,55.2082182309765,4,2,7,12.869174210257455,2,0,0,0
IAASSE_03760,56,Australia,Software Engineer,598,8,3,3,2,74.75936315327638,3,2,5,10.75146656236768,1,0,1,0
IAASSE_03761,18,Canada,Data Analyst,197,11,6,0,1,70.2932144059411,4,3,2,13.293416259252808,0,0,0,0
IAASSE_03762,34,Canada,Professor,107,12,3,3,5,49.01450039489338,4,2,3,17.553576463291776,0,0,1,1
IAASSE_03763,58,USA,Software Engineer,491,6,6,1,1,59.49106901150888,0,0,6,58.78124055367149,1,0,0,0
IAASSE_03764,47,India,Data Analyst,291,11,5,3,5,89.47245246905216,4,2,7,3.433499634070565,2,1,0,1
IAASSE_03765,30,Australia,Software Engineer,396,7,3,2,1,99.22115493573196,2,1,7,4.6138339813677955,2,1,0,0
IAASSE_03766,38,USA,Manager,571,14,5,4,0,44.30624831752698,3,1,7,20.18936055256073,0,0,0,1
IAASSE_03767,36,India,Student,166,7,3,1,2,64.94130156623989,4,3,6,43.016073937387056,1,0,0,1
IAASSE_03768,36,Brazil,Data Analyst,560,5,5,2,1,88.64261259856303,3,2,5,30.380223815409607,3,2,0,0
IAASSE_03770,39,UK,Data Analyst,165,8,4,3,2,14.388995782385855,4,1,5,19.90955198841028,0,0,1,1
IAASSE_03771,48,USA,Manager,452,7,9,1,3,53.607101534817026,0,0,4,24.0214722465565,3,0,0,0
IAASSE_03772,34,Canada,Student,702,7,4,2,3,54.60109813634865,1,0,7,36.761520053071216,0,1,0,0
IAASSE_03773,40,USA,Manager,529,12,5,2,1,57.93510091370214,1,1,6,24.854676993306825,2,1,0,0
IAASSE_03774,49,Brazil,Student,672,5,5,0,3,51.661638135377075,4,2,8,20.58575287817365,0,0,0,0
IAASSE_03775,27,USA,Student,161,12,2,0,3,79.31630372117309,3,1,5,7.0792225020837485,2,0,0,0
IAASSE_03776,27,UK,Consultant,345,4,7,2,2,84.05744261744442,4,4,4,40.23637952499489,0,2,0,0
IAASSE_03777,53,Canada,Software Engineer,371,8,2,3,5,27.745329950128117,6,4,5,27.23037133063716,1,0,0,0
IAASSE_03778,25,UK,Data Analyst,705,9,7,2,1,48.476344983228145,4,2,8,9.116288359741375,2,0,1,1
IAASSE_03779,37,India,Data Analyst,580,9,4,0,6,38.266683584405854,1,0,7,2.542687648589142,3,2,0,0
IAASSE_03780,49,Canada,Researcher,154,10,6,2,2,75.48570687477482,1,1,5,24.439693086829337,0,2,0,1
IAASSE_03781,31,USA,Software Engineer,150,8,4,0,1,84.23966568822514,2,2,4,5.42547471491329,0,0,0,0
IAASSE_03782,45,UK,Freelancer,109,5,4,2,3,92.86370893760653,3,2,8,25.064356041193253,1,0,0,1
IAASSE_03783,63,Canada,Freelancer,99,2,4,1,5,39.06560959308857,1,0,3,35.62621239379939,0,0,1,0
IAASSE_03784,41,USA,Researcher,292,11,2,3,6,52.87682631727093,2,1,7,37.52955671493888,0,0,0,1
IAASSE_03785,32,Australia,Software Engineer,430,8,5,2,3,52.64086131086886,6,4,8,37.46744579311487,0,2,1,0
IAASSE_03786,39,Australia,Software Engineer,125,13,4,3,4,73.93221557261516,1,1,9,26.71833994551836,0,0,0,0
IAASSE_03788,21,Brazil,Student,517,11,7,0,1,35.02299469418348,2,0,1,16.706389262816845,3,1,0,0
IAASSE_03790,40,Brazil,Student,372,3,5,1,0,89.74926645001989,2,1,7,21.4650426586654,0,0,0,0
IAASSE_03791,25,USA,Student,144,8,3,1,1,95.8042566552016,1,0,6,24.56137575708615,1,1,0,0
IAASSE_03792,35,USA,Student,481,6,0,4,3,71.02847757120318,1,1,4,53.1985093849796,1,0,0,0
IAASSE_03793,29,UK,Software Engineer,569,9,6,0,0,17.747326731632704,0,0,10,18.378475331863285,0,0,0,0
IAASSE_03794,48,Nigeria,Manager,398,6,4,1,1,78.79997235749181,4,2,8,8.298997521827113,0,0,2,0
IAASSE_03795,31,Brazil,Software Engineer,441,6,2,3,1,91.87449521033638,0,0,7,51.59261011296789,1,0,0,0
IAASSE_03796,51,Nigeria,Data Analyst,240,6,5,4,2,47.08846069240059,4,3,9,16.48290830060035,0,0,0,1
IAASSE_03798,51,Brazil,Software Engineer,298,10,4,3,5,96.59909126649059,3,2,6,5.323314047091405,1,0,0,0
IAASSE_03799,28,Canada,Data Analyst,318,8,5,4,4,92.11103654481639,1,0,6,10.009783860927845,0,1,0,1
IAASSE_03800,58,USA,Researcher,554,11,5,0,4,39.940986922460745,3,0,8,2.305959010486726,0,0,3,0
IAASSE_03801,29,Canada,Freelancer,95,8,5,1,2,73.2909764928231,4,2,4,11.999736831271935,4,1,1,0
IAASSE_03802,32,USA,Student,218,10,2,1,9,51.35625083947994,4,3,5,18.487907105111145,1,0,2,0
IAASSE_03803,48,Australia,Data Analyst,324,7,9,1,2,66.04275256986757,1,1,8,19.547769738011603,1,1,0,1
IAASSE_03804,46,UK,Software Engineer,471,10,5,2,4,91.88735365384952,5,4,3,67.36487936083252,0,1,0,0
IAASSE_03805,43,Canada,Freelancer,93,9,5,3,7,66.00500836702177,4,2,4,14.350414920248953,1,0,1,0
IAASSE_03806,35,Australia,Manager,415,9,3,3,5,77.93226355976017,1,1,7,35.05979914630228,3,0,0,1
IAASSE_03807,49,Nigeria,Consultant,246,10,5,1,5,56.90092158777815,1,1,3,13.797407129255339,1,0,1,1
IAASSE_03808,39,Germany,Data Analyst,706,5,6,2,6,60.29079041483764,3,2,5,2.976600686122634,0,0,1,0
IAASSE_03810,34,India,Student,119,12,4,3,2,87.0206826533901,4,2,4,6.154975278275121,1,0,0,0
IAASSE_03812,41,USA,Consultant,698,11,3,2,3,49.559865842092435,4,3,5,44.045342786587796,1,2,0,0
IAASSE_03813,25,Australia,Professor,190,6,9,2,4,41.00161020624037,4,3,3,23.129859104185932,2,0,0,1
IAASSE_03814,58,UK,Student,709,9,6,2,0,78.82894177372773,2,1,8,38.561515799074456,2,1,1,0
IAASSE_03815,23,USA,Student,282,12,7,3,6,3.2383746940517932,4,4,5,10.237639549571973,0,1,0,0
IAASSE_03816,22,Germany,Student,239,6,1,2,5,58.34812612402768,5,2,7,8.93909228812862,0,0,0,0
IAASSE_03818,46,USA,Data Analyst,263,7,12,3,3,77.95680560525585,3,2,6,19.060032238787148,1,0,0,1
IAASSE_03819,45,India,Freelancer,96,6,4,1,3,77.22886186637452,5,3,5,42.32212448566728,1,2,1,1
IAASSE_03820,28,Nigeria,Researcher,669,9,2,2,2,73.09047273797927,1,1,2,13.618957553755841,1,1,0,0
IAASSE_03821,18,Nigeria,Manager,441,11,6,2,4,94.58970848112281,0,0,6,37.30874905463052,2,0,1,1
IAASSE_03822,60,UK,Manager,631,4,6,0,2,64.17497614295831,4,2,8,3.6660832616311274,0,0,0,0
IAASSE_03823,36,Nigeria,Software Engineer,414,8,2,0,1,80.6853229863297,2,1,5,21.018773059863776,2,0,0,1
IAASSE_03824,26,UK,Manager,275,9,8,5,3,66.54700243010504,3,1,5,5.992854221023199,0,2,3,0
IAASSE_03825,44,Australia,Software Engineer,675,7,5,2,6,33.82960857926071,1,0,5,12.14145706713758,0,0,1,0
IAASSE_03826,51,USA,Data Analyst,372,9,6,4,3,58.954671186608465,4,4,3,31.957560652706217,1,1,0,0
IAASSE_03827,61,USA,Software Engineer,357,13,5,2,4,56.88049342173392,3,2,10,16.158355665466857,2,0,0,0
IAASSE_03828,21,India,Software Engineer,305,6,5,1,2,68.98728750921224,2,1,5,4.5874328107082025,0,1,0,0
IAASSE_03829,53,Canada,Consultant,165,5,8,0,1,71.7792454872741,5,4,5,16.708866486280904,0,0,0,1
IAASSE_03830,35,UK,Freelancer,493,11,3,2,2,53.890254067880896,6,3,5,5.319985194496374,3,2,0,1
IAASSE_03831,32,USA,Software Engineer,532,10,5,2,2,35.812762155509766,5,2,4,2.034938174716097,0,0,0,0
IAASSE_03832,30,Germany,Manager,361,12,4,4,3,16.031105993673663,3,0,9,13.381852400112306,0,0,0,1
IAASSE_03833,36,USA,Student,627,5,8,5,3,94.16374920707152,2,0,7,7.415237347471138,1,0,0,0
IAASSE_03834,23,India,Manager,407,10,4,0,2,23.62618924535298,1,1,8,31.736481161692982,0,0,0,0
IAASSE_03835,29,USA,Data Analyst,411,11,6,1,3,94.98256909239818,3,1,10,45.860819180826134,1,0,0,0
IAASSE_03836,54,USA,Student,102,8,7,4,6,70.50786143646938,2,1,5,14.828085646123917,1,1,2,0
IAASSE_03837,34,UK,Data Analyst,713,7,4,1,1,61.041029277286775,6,5,6,17.509920414551654,2,1,0,1
IAASSE_03838,40,Canada,Researcher,576,3,6,1,5,64.7378688677718,4,1,9,6.825694460197356,0,0,0,0
IAASSE_03839,43,UK,Student,398,5,4,0,1,70.28773668198565,3,1,6,25.775505973679632,2,1,0,0
IAASSE_03840,46,UK,Professor,358,9,5,3,4,71.66700172231751,6,2,8,25.01058602069852,1,1,0,0
IAASSE_03841,50,Brazil,Student,672,13,5,1,9,97.16208858060972,1,1,7,9.767987285734927,0,2,1,0
IAASSE_03842,44,Germany,Professor,582,12,5,3,2,94.86167020723991,4,1,8,4.538163496814553,0,1,0,0
IAASSE_03843,42,USA,Researcher,676,11,11,3,2,84.16152178078286,4,2,9,17.29365489389928,1,0,0,1
IAASSE_03844,27,Canada,Data Analyst,639,2,3,0,2,67.25489821141961,1,1,3,26.810611099690206,2,1,1,0
IAASSE_03845,64,Nigeria,Software Engineer,294,8,6,3,0,35.71387568360447,2,0,3,7.744043538041322,0,0,0,0
IAASSE_03846,40,UK,Manager,529,6,8,0,2,68.89222460298102,4,2,4,29.895669239362128,1,0,0,0
IAASSE_03847,38,USA,Researcher,168,7,6,1,3,53.25166024436561,2,1,8,16.669784657326158,0,0,0,0
IAASSE_03848,38,India,Researcher,623,10,9,2,3,96.68330984381804,2,1,6,27.148034911245592,1,0,0,1
IAASSE_03849,60,Australia,Software Engineer,665,8,6,2,3,86.0880371903542,4,3,8,11.17838620854712,1,1,2,1
IAASSE_03850,30,Australia,Software Engineer,188,11,7,2,2,89.4202090799346,2,0,7,13.591572910206564,0,0,0,0
IAASSE_03851,54,USA,Freelancer,555,5,4,1,2,72.29525690990663,4,3,8,38.40410430188892,0,0,1,0
IAASSE_03853,41,Germany,Software Engineer,530,2,8,3,4,29.16205842052525,3,1,6,11.933178387550354,1,1,0,0
IAASSE_03855,28,Canada,Manager,501,11,5,3,1,51.93423189792976,3,1,2,3.4309394630103087,0,0,2,0
IAASSE_03856,34,Australia,Manager,561,8,2,2,1,51.92761799254366,3,2,6,20.86045557717389,0,1,1,0
IAASSE_03858,64,Brazil,Student,267,7,1,2,3,71.30022325090162,3,1,3,42.3707681542541,0,0,0,0
IAASSE_03859,42,India,Student,140,10,6,3,4,97.42654920880292,3,2,8,12.157620048265258,1,0,0,1
IAASSE_03860,47,India,Software Engineer,605,7,2,3,2,73.47583618625477,1,1,5,54.07754349084865,3,0,1,0
IAASSE_03861,26,USA,Software Engineer,368,5,5,2,0,56.590008827971396,4,4,6,35.50775007070549,3,1,0,0
IAASSE_03862,38,USA,Freelancer,574,8,2,2,4,86.158497202976,1,0,9,25.255841340977753,1,0,0,0
IAASSE_03863,37,Canada,Software Engineer,223,7,8,4,3,81.73419734207643,2,1,7,21.668997207581405,1,0,0,0
IAASSE_03865,36,Brazil,Consultant,562,11,6,1,3,9.53532633100522,5,5,5,11.598011146308725,1,0,0,1
IAASSE_03866,29,USA,Software Engineer,149,10,5,3,1,97.87808195995444,3,3,6,14.49649148946378,0,0,0,0
IAASSE_03867,54,Canada,Software Engineer,352,10,5,3,4,98.16138343471593,3,3,6,31.502081037181036,1,0,0,1
IAASSE_03868,59,UK,Student,560,6,7,3,2,92.25284720204448,4,3,5,31.492062873609914,2,2,0,0
IAASSE_03869,34,Germany,Software Engineer,657,8,9,3,0,97.7324549991883,3,3,7,71.80288982283142,0,1,0,0
IAASSE_03870,54,USA,Professor,591,1,4,2,6,70.30199287531487,2,2,7,19.700426815545594,1,1,0,0
IAASSE_03871,56,Canada,Software Engineer,200,6,6,3,2,57.13889470339859,1,1,7,22.592270661296126,1,2,0,0
IAASSE_03872,45,UK,Data Analyst,673,9,2,2,3,51.39434546060886,3,2,3,23.41341505959538,2,1,0,1
IAASSE_03873,58,Nigeria,Researcher,252,10,3,2,4,74.55386870168343,4,3,8,13.337424979247753,0,2,0,0
IAASSE_03874,52,USA,Professor,320,10,5,2,2,76.99186516868467,2,1,5,32.25344032457024,1,0,0,0
IAASSE_03875,64,Nigeria,Data Analyst,390,7,5,2,2,75.19716675299269,4,2,6,18.482256848345394,1,0,0,0
IAASSE_03876,35,India,Software Engineer,283,12,8,2,6,55.486367731540795,3,3,10,7.4783589416104155,1,0,0,1
IAASSE_03878,52,India,Student,135,8,2,2,2,52.870549537696334,3,1,7,10.540340971596404,0,0,0,0
IAASSE_03879,61,USA,Researcher,364,9,1,2,1,50.0744631540975,3,1,3,14.68456990503983,2,1,0,0
IAASSE_03880,58,Brazil,Researcher,704,4,4,0,2,77.59976123277221,5,5,6,43.69764585676847,2,0,1,0
IAASSE_03881,24,Australia,Researcher,531,7,6,2,3,93.86870903087198,4,2,7,28.77358677656023,0,1,0,0
IAASSE_03882,58,UK,Data Analyst,226,5,7,2,3,40.542821626517195,4,2,7,10.823607436435642,0,1,0,0
IAASSE_03884,35,USA,Researcher,630,7,7,2,3,88.53078249846088,0,0,5,64.50460409351135,0,1,0,1
IAASSE_03885,54,Brazil,Data Analyst,234,7,3,3,2,85.30389392600735,4,0,4,4.550799913780744,2,0,0,0
IAASSE_03887,53,Germany,Student,591,9,3,0,4,91.6203136877821,1,1,8,21.655896335719387,1,1,0,0
IAASSE_03889,19,Brazil,Freelancer,604,12,9,6,5,39.251910871588215,2,0,1,12.154067510865971,0,0,0,0
IAASSE_03890,33,USA,Software Engineer,505,9,3,1,4,43.72487856315409,3,1,9,14.693445727819714,3,0,0,0
IAASSE_03891,26,Australia,Freelancer,698,7,4,1,3,49.5827901622088,3,1,7,17.518748322925102,1,0,2,0
IAASSE_03892,26,Canada,Student,640,8,5,2,2,51.92297434322409,2,1,7,45.411801019080535,2,1,0,0
IAASSE_03893,55,Germany,Software Engineer,722,5,8,2,1,85.86706945998628,4,2,6,8.414826936408788,2,0,0,0
IAASSE_03894,28,USA,Data Analyst,508,3,3,1,2,74.33059015593949,2,1,10,18.069307151247102,1,0,0,0
IAASSE_03896,50,USA,Manager,114,6,2,2,2,49.179019803007826,0,0,8,24.145837587386602,1,1,0,1
IAASSE_03897,53,India,Student,207,10,3,2,2,82.73277543435434,2,1,9,12.876181478587617,1,0,0,0
IAASSE_03899,40,Australia,Student,555,8,6,3,4,97.95085057362617,5,3,8,40.568508614398134,0,1,1,0
IAASSE_03900,62,USA,Researcher,635,9,4,4,3,80.68105462890156,2,1,3,11.399453244492918,3,1,0,0
IAASSE_03901,62,Nigeria,Freelancer,265,13,7,3,3,23.644442178863272,3,2,5,25.647750884105793,1,0,0,0
IAASSE_03902,51,Brazil,Consultant,488,7,4,3,8,76.18843319325094,3,1,4,23.875559534069566,1,0,0,0
IAASSE_03903,26,Canada,Freelancer,270,6,3,2,0,72.5932124460572,4,3,7,29.526213422167253,2,0,0,0
IAASSE_03904,41,UK,Data Analyst,309,5,3,2,2,31.453397312488658,4,2,8,23.05489526595421,0,0,0,0
IAASSE_03905,25,USA,Student,582,8,1,3,2,92.85684603746745,4,4,5,10.369065500801957,1,1,1,0
IAASSE_03906,24,USA,Student,560,8,3,1,5,78.08314597457613,4,3,3,69.36968456084048,1,0,0,0
IAASSE_03907,53,UK,Software Engineer,561,9,7,1,0,70.03771857355024,3,3,10,18.578526010468416,1,0,0,0
IAASSE_03908,35,Germany,Manager,131,11,5,1,2,83.74468712719963,3,2,5,24.094107770660997,0,2,0,1
IAASSE_03909,20,Australia,Student,276,8,3,1,3,86.65695284264055,2,2,7,7.027322449204495,0,0,0,0
IAASSE_03910,45,Brazil,Researcher,486,2,5,3,2,81.17275109131305,6,5,3,25.587835387976735,1,2,0,1
IAASSE_03911,23,UK,Data Analyst,138,8,5,0,5,56.63001291960666,4,1,5,19.113498135635474,0,2,2,0
IAASSE_03913,61,Canada,Researcher,121,14,3,2,1,72.06823434995468,5,4,5,17.892214194133132,3,0,1,0
IAASSE_03914,38,Canada,Software Engineer,487,8,6,1,2,73.63358149041287,1,1,4,15.869181291186065,4,0,0,1
IAASSE_03916,57,Canada,Student,337,6,7,0,4,78.25204903881706,3,1,4,6.357403646777387,2,2,0,0
IAASSE_03917,18,Canada,Manager,583,4,2,3,3,93.32565948763524,1,0,9,26.022508341318115,2,0,0,1
IAASSE_03918,53,Germany,Student,643,10,6,3,3,57.90645314640458,2,2,6,2.7580153919651673,0,0,1,0
IAASSE_03919,38,Brazil,Student,397,9,3,3,2,95.19188392633082,4,3,4,8.73452761909618,0,0,0,0
IAASSE_03920,60,UK,Researcher,149,7,5,0,3,47.839961676737005,4,2,4,6.450576516523202,2,0,0,0
IAASSE_03921,52,USA,Consultant,334,8,5,4,3,66.9997029741113,3,3,3,14.864114372309206,1,2,0,0
IAASSE_03922,30,Canada,Data Analyst,634,9,9,0,0,68.37888450740857,4,2,7,9.482050984424351,0,0,0,0
IAASSE_03923,27,Australia,Data Analyst,383,5,6,2,3,69.62418351185156,0,0,5,44.98520394249742,0,0,1,0
IAASSE_03924,61,USA,Software Engineer,96,10,3,0,3,79.14434044096973,1,1,4,81.20738333068272,0,0,0,0
IAASSE_03927,63,Brazil,Manager,500,5,5,3,4,63.47339417572492,7,4,8,26.297605401099805,1,1,0,0
IAASSE_03928,30,USA,Student,559,8,5,0,0,89.87152721684927,1,1,7,12.002649066005816,2,1,2,0
IAASSE_03929,54,Nigeria,Software Engineer,130,6,7,0,3,80.54122168338226,3,1,7,20.050802684622614,0,1,0,0
IAASSE_03931,41,Canada,Data Analyst,462,12,5,3,3,70.68947157209334,4,3,5,7.868945605424797,1,1,0,1
IAASSE_03932,19,Australia,Researcher,241,11,4,2,1,56.20766185548523,2,1,6,8.15118817072524,0,1,2,1
IAASSE_03933,39,India,Student,614,9,5,3,1,99.79063256007647,1,0,7,12.016638935842458,1,0,2,0
IAASSE_03934,34,Canada,Researcher,398,7,5,0,4,72.42767902933312,2,1,4,31.773193017181303,0,0,0,0
IAASSE_03935,53,UK,Student,498,13,6,2,3,96.89464081477557,2,1,8,17.69945670500093,1,0,1,0
IAASSE_03936,31,Canada,Consultant,349,6,8,4,4,90.82681294372071,4,2,6,16.38093749115366,0,0,0,1
IAASSE_03937,27,Australia,Data Analyst,650,10,3,2,4,99.2988239805377,4,1,8,9.929342205815683,1,0,0,0
IAASSE_03938,52,USA,Data Analyst,182,8,3,2,3,82.30278736779006,1,1,4,11.557316612965096,1,3,0,0
IAASSE_03940,20,Germany,Student,556,13,7,4,2,42.849875170017285,1,1,3,12.376708646175219,0,2,0,0
IAASSE_03941,64,Germany,Software Engineer,484,13,3,3,0,34.783748307363275,2,0,5,31.247552598095997,2,1,0,0
IAASSE_03942,55,USA,Data Analyst,495,2,4,2,0,67.16649374176498,2,1,2,13.449185362994472,0,0,0,0
IAASSE_03944,29,USA,Professor,638,8,8,1,2,42.28895022739496,1,0,4,18.229132225255253,0,0,1,0
IAASSE_03945,41,USA,Manager,215,6,7,0,2,83.43418380373366,4,2,9,7.035660193883833,0,0,1,1
IAASSE_03946,46,Australia,Student,223,8,4,3,1,73.09817086644614,2,1,6,2.9856621171652904,0,2,0,0
IAASSE_03947,60,Canada,Researcher,542,3,6,2,4,46.721347762406566,3,0,3,20.108612613524066,0,1,0,0
IAASSE_03948,42,Australia,Software Engineer,348,13,4,1,0,24.75960600993718,3,2,4,15.43440295788386,0,0,0,0
IAASSE_03949,53,USA,Professor,723,6,3,3,2,17.79061557556017,5,4,5,16.19626104345348,2,0,1,0
IAASSE_03950,43,Canada,Data Analyst,407,6,4,1,1,57.3839906550169,6,5,2,4.541374066540275,0,1,1,0
IAASSE_03951,55,USA,Software Engineer,468,7,4,4,2,17.14425521752565,4,3,6,5.609990127756779,0,0,0,0
IAASSE_03952,18,Brazil,Software Engineer,217,4,4,2,1,56.65095789632767,2,1,10,33.79414186557944,1,0,1,0
IAASSE_03954,45,Germany,Software Engineer,258,6,4,3,3,56.28474183890798,1,0,3,13.079269960376061,0,0,0,0
IAASSE_03957,34,Brazil,Software Engineer,610,9,6,1,2,91.71057394232217,2,1,5,18.05860389896757,1,0,1,1
IAASSE_03959,45,Canada,Data Analyst,156,13,4,3,6,99.69089450362948,9,6,4,24.458083549565792,0,0,0,1
IAASSE_03960,29,Germany,Researcher,589,8,6,0,4,72.55800806545616,5,2,7,2.4032479859473463,1,1,0,0
IAASSE_03962,59,India,Researcher,503,8,5,0,0,24.82064239754391,4,2,4,39.499586064673736,1,0,2,0
IAASSE_03963,64,Australia,Consultant,556,8,6,0,3,67.05339523049494,0,0,2,20.50405305919893,1,0,0,0
IAASSE_03964,47,UK,Consultant,474,14,6,3,3,79.7608607821533,2,1,5,38.61044506746699,1,0,0,1
IAASSE_03966,51,USA,Researcher,207,7,4,1,5,75.28049049788117,2,2,6,4.8113189640868965,1,0,0,0
IAASSE_03967,54,Nigeria,Student,314,7,2,3,4,73.23621417976538,3,2,7,17.60783671973234,1,1,0,0
IAASSE_03968,23,Germany,Software Engineer,258,6,5,4,1,85.24618383793417,0,0,7,10.505285157378758,0,1,1,0
IAASSE_03969,24,USA,Data Analyst,293,7,6,3,2,99.32796342398332,1,1,5,26.811055253765698,3,0,0,1
IAASSE_03970,49,USA,Manager,298,6,3,3,3,58.10262481684775,1,1,9,17.54171887969962,1,1,0,0
IAASSE_03971,49,Germany,Software Engineer,160,6,4,1,4,49.436150511769,2,0,7,13.545249827328584,0,0,0,0
IAASSE_03972,42,Australia,Software Engineer,139,11,3,0,5,64.82600357217662,2,2,6,14.334808133554859,1,0,0,1
IAASSE_03973,50,Canada,Data Analyst,592,8,5,7,2,14.182525100131254,5,5,3,9.053537572159637,2,0,0,0
IAASSE_03974,24,UK,Freelancer,280,6,5,2,2,63.71387331632485,3,2,3,7.220955492008319,0,1,0,0
IAASSE_03975,29,USA,Student,703,12,7,2,4,82.85319447885135,3,3,4,22.02529045275787,0,1,0,0
IAASSE_03976,33,Germany,Student,515,11,7,2,2,65.86211867608873,1,0,9,5.853334275627864,0,0,0,0
IAASSE_03977,33,Brazil,Data Analyst,359,5,6,2,2,93.23261449314796,3,2,7,12.113667321763081,0,2,0,0
IAASSE_03979,53,Australia,Freelancer,299,7,3,4,3,46.50046325114847,2,1,3,32.00807022283678,1,0,1,0
IAASSE_03980,30,Canada,Researcher,366,6,5,3,4,77.69398276822908,1,1,5,23.199481616014282,0,0,1,0
IAASSE_03981,24,Canada,Consultant,604,5,9,2,2,43.65914522895877,2,1,10,57.45783596024482,1,0,0,0
IAASSE_03982,53,UK,Data Analyst,220,7,4,0,5,98.6300875119548,3,1,10,6.4139303109064025,2,0,1,0
IAASSE_03983,64,India,Freelancer,412,9,7,4,2,62.282645911511416,2,1,6,22.894975746652207,0,0,0,0
IAASSE_03984,26,Canada,Student,442,12,8,5,4,57.77262871133211,6,6,9,8.90208667356595,0,0,0,1
IAASSE_03986,28,UK,Student,279,11,8,1,2,70.68690499661525,2,1,9,31.825832019889752,4,1,1,0
IAASSE_03987,25,USA,Software Engineer,569,5,5,1,2,33.72800190171902,3,3,6,10.168997970582875,1,1,1,0
IAASSE_03989,40,Germany,Data Analyst,709,10,5,1,2,63.02067141772978,3,2,8,9.675788650123682,1,0,0,0
IAASSE_03990,42,USA,Freelancer,640,15,5,2,3,72.2781818565436,6,4,8,14.13890908839499,1,0,0,1
IAASSE_03991,25,Germany,Software Engineer,418,6,6,2,3,61.52824823732812,1,0,3,11.184280364544726,0,0,0,0
IAASSE_03992,62,UK,Student,193,8,7,1,3,56.132299207770295,5,4,6,13.527172539249012,0,0,2,0
IAASSE_03993,39,Canada,Software Engineer,667,8,3,4,2,40.0600401632537,4,4,8,4.6365267825703675,1,1,0,0
IAASSE_03994,21,Canada,Researcher,176,7,5,0,1,68.20247753387088,4,2,6,5.871595478510587,1,0,0,0
IAASSE_03995,57,UK,Consultant,727,12,9,2,5,63.57539252147515,1,1,5,35.18626013880434,1,1,0,1
IAASSE_03996,20,USA,Software Engineer,600,7,6,3,6,89.5374208910564,2,1,6,10.04226678584211,1,2,0,0
IAASSE_03997,46,UK,Software Engineer,407,6,8,1,2,81.38039992131698,3,3,8,24.53136209392739,0,2,1,0
IAASSE_03998,58,Germany,Data Analyst,714,8,9,4,2,98.08276794124644,9,8,3,3.456966658331015,1,1,0,1
IAASSE_03999,46,Germany,Researcher,252,9,4,0,0,71.76015515083792,2,2,7,33.93843779035006,1,0,0,0
IAASSE_04000,51,UK,Freelancer,558,12,5,4,4,92.86794131980506,0,0,9,4.271791225404345,0,3,0,0
IAASSE_04001,51,Canada,Student,686,8,6,3,6,38.199695031346344,3,1,6,40.51369011788843,2,1,0,0
IAASSE_04003,30,USA,Software Engineer,729,5,7,7,2,35.49987976085981,3,1,11,63.875720535658935,0,0,1,1
IAASSE_04004,32,USA,Data Analyst,185,7,7,1,2,62.06160950531417,3,2,5,50.41016341536889,4,2,0,0
IAASSE_04005,40,Nigeria,Freelancer,463,8,9,2,4,49.60477294658887,4,3,8,18.611558440621366,0,0,1,1
IAASSE_04006,61,USA,Software Engineer,541,4,4,2,1,76.50914601742642,2,2,2,14.762984511982289,0,1,0,0
IAASSE_04007,43,USA,Data Analyst,613,9,4,5,5,90.96672860538344,2,1,5,40.249687601233795,0,0,2,1
IAASSE_04008,21,UK,Student,678,9,10,1,3,87.72415988510924,0,0,3,22.894008841400574,0,0,1,0
IAASSE_04009,43,USA,Data Analyst,250,7,6,1,0,87.94594237843609,6,2,5,35.807101288473426,0,1,0,0
IAASSE_04011,26,USA,Researcher,118,6,4,1,1,90.36891251474965,4,1,5,21.06268832978905,3,0,1,0
IAASSE_04012,22,USA,Professor,621,5,3,4,2,73.01558684044784,5,2,1,53.93193097720551,0,0,0,0
IAASSE_04013,49,Germany,Data Analyst,604,15,4,3,3,52.748465326161984,6,3,7,18.708337759340974,0,1,0,0
IAASSE_04014,37,UK,Student,553,3,3,3,3,18.403752010819126,6,3,4,47.50621866961501,0,1,0,0
IAASSE_04016,32,Australia,Software Engineer,198,12,5,1,2,53.487218743532935,0,0,2,7.894200985334859,0,1,2,1
IAASSE_04017,49,UK,Freelancer,443,11,3,4,3,65.16520106690065,3,1,9,2.3454142966938267,0,0,1,0
IAASSE_04018,45,Germany,Researcher,185,6,5,5,2,86.82597744907073,2,1,3,8.979226978925347,1,1,1,1
IAASSE_04019,39,USA,Data Analyst,622,7,10,4,0,81.81249065445047,6,4,9,20.802047780507383,1,1,1,1
IAASSE_04020,58,Australia,Consultant,683,6,5,1,4,25.421358465801248,2,1,10,19.87401278341818,0,0,0,0
IAASSE_04021,34,Canada,Manager,480,16,11,1,6,99.221853523185,3,1,6,11.592976176713318,1,0,0,1
IAASSE_04022,43,UK,Student,640,5,3,2,4,75.5995399255836,5,2,5,26.939862563411804,0,1,0,0
IAASSE_04023,61,Australia,Manager,140,3,3,2,4,86.18794873735037,2,1,6,11.40447732959678,0,0,0,0
IAASSE_04024,24,Nigeria,Data Analyst,318,6,5,1,0,85.8159635091135,3,1,3,10.813703257471062,0,0,1,0
IAASSE_04026,43,Australia,Data Analyst,377,10,6,3,4,46.01799642132612,4,2,4,9.421056805964312,1,1,0,1
IAASSE_04027,42,Canada,Software Engineer,531,6,2,3,3,7.113992638713418,1,1,7,17.560288947141196,2,0,1,0
IAASSE_04028,27,USA,Software Engineer,325,7,7,1,1,92.4335164327176,3,2,5,14.12932866496828,1,2,0,0
IAASSE_04029,62,UK,Data Analyst,236,6,6,1,6,72.34135257831704,4,2,8,9.058342338259658,0,0,1,0
IAASSE_04030,36,Canada,Student,108,8,6,2,4,97.17756700646774,3,1,7,23.3772326053941,0,1,0,0
IAASSE_04031,28,UK,Manager,456,9,5,2,6,60.25991996310456,2,0,10,30.182903439430437,3,0,1,1
IAASSE_04032,30,Nigeria,Freelancer,384,8,7,1,4,86.23936140474453,1,1,7,25.934487077854627,0,0,0,0
IAASSE_04033,25,UK,Manager,209,5,2,1,6,61.67211494128908,2,1,5,28.136597566592435,1,1,0,0
IAASSE_04034,57,UK,Data Analyst,273,7,3,2,4,40.7192359328331,0,0,4,19.849129996659155,0,1,0,0
IAASSE_04035,21,UK,Data Analyst,468,6,4,1,3,94.82652079329287,5,2,11,25.887537839973113,0,0,0,0
IAASSE_04036,64,India,Data Analyst,371,6,5,4,2,88.9990418039001,5,4,7,7.37347740945352,1,0,1,0
IAASSE_04037,48,Germany,Student,110,11,5,2,4,97.71042675221932,3,2,5,4.239564601029996,0,0,0,0
IAASSE_04038,45,Australia,Software Engineer,117,6,5,0,3,88.18828507697214,4,2,8,15.74526586239048,1,0,0,0
IAASSE_04039,28,UK,Researcher,434,8,2,2,4,58.129399295431504,1,0,7,28.30161772063015,1,0,0,0
IAASSE_04040,60,India,Researcher,475,3,2,1,3,92.15620705806889,8,4,6,20.530046743243886,1,2,0,0
IAASSE_04041,18,USA,Researcher,587,6,4,0,0,66.52471555355953,5,2,7,6.530224132514477,3,1,1,0
IAASSE_04042,64,Nigeria,Data Analyst,686,5,4,4,4,27.79075930396489,3,2,7,19.554558645108976,0,0,0,0
IAASSE_04043,55,Canada,Data Analyst,567,10,10,4,7,83.53409274163768,3,2,10,32.42726895861095,1,0,0,0
IAASSE_04044,41,UK,Researcher,256,8,7,5,3,52.9903480811062,6,4,7,16.422246571886625,1,1,1,0
IAASSE_04045,64,Canada,Data Analyst,488,10,3,2,0,62.366006955561446,5,4,7,7.000457555996206,2,0,0,0
IAASSE_04046,48,Germany,Data Analyst,337,17,5,6,5,48.234663808419285,2,2,7,16.916440591385733,1,1,0,1
IAASSE_04047,58,USA,Data Analyst,593,4,8,5,6,94.66724699442527,7,3,2,32.840863132008124,3,1,1,0
IAASSE_04048,63,Nigeria,Data Analyst,207,3,7,3,3,90.9725371855745,5,3,3,12.987030031763123,0,0,1,0
IAASSE_04049,43,Canada,Student,460,11,6,2,3,82.68958070625196,3,1,5,6.958308541257728,2,0,0,1
IAASSE_04050,22,UK,Consultant,510,11,6,3,3,54.376292017429904,2,2,4,2.591874337511756,1,0,1,0
IAASSE_04051,37,USA,Consultant,552,8,8,2,0,90.46393616876264,4,4,7,14.555424082661618,0,2,1,1
IAASSE_04052,58,Canada,Data Analyst,117,13,4,3,4,87.70380033623157,4,2,4,6.301188618510983,0,1,0,0
IAASSE_04053,28,Canada,Student,550,13,6,1,2,69.47700785616144,3,2,8,26.162713464536917,0,0,0,1
IAASSE_04054,50,Canada,Manager,215,11,5,4,2,57.55627940552963,0,0,9,12.558960849612298,0,0,1,1
IAASSE_04055,55,Germany,Data Analyst,650,10,5,1,0,75.92950608405616,1,1,3,14.303392015412072,0,0,0,0
IAASSE_04056,44,Canada,Software Engineer,624,7,8,2,2,81.8636024837809,1,1,10,7.359428514696899,2,1,0,0
IAASSE_04058,32,Australia,Data Analyst,561,8,7,5,4,21.470460897452497,5,1,7,21.400538572487505,0,0,0,0
IAASSE_04059,49,India,Manager,113,12,4,3,4,70.24000062567751,1,0,10,41.438755394404396,0,0,0,1
IAASSE_04060,38,USA,Manager,271,4,7,1,4,74.7223326429319,1,0,3,8.5555759190885,0,0,0,1
IAASSE_04061,63,UK,Data Analyst,232,15,3,3,3,98.8973753492218,4,2,12,24.392624894182365,0,1,0,0
IAASSE_04062,22,UK,Data Analyst,493,7,4,1,3,87.81468456988271,4,4,7,12.682935331572896,0,0,0,0
IAASSE_04063,23,Australia,Student,185,5,8,2,2,98.62052484416905,1,0,7,12.954968694991384,0,1,0,0
IAASSE_04064,55,Nigeria,Student,228,8,6,4,3,23.028680454962466,3,0,5,8.744272324103916,2,0,0,0
IAASSE_04065,39,USA,Freelancer,376,7,2,6,3,68.7737299433586,2,1,5,15.40741608846199,0,0,1,1
IAASSE_04066,35,USA,Researcher,643,10,3,2,3,86.72180814479721,1,0,5,2.344740915862787,1,2,0,1
IAASSE_04067,31,Nigeria,Software Engineer,173,7,6,3,1,69.45225742246606,3,1,8,11.63859942891233,0,0,0,0
IAASSE_04068,27,USA,Manager,669,9,6,3,2,98.10501728883408,3,1,6,23.720612616991048,0,1,0,0
IAASSE_04069,63,Germany,Consultant,559,7,3,1,3,61.62574637632954,4,3,9,19.64450322835025,0,0,0,0
IAASSE_04070,30,Australia,Manager,306,12,3,1,3,96.96501254508541,3,1,6,24.27232545506836,0,0,3,1
IAASSE_04071,48,India,Student,387,12,7,2,2,89.9718337609189,4,3,4,8.662445054355159,2,0,0,0
IAASSE_04073,20,USA,Researcher,413,10,4,1,3,90.43922115147673,4,3,6,7.473192322580901,2,0,0,0
IAASSE_04074,47,Australia,Data Analyst,508,10,9,3,6,71.51170715651669,8,4,7,20.48087557691249,0,0,0,0
IAASSE_04075,23,Brazil,Freelancer,320,10,5,1,4,46.44357630248262,2,1,7,10.40748778410946,0,0,0,0
IAASSE_04076,46,Canada,Researcher,107,5,8,1,2,41.81650009784318,3,2,8,3.4119824373034287,2,2,0,0
IAASSE_04077,25,UK,Freelancer,575,9,7,2,4,51.240919912663095,1,0,4,5.6136014053859515,0,2,0,0
IAASSE_04078,61,Australia,Data Analyst,221,7,4,0,4,96.13481174091835,3,2,10,3.9395255795836364,1,1,0,0
IAASSE_04079,62,Brazil,Consultant,674,6,6,3,1,83.92990001738909,7,6,7,10.777116887062109,0,0,0,0
IAASSE_04080,60,India,Data Analyst,582,10,2,2,2,70.29124527696145,6,5,7,15.031368770712781,0,0,1,0
IAASSE_04082,50,USA,Student,375,6,8,2,4,78.26257059343,3,0,7,33.517059061276576,0,0,1,0
IAASSE_04083,34,USA,Software Engineer,374,7,5,0,3,95.42340820396964,0,0,4,15.127940912029876,1,1,0,1
IAASSE_04084,28,Australia,Manager,580,11,8,1,1,52.41131383160075,4,2,7,22.05373945970591,1,0,0,1
IAASSE_04085,30,India,Software Engineer,100,5,7,1,3,37.07640971428269,5,4,6,16.900883857574332,2,0,0,1
IAASSE_04086,28,UK,Software Engineer,475,8,3,4,2,83.51106100850117,1,1,6,5.285652577831047,0,0,0,0
IAASSE_04088,45,India,Software Engineer,441,11,4,2,6,70.57947955713777,1,0,6,8.006117313405015,1,1,0,1
IAASSE_04089,61,USA,Researcher,127,7,6,0,1,66.94839355214417,4,3,6,21.994316116124196,1,1,0,0
IAASSE_04092,33,Australia,Researcher,416,13,6,4,2,79.87664047438734,4,4,4,33.912026212887746,0,0,0,1
IAASSE_04093,21,India,Software Engineer,295,5,2,6,2,35.972280539669136,0,0,8,16.800697222483162,2,0,0,0
IAASSE_04094,52,UK,Student,385,4,4,4,1,69.05305288351255,3,1,6,11.123402128782567,0,0,0,0
IAASSE_04095,43,Australia,Software Engineer,106,5,6,1,3,60.029418998347936,1,1,6,35.20121516991703,1,0,0,1
IAASSE_04096,29,Australia,Student,330,6,8,3,1,44.55999032785002,3,3,5,11.125075799021253,0,1,0,0
IAASSE_04097,28,Australia,Student,335,12,4,2,3,68.24748566590252,1,1,5,12.754774763023946,4,0,0,0
IAASSE_04098,54,Germany,Researcher,654,3,6,3,4,72.57351742636715,3,2,6,28.012869078529295,1,0,1,1
IAASSE_04099,42,UK,Student,712,4,5,2,5,79.4438010842256,2,2,7,15.315400914668185,3,0,0,0
IAASSE_04100,35,USA,Student,227,8,4,5,4,91.88799109745086,4,3,8,60.44961328872078,1,0,1,0
IAASSE_04101,36,USA,Researcher,573,4,7,4,5,56.38595111219894,2,2,8,51.38806879897472,1,0,0,0
IAASSE_04102,40,USA,Student,116,6,4,1,5,86.22799833284176,2,1,7,21.49869287269506,0,0,0,0
IAASSE_04103,55,Canada,Data Analyst,155,8,6,2,2,78.36221273547473,2,1,7,3.2723898892593253,1,2,0,0
IAASSE_04104,35,India,Student,412,7,6,4,0,95.85227495009134,3,1,4,5.048757365011766,2,2,0,0
IAASSE_04105,43,Germany,Software Engineer,680,11,3,2,7,60.92582793136817,3,2,9,2.5221993171872947,4,1,0,0
IAASSE_04106,23,India,Researcher,705,7,6,3,4,36.44060813828824,1,1,3,16.125114188203842,2,0,0,0
IAASSE_04107,21,UK,Manager,416,8,7,4,3,74.66602173912065,4,2,8,26.17722037934795,0,0,0,0
IAASSE_04108,61,Canada,Data Analyst,135,7,3,3,2,77.5885095953655,1,1,8,2.8572765458443867,2,0,0,1
IAASSE_04109,46,UK,Student,490,9,4,1,5,87.57736437556241,2,1,8,3.811807900153016,2,0,0,0
IAASSE_04110,51,USA,Student,114,11,7,3,4,31.464547256559932,4,2,7,24.97850370142917,2,1,0,0
IAASSE_04111,34,USA,Software Engineer,395,11,5,0,2,73.6736893462677,3,3,8,42.11057696093591,2,0,2,0
IAASSE_04112,60,Australia,Professor,431,8,7,3,4,90.78292982369817,3,2,7,38.81165117056513,1,0,0,1
IAASSE_04113,60,Brazil,Data Analyst,453,8,6,2,4,65.54796464785255,4,3,8,2.440788517329012,1,2,0,0
IAASSE_04116,51,India,Researcher,662,3,10,4,3,88.64988843449788,4,2,5,15.000706978972943,2,1,0,0
IAASSE_04117,25,UK,Researcher,571,7,7,2,3,65.09815013011968,0,0,7,24.310707545853564,1,0,0,0
IAASSE_04118,30,India,Researcher,646,7,6,1,1,64.33245551673372,2,1,2,22.277626141898928,1,3,1,0
IAASSE_04119,59,Germany,Consultant,510,11,6,0,3,76.29697765313146,2,1,7,21.466612421445134,2,2,0,1
IAASSE_04120,25,Brazil,Software Engineer,510,12,7,4,4,50.272765560075264,3,2,5,15.827074125123497,1,0,0,0
IAASSE_04121,47,Canada,Student,327,9,4,1,5,67.37447641781253,0,0,12,17.37652459759461,2,0,1,0
IAASSE_04122,49,Germany,Data Analyst,725,12,3,1,3,83.81222740788368,3,1,6,8.596307871915215,1,0,0,0
IAASSE_04123,53,Canada,Researcher,586,9,10,2,2,53.39114434118034,8,5,6,6.636809838134995,0,2,0,0
IAASSE_04124,64,Germany,Researcher,453,7,9,3,2,99.75725761951473,6,4,4,3.3234168874548247,0,0,0,0
IAASSE_04125,47,Canada,Software Engineer,580,11,7,1,1,84.73025316373963,3,3,4,68.69504128286866,1,0,0,1
IAASSE_04126,18,USA,Researcher,216,9,4,1,1,72.20405381684168,1,1,4,14.356867886356572,1,1,1,0
IAASSE_04127,60,Canada,Researcher,376,12,5,5,4,95.03640899302056,2,2,6,19.874431723442406,1,0,0,0
IAASSE_04128,56,Australia,Consultant,570,10,2,0,1,10.532356604196341,5,4,4,13.221637336931678,0,1,1,0
IAASSE_04129,34,India,Software Engineer,634,2,2,4,2,92.32373742834599,2,1,5,5.402111648929779,2,1,1,0
IAASSE_04130,37,India,Manager,464,12,5,2,2,98.38801009184306,5,3,6,22.924399683166826,2,0,0,0
IAASSE_04131,41,Germany,Data Analyst,583,11,5,4,1,74.38222422375816,4,3,9,24.63325081208285,1,0,0,1
IAASSE_04132,39,USA,Researcher,648,10,7,5,3,11.138888502213746,2,0,3,67.22883083475945,2,0,0,0
IAASSE_04133,46,India,Professor,695,12,4,0,0,53.27650025508633,3,2,5,103.04656938566993,1,0,0,0
IAASSE_04134,39,Canada,Software Engineer,169,9,4,1,2,90.48920374323353,6,4,7,14.859228493614312,0,1,0,0
IAASSE_04135,61,Nigeria,Manager,338,10,2,2,2,94.28913567761094,3,2,6,0.9037176560116607,0,1,1,1
IAASSE_04136,26,Nigeria,Manager,670,11,5,3,3,96.69050658161723,2,2,7,51.27217552927049,0,1,0,0
IAASSE_04137,54,USA,Student,356,3,9,1,7,84.73899633964072,2,2,5,2.317114836439949,1,0,0,0
IAASSE_04138,27,India,Software Engineer,676,9,3,3,1,85.60255181562415,3,2,2,28.050712857824607,1,0,1,0
IAASSE_04139,53,USA,Student,474,9,5,3,1,70.79935773109086,1,0,6,10.03032865246713,2,2,0,0
IAASSE_04140,54,UK,Freelancer,432,6,5,4,6,47.13933033089521,6,4,4,11.484116405092111,1,0,0,0
IAASSE_04141,45,Australia,Manager,333,9,6,3,2,98.55487849454201,1,1,5,8.812035670308326,3,1,1,0
IAASSE_04142,45,USA,Student,112,11,8,1,2,13.610413757783748,2,1,2,10.151497087561218,0,3,0,0
IAASSE_04143,59,India,Student,261,8,7,0,6,33.406517354216334,3,3,7,17.914624420321484,1,0,0,0
IAASSE_04144,60,USA,Software Engineer,364,10,6,0,0,73.23677192702775,2,1,4,8.39113432209926,0,0,0,0
IAASSE_04145,38,USA,Data Analyst,450,10,5,2,1,46.9411489872739,3,3,9,13.678563520780484,2,1,0,1
IAASSE_04146,41,Australia,Student,119,9,3,4,2,67.11335441398582,3,2,8,5.274030107951875,0,0,0,0
IAASSE_04148,57,Nigeria,Software Engineer,530,7,9,0,3,94.65885475152184,6,4,7,24.75667680032025,1,0,0,1
IAASSE_04149,19,Germany,Student,695,11,4,1,1,71.48209348747268,4,1,7,13.891780379359995,1,2,0,0
IAASSE_04151,44,UK,Professor,177,13,3,3,2,50.252673400326955,6,4,6,26.40525132517979,3,0,0,0
IAASSE_04152,39,USA,Manager,136,8,2,3,1,58.86922803908209,2,1,4,17.10060605722171,0,2,1,1
IAASSE_04153,54,USA,Consultant,359,14,9,5,4,71.29203366487012,5,2,10,19.539543008618054,2,1,0,1
IAASSE_04154,44,Australia,Data Analyst,209,7,1,2,3,71.03230069817737,1,1,8,5.513209766340785,0,1,1,0
IAASSE_04155,46,Germany,Data Analyst,232,9,5,1,1,81.04721370233229,2,1,7,7.593185395480576,1,2,0,0
IAASSE_04157,61,India,Manager,316,6,8,0,2,82.51021045055136,2,2,10,13.561099952407288,1,0,0,0
IAASSE_04159,62,USA,Researcher,570,15,4,2,3,3.1796762527764386,5,2,7,11.99451337901499,3,0,0,0
IAASSE_04160,27,USA,Consultant,167,3,3,4,2,38.37953219623196,4,3,5,13.691064125555922,1,0,0,0
IAASSE_04161,53,India,Researcher,602,9,5,3,4,55.60145250245952,4,2,9,15.774975052083796,1,1,0,0
IAASSE_04162,26,India,Software Engineer,441,5,7,2,2,96.90006015549322,1,0,5,31.411171316260482,0,1,0,0
IAASSE_04163,44,Nigeria,Software Engineer,544,7,6,2,1,91.84907202476774,5,3,7,7.636017800813086,2,1,0,0
IAASSE_04164,51,USA,Student,231,6,5,2,1,21.67135127834387,1,1,9,8.68166104107175,2,0,0,0
IAASSE_04165,18,Brazil,Student,452,4,4,3,1,77.4197448737031,2,2,8,25.265898274723654,1,0,1,0
IAASSE_04166,49,USA,Researcher,323,8,1,3,4,76.85493035895382,4,3,5,7.8722354319232855,0,0,1,0
IAASSE_04167,42,USA,Software Engineer,672,9,8,4,3,68.35982454285022,2,2,4,8.057345699366541,0,0,1,1
IAASSE_04168,46,Brazil,Software Engineer,420,12,3,2,4,59.62137098269578,3,1,2,30.244081507297796,0,0,0,0
IAASSE_04169,24,UK,Software Engineer,101,9,4,0,3,53.49692424480303,4,2,5,32.47315770682161,0,0,0,0
IAASSE_04170,20,Germany,Data Analyst,231,11,5,0,5,35.340755160091,2,1,8,30.569123800787878,0,1,0,0
IAASSE_04171,37,USA,Software Engineer,559,8,6,3,3,29.716900024782117,6,5,4,13.094583696366744,2,1,0,0
IAASSE_04172,37,Australia,Software Engineer,651,13,8,2,1,75.72006232990222,3,2,4,2.9364865541697966,1,1,0,0
IAASSE_04174,52,UK,Consultant,403,10,6,4,0,79.50967302092505,4,4,7,1.2791717302479513,1,0,0,0
IAASSE_04175,52,Germany,Software Engineer,216,11,5,1,1,99.72508610426223,3,3,3,5.067976519556458,0,0,0,0
IAASSE_04176,56,USA,Researcher,480,9,3,2,5,69.37485881829718,2,0,7,41.2233807653934,0,0,0,0
IAASSE_04177,44,Germany,Consultant,671,9,4,0,3,72.1906141950189,3,2,5,17.833460295698533,0,1,0,0
IAASSE_04178,43,UK,Consultant,690,10,2,2,4,87.0278288239849,4,1,8,5.501236505750438,1,3,1,0
IAASSE_04179,31,USA,Consultant,577,5,2,1,1,89.95974464271526,4,2,7,10.289238851618975,2,0,0,0
IAASSE_04180,34,UK,Data Analyst,702,4,8,1,1,76.48700784840813,2,1,7,64.0595342186624,0,1,2,1
IAASSE_04181,35,USA,Student,496,15,4,1,5,31.192988045648672,6,5,7,5.170184959325056,1,1,0,0
IAASSE_04182,62,Nigeria,Data Analyst,186,13,6,1,2,30.883133258052155,6,3,8,38.292155600960484,2,1,1,1
IAASSE_04183,46,UK,Data Analyst,530,3,5,6,2,45.962901738905245,3,2,8,1.8152536708978704,0,1,0,0
IAASSE_04184,37,USA,Professor,465,2,8,1,3,93.62511849424618,5,3,5,39.76988024287176,0,0,0,1
IAASSE_04186,35,UK,Student,335,6,6,1,6,62.177704449820716,5,1,2,1.9679055834212886,3,0,0,0
IAASSE_04187,21,India,Student,208,8,6,0,6,82.22065049140497,2,0,4,22.88577471397099,1,0,0,0
IAASSE_04188,18,Brazil,Student,481,8,3,3,1,68.7823057830132,2,1,6,12.233839365117847,1,0,1,0
IAASSE_04189,18,Canada,Researcher,524,8,6,1,3,97.2317562556009,5,2,7,14.42649050530705,1,0,0,0
IAASSE_04192,37,USA,Professor,549,7,11,1,3,98.42219554331025,3,1,5,15.991563641203811,0,0,0,0
IAASSE_04193,40,Germany,Data Analyst,699,7,1,2,5,65.03281447034942,7,6,4,10.872380603218389,0,0,2,1
IAASSE_04194,27,Canada,Data Analyst,295,10,6,3,1,92.63638492125659,4,2,8,16.828438727103926,0,2,1,0
IAASSE_04195,28,Germany,Data Analyst,539,3,5,4,3,20.569948500216128,3,2,6,60.60194721160319,0,0,0,0
IAASSE_04196,58,Nigeria,Data Analyst,700,7,2,3,3,63.55809136376011,6,4,3,12.668287492595233,0,0,1,0
IAASSE_04197,58,Canada,Professor,702,4,7,2,4,86.88668961414587,1,1,1,14.709710433500664,1,0,0,0
IAASSE_04198,22,Nigeria,Software Engineer,250,6,8,3,4,77.02700137766372,4,2,9,3.479581457006537,2,1,0,0
IAASSE_04199,18,India,Manager,667,9,3,3,2,97.92151186943647,2,2,8,13.88909439991789,2,2,1,1
IAASSE_04200,34,Canada,Software Engineer,618,14,3,0,4,93.4226672920598,5,3,6,33.67507080797451,0,0,1,1
IAASSE_04201,39,Australia,Student,573,9,6,2,5,70.31048178853455,4,4,10,12.647968230994238,1,0,0,0
IAASSE_04202,51,UK,Student,704,11,6,1,5,92.84383005386893,6,5,5,6.920082676263881,0,0,0,0
IAASSE_04203,62,Brazil,Software Engineer,604,10,10,2,3,49.67620907596977,2,1,7,36.524485931733835,1,1,0,0
IAASSE_04204,58,Germany,Researcher,180,5,2,0,5,29.180939830972967,3,1,7,12.363923676911739,0,1,0,0
IAASSE_04205,46,USA,Data Analyst,540,14,3,4,3,58.39885570072776,0,0,9,13.981365728595316,3,0,0,0
IAASSE_04206,21,UK,Manager,515,8,6,2,0,94.57549719082819,2,1,4,48.48292931141721,0,0,0,0
IAASSE_04207,22,Germany,Manager,250,10,2,2,2,78.97462695669961,2,2,6,17.272760054810476,1,0,1,0
IAASSE_04209,38,USA,Manager,110,6,7,3,2,58.865536027029904,4,3,8,29.19611197322081,0,0,0,1
IAASSE_04210,52,Canada,Software Engineer,657,4,1,3,2,15.096974117886946,4,3,6,6.685595307327068,1,1,1,0
IAASSE_04211,29,UK,Researcher,309,7,2,1,2,32.16022551410371,3,1,3,9.493207384001256,1,1,0,0
IAASSE_04212,43,Canada,Manager,677,14,6,2,2,90.6056726471783,4,0,3,17.636257256287323,1,0,0,1
IAASSE_04215,24,Germany,Software Engineer,540,8,3,2,3,69.5273950213057,6,3,5,24.73389988950438,0,1,1,0
IAASSE_04216,64,Canada,Student,190,9,5,1,4,83.0345113074237,2,1,4,14.051090191243496,0,0,0,0
IAASSE_04217,24,USA,Data Analyst,663,3,6,2,5,60.8936296523213,3,1,8,29.68700510563596,0,1,0,0
IAASSE_04218,43,UK,Researcher,556,7,9,1,5,30.02030555174493,0,0,7,4.898265480417671,2,2,1,1
IAASSE_04219,57,Australia,Professor,287,10,2,3,3,66.62983124708289,3,2,8,5.726828201987243,2,0,0,0
IAASSE_04220,22,USA,Software Engineer,294,10,3,3,2,40.69230784956021,2,2,7,3.722610901851085,2,0,0,0
IAASSE_04221,38,USA,Student,661,5,3,3,4,72.58157583935635,3,0,5,30.875155530430725,0,0,1,0
IAASSE_04222,31,USA,Data Analyst,531,9,4,4,4,88.40218792942667,2,1,9,12.720062838605914,0,0,1,1
IAASSE_04223,21,India,Software Engineer,704,11,8,2,4,94.64503924408291,3,1,10,12.358330929522294,1,1,0,0
IAASSE_04224,40,India,Data Analyst,480,3,5,4,3,86.17066704510812,1,1,7,20.730250197919034,1,0,0,0
IAASSE_04225,59,India,Data Analyst,273,8,3,1,2,97.99548298618126,2,1,8,31.945750398096408,0,0,1,0
IAASSE_04226,37,Germany,Manager,615,4,6,2,2,31.695563836480133,4,4,6,28.506600063132048,1,0,0,0
IAASSE_04227,32,Germany,Student,363,2,7,3,2,94.74075529263683,2,2,6,17.235949822034392,0,1,0,0
IAASSE_04230,25,USA,Data Analyst,554,5,11,2,8,82.69121366453301,0,0,8,22.96127394103116,0,0,1,0
IAASSE_04231,58,Germany,Researcher,166,10,3,3,2,89.62851715734368,2,1,8,17.500099865959683,1,1,0,0
IAASSE_04232,36,India,Researcher,405,11,3,1,1,38.522553113784106,1,1,6,18.047882509073524,2,0,0,0
IAASSE_04233,56,Canada,Researcher,549,5,6,3,0,9.371717482819003,4,1,5,13.869312452219589,1,0,0,1
IAASSE_04234,63,UK,Software Engineer,133,9,7,2,3,16.917436495361898,2,1,7,15.70407223744744,1,0,0,0
IAASSE_04235,45,UK,Data Analyst,216,1,6,1,5,70.51103754024915,2,1,6,58.166435859085865,1,0,0,1
IAASSE_04236,63,Germany,Consultant,156,10,3,2,4,91.30612320428911,2,2,2,19.709508955695366,1,0,0,0
IAASSE_04238,21,Nigeria,Data Analyst,618,7,4,3,1,79.38990877651327,3,2,7,13.487806217950114,3,0,0,0
IAASSE_04239,32,UK,Student,308,5,5,3,6,75.6899097134091,0,0,6,10.215403654384271,3,0,0,0
IAASSE_04240,52,India,Student,689,7,5,4,1,95.80888365965346,3,2,8,23.970201039900147,0,0,1,1
IAASSE_04241,54,Australia,Student,263,7,8,3,6,56.62661879603782,2,1,10,19.78777134721339,1,0,0,0
IAASSE_04245,41,Australia,Manager,120,11,6,0,2,75.06196043613113,4,0,5,23.15439784679056,1,2,0,1
IAASSE_04246,44,India,Data Analyst,691,7,3,2,3,96.37319479648959,2,0,3,11.2585680134751,2,1,0,0
IAASSE_04247,57,Brazil,Manager,211,11,4,3,4,83.39248987351016,4,3,2,11.698755401913116,0,0,0,0
IAASSE_04249,51,USA,Data Analyst,499,9,4,1,2,26.42378096126875,2,0,8,39.78960406943111,1,0,0,0
IAASSE_04250,46,Brazil,Manager,688,10,4,2,5,45.96562602994819,3,2,3,10.319480735798944,0,0,0,0
IAASSE_04251,41,Australia,Manager,412,10,3,2,5,79.15699749422328,2,1,5,37.7667717406655,1,0,0,0
IAASSE_04252,41,Australia,Software Engineer,109,6,5,2,4,62.95761934964563,7,3,10,8.274493875287428,2,1,1,0
IAASSE_04254,21,USA,Software Engineer,92,10,6,4,3,93.65078174378442,8,4,7,38.301327876076904,3,0,1,1
IAASSE_04255,20,India,Professor,683,2,4,1,1,99.71220061402441,4,3,5,13.259631769329614,0,0,0,0
IAASSE_04256,51,India,Researcher,378,10,4,4,4,89.2892580235011,5,3,5,19.187459356602353,0,1,1,1
IAASSE_04257,40,UK,Student,685,7,5,3,4,45.873433180963424,1,1,6,8.459041139141272,1,0,0,0
IAASSE_04258,40,UK,Researcher,602,6,4,0,1,95.96754494923307,2,2,6,42.092951816578214,0,0,0,0
IAASSE_04259,62,India,Software Engineer,208,5,5,1,1,62.265941594244545,4,2,7,4.455222625930279,0,0,1,0
IAASSE_04260,22,USA,Software Engineer,608,12,5,0,4,90.1803747014201,4,2,5,14.900656524057664,2,0,0,0
IAASSE_04261,48,Nigeria,Manager,95,3,7,1,2,14.324596721177906,1,1,5,24.97428267697474,1,2,0,0
IAASSE_04262,58,UK,Software Engineer,443,8,4,3,6,23.857933555900214,2,2,7,7.4132004896538914,0,1,0,1
IAASSE_04263,23,Australia,Manager,126,5,13,3,5,90.49867583250963,4,2,3,0.510049629112359,1,2,0,1
IAASSE_04264,54,Brazil,Manager,162,5,3,2,3,86.38056281929265,5,4,6,2.939797138407947,1,0,0,0
IAASSE_04265,27,Germany,Researcher,405,4,2,2,5,88.0614971447056,6,3,8,16.008954052770452,1,1,0,0
IAASSE_04266,57,Canada,Student,706,7,3,2,4,96.18178280263459,2,0,2,8.686600997590832,0,0,0,0
IAASSE_04267,24,Germany,Consultant,194,5,7,2,2,68.90838947706035,4,3,6,6.782700815795094,4,0,1,1
IAASSE_04269,55,UK,Student,658,9,4,4,4,18.163268689537144,4,3,8,9.587439289518155,1,1,1,0
IAASSE_04270,38,Brazil,Software Engineer,537,9,6,1,5,80.56127382195564,2,1,4,9.914392063009524,1,0,3,1
IAASSE_04271,37,India,Data Analyst,486,4,2,5,3,45.94387359551823,5,3,5,5.782594298936644,0,0,2,0
IAASSE_04272,20,Germany,Manager,593,10,2,2,3,62.872136610099396,3,2,7,6.302304169870784,2,1,1,0
IAASSE_04273,39,UK,Manager,236,8,4,1,0,99.33410949609738,3,1,4,6.5961848064853275,1,2,0,1
IAASSE_04274,64,USA,Student,487,7,6,1,5,79.31041555695279,2,2,8,6.231992512265015,2,1,0,0
IAASSE_04275,21,USA,Consultant,136,8,9,3,3,80.25508617032409,2,2,4,55.30169730294678,1,1,1,1
IAASSE_04277,29,India,Manager,277,8,3,2,4,42.33808402430437,4,1,6,26.151322459550666,1,0,2,0
IAASSE_04278,55,Australia,Software Engineer,106,11,5,2,2,31.365634552281147,1,1,8,6.497968671257448,0,1,0,1
IAASSE_04280,64,USA,Student,305,11,6,0,2,83.46351506832545,5,4,4,38.037238437942506,2,1,1,0
IAASSE_04281,58,UK,Student,535,12,3,4,2,91.04297105094246,4,3,4,53.40282166395545,0,1,1,0
IAASSE_04282,22,USA,Researcher,360,8,4,2,3,62.93702152391215,2,1,10,10.025788030269773,0,0,1,0
IAASSE_04283,30,Canada,Software Engineer,634,6,4,1,2,59.972765680619645,3,0,8,9.915090444377846,1,1,0,0
IAASSE_04284,40,USA,Student,158,15,9,0,5,77.43092787047028,5,3,4,11.147513818276538,1,0,0,0
IAASSE_04285,47,Brazil,Student,336,8,4,0,1,71.26438277606262,2,0,4,43.524525143549056,2,1,0,0
IAASSE_04286,54,USA,Student,122,9,3,2,1,96.86231864877303,3,2,6,19.643481016915164,1,1,1,0
IAASSE_04287,42,Nigeria,Manager,548,13,3,4,3,60.67011211139188,3,1,6,11.765097345489725,0,0,0,1
IAASSE_04288,44,Canada,Researcher,329,9,5,4,4,68.01467690131628,3,2,7,17.384631047285,1,0,1,1
IAASSE_04289,31,Brazil,Student,569,6,7,1,5,5.700791834907028,2,2,6,11.037191868560356,0,1,0,0
IAASSE_04290,64,Australia,Software Engineer,578,10,4,1,1,63.46309733754229,4,4,5,28.241324447834867,0,0,0,0
IAASSE_04291,53,Brazil,Student,235,7,7,1,3,96.21231922179946,7,5,4,7.345619963456281,1,1,1,0
IAASSE_04292,56,USA,Professor,366,10,3,5,5,70.37496200098812,3,1,5,16.023773727286695,1,0,0,0
IAASSE_04295,38,USA,Professor,370,7,4,0,4,83.97600256596034,1,0,6,14.614669150208568,2,1,0,0
IAASSE_04296,38,USA,Manager,468,8,10,1,2,79.20535745859101,3,1,4,39.44369576167698,1,1,0,0
IAASSE_04297,25,Canada,Consultant,237,8,2,3,4,91.14882613133726,1,0,8,5.307411361808201,1,0,1,0
IAASSE_04298,33,Brazil,Software Engineer,401,12,4,2,2,90.30808458220915,4,3,10,37.93747356519154,0,0,0,0
IAASSE_04299,48,Australia,Data Analyst,718,10,5,2,7,48.72429073751044,5,3,9,3.8015708638991708,1,0,0,0
IAASSE_04300,59,Australia,Data Analyst,277,7,8,0,2,58.74289379474862,3,1,7,6.519232642544841,1,0,0,0
IAASSE_04301,27,USA,Data Analyst,310,7,4,2,3,91.53088129579969,3,2,8,18.214274338782197,0,1,0,0
IAASSE_04302,49,USA,Researcher,389,12,5,1,6,75.30058168770995,1,0,7,13.488648813491999,3,1,0,0
IAASSE_04303,51,India,Student,564,13,2,2,2,81.28015066111493,0,0,5,11.702858605381568,2,1,0,0
IAASSE_04305,34,Germany,Software Engineer,525,8,8,5,3,85.68871079803257,5,2,6,6.817220067032345,0,0,0,1
IAASSE_04306,28,Nigeria,Data Analyst,205,4,13,3,1,68.73621289885926,3,2,6,21.101348979338322,0,0,1,0
IAASSE_04307,49,USA,Software Engineer,612,8,3,4,0,45.69605269902436,5,2,3,7.037509364242641,0,0,1,0
IAASSE_04309,39,USA,Manager,94,5,2,2,4,30.020493598154864,2,0,9,8.332526720387493,0,1,0,1
IAASSE_04310,34,Australia,Researcher,396,3,0,0,4,84.60774868027767,4,0,5,8.973461766331148,1,1,1,0
IAASSE_04311,21,USA,Software Engineer,704,6,3,1,2,39.10408862529249,4,4,9,14.415028753236323,0,0,0,0
IAASSE_04312,64,India,Software Engineer,586,15,6,0,5,56.20395644637238,4,2,5,34.282502007129985,1,1,0,1
IAASSE_04313,42,UK,Student,457,8,5,4,2,56.004442000123454,1,0,5,10.34671709998943,0,1,0,0
IAASSE_04314,38,Canada,Consultant,439,9,5,0,4,98.14201454855561,1,1,7,16.40846249792786,1,0,0,0
IAASSE_04315,54,Australia,Data Analyst,380,10,3,4,6,99.10515341969062,2,2,6,1.9930474008915717,1,0,1,0
IAASSE_04316,55,USA,Student,441,11,7,0,3,96.5677424363428,2,2,8,45.47218689926561,1,0,0,0
IAASSE_04317,18,India,Manager,193,7,5,2,3,54.57853303258431,3,2,4,16.28122037351972,1,3,1,0
IAASSE_04318,42,UK,Student,396,11,1,1,7,67.59778964215567,3,1,4,9.194087716356627,0,0,1,0
IAASSE_04319,53,Germany,Data Analyst,224,9,5,2,2,99.87479928240775,5,1,5,10.5986868360994,1,1,0,0
IAASSE_04320,34,USA,Student,114,5,5,1,3,87.25894650610549,2,1,6,2.202167154595394,0,0,1,0
IAASSE_04321,58,Germany,Student,556,4,5,0,2,84.25397112111898,0,0,4,8.35402273752214,0,0,0,0
IAASSE_04322,41,USA,Student,355,11,6,0,3,20.628716276595256,3,1,7,22.634153334741626,0,0,0,0
IAASSE_04323,19,Canada,Student,528,3,5,5,3,79.6052770993159,1,0,8,9.059897388660005,2,0,1,0
IAASSE_04326,49,UK,Data Analyst,376,15,7,0,5,74.98464100654286,4,2,8,8.71038925321198,0,0,0,0
IAASSE_04328,23,Nigeria,Data Analyst,618,5,6,3,5,94.2021407351371,3,2,5,22.096556899661014,0,0,0,0
IAASSE_04329,18,USA,Data Analyst,193,9,2,0,5,38.977523143773084,3,1,7,24.679387546240847,1,0,0,0
IAASSE_04330,64,Australia,Student,530,4,4,2,1,40.886914013815634,2,2,4,14.757147814453477,0,0,0,0
IAASSE_04331,40,USA,Researcher,285,4,5,1,1,45.5878020801342,1,1,8,31.45275146441193,0,0,0,0
IAASSE_04332,56,UK,Software Engineer,347,7,9,2,3,76.09234649632512,1,1,7,15.697023053936253,1,2,0,0
IAASSE_04333,34,Germany,Researcher,334,5,7,3,2,26.27735149632921,2,2,3,8.665957249859744,3,0,0,0
IAASSE_04334,51,Germany,Manager,685,5,5,0,3,41.15963745484433,3,2,6,11.699918579785244,1,0,4,0
IAASSE_04335,58,Germany,Software Engineer,640,8,3,3,6,88.14459401949155,4,4,8,9.63002813153316,0,1,0,1
IAASSE_04336,46,UK,Researcher,613,13,5,2,7,69.93012638667932,6,3,9,25.371640624922563,0,1,0,0
IAASSE_04338,30,USA,Data Analyst,535,10,1,0,3,73.16124485172294,2,2,3,31.379614239610675,1,0,1,0
IAASSE_04339,23,Germany,Data Analyst,432,8,7,1,1,58.77402803580449,2,2,3,11.718772545569758,0,0,0,0
IAASSE_04341,37,Germany,Researcher,329,4,7,0,3,33.30284745311338,1,1,9,10.317689539438511,0,1,2,0
IAASSE_04342,20,USA,Student,319,13,4,6,2,42.72778125081514,3,1,6,11.374183664112667,3,0,0,0
IAASSE_04343,34,UK,Data Analyst,590,7,5,1,4,32.096693471610195,2,2,5,20.535736436053522,1,0,1,0
IAASSE_04344,29,UK,Software Engineer,276,9,8,1,4,84.49875297487395,3,1,6,31.421306764901576,1,1,0,0
IAASSE_04345,64,USA,Software Engineer,301,4,9,1,4,67.25917600152465,2,1,3,21.523327329210034,1,0,0,0
IAASSE_04346,62,UK,Student,662,8,5,0,1,87.57789667864479,2,1,5,23.679016527952108,1,0,0,0
IAASSE_04347,18,India,Professor,229,6,3,0,2,98.7500568376159,3,2,5,35.04710738925718,1,0,1,0
IAASSE_04349,20,Canada,Software Engineer,108,11,10,2,1,99.6958925548167,3,3,5,35.9861749313024,2,0,0,1
IAASSE_04350,43,Canada,Researcher,538,11,3,5,2,44.1124082131454,3,3,10,16.11607496024945,0,1,0,0
IAASSE_04351,32,USA,Consultant,635,4,3,0,2,67.54855659920875,4,4,5,9.729732547665176,0,2,1,0
IAASSE_04352,53,Nigeria,Student,692,8,8,3,3,80.12012966759515,6,4,3,9.203753899364607,0,0,0,0
IAASSE_04353,49,USA,Data Analyst,179,4,5,3,5,53.34314582497689,4,3,7,25.09973183818836,0,3,0,0
IAASSE_04355,21,Canada,Manager,485,5,7,3,6,80.77137908889475,2,0,5,34.00443268594333,1,2,1,1
IAASSE_04356,35,UK,Student,666,8,3,4,2,48.622180089567756,1,1,5,8.595147000038573,1,0,0,0
IAASSE_04357,36,Nigeria,Freelancer,401,9,6,2,6,90.42922039944924,1,1,4,18.628877286703588,1,0,0,1
IAASSE_04358,60,USA,Software Engineer,632,6,4,0,6,25.918400782529556,6,5,10,45.7759287181201,0,0,0,1
IAASSE_04359,52,Australia,Data Analyst,173,3,5,0,2,88.95173695852898,2,2,5,27.864609265990747,0,0,0,0
IAASSE_04360,57,Australia,Data Analyst,306,8,0,2,1,70.50423217115423,1,1,7,18.552241998405982,0,0,0,0
IAASSE_04361,31,USA,Student,124,6,5,2,4,75.6985189280328,0,0,8,22.2384386893337,1,0,2,0
IAASSE_04362,50,Canada,Manager,518,7,5,0,3,96.76709607458513,0,0,7,15.125376366386352,0,1,0,1
IAASSE_04363,31,Germany,Freelancer,618,7,1,1,1,52.58260429604981,2,1,5,5.576119055997171,2,0,0,0
IAASSE_04364,51,India,Software Engineer,181,6,3,0,0,83.81474887829219,2,1,11,25.076086658290034,0,0,0,0
IAASSE_04365,21,USA,Freelancer,165,4,4,1,5,99.18691648080461,4,3,4,13.763443301536034,1,1,0,0
IAASSE_04366,41,Brazil,Consultant,390,11,5,2,2,58.541331948484185,3,2,5,13.162540811712645,0,1,0,0
IAASSE_04367,46,USA,Software Engineer,233,16,11,2,1,88.01556176846286,6,5,5,32.418686376676874,2,1,0,1
IAASSE_04369,23,UK,Software Engineer,469,4,5,5,7,24.11734745899807,6,2,6,6.6624429521232535,1,1,0,0
IAASSE_04370,50,USA,Software Engineer,437,10,4,3,1,99.89341491520577,3,1,5,26.123879523388002,2,1,0,0
IAASSE_04371,57,USA,Student,716,6,0,2,2,96.33181494252817,5,3,3,7.992100593932498,2,0,0,0
IAASSE_04372,36,Brazil,Researcher,654,7,5,1,4,73.27443983176865,3,1,7,6.790973226544882,0,0,0,0
IAASSE_04373,18,UK,Student,110,5,2,3,2,36.357588907721095,10,3,8,17.818690204986154,2,0,0,0
IAASSE_04374,22,USA,Manager,199,7,5,0,1,81.5732087542335,1,1,2,48.643179137042935,1,0,0,0
IAASSE_04375,44,USA,Consultant,256,8,4,2,5,99.03881388676902,6,2,8,17.891974587688228,1,1,0,1
IAASSE_04377,23,Nigeria,Data Analyst,573,4,2,2,0,95.13074044250821,2,1,4,6.815417354056239,0,0,0,0
IAASSE_04378,57,UK,Software Engineer,603,12,4,1,2,49.03253859616009,4,2,4,7.71911524731541,1,1,1,0
IAASSE_04379,30,USA,Software Engineer,627,9,3,4,1,55.42408943690158,1,0,9,3.0351622693032567,1,0,0,0
IAASSE_04380,52,USA,Data Analyst,561,7,3,2,1,82.41961443274819,2,1,10,31.65064552211944,0,1,1,0
IAASSE_04381,36,USA,Software Engineer,394,10,4,2,3,34.77941479574288,1,0,7,11.62941346145102,1,1,0,0
IAASSE_04383,33,Canada,Student,577,9,5,3,5,35.2727789968797,0,0,5,29.598594918349953,0,1,0,0
IAASSE_04384,60,USA,Student,444,4,4,3,2,37.62113253895268,3,2,7,10.246898070823445,1,1,0,0
IAASSE_04386,42,UK,Manager,278,14,3,3,3,53.18649377151251,2,2,5,27.505775267185555,0,2,0,0
IAASSE_04388,48,Nigeria,Software Engineer,377,7,5,0,0,95.89760840595487,5,3,7,18.745432248845518,0,1,1,0
IAASSE_04389,21,Australia,Software Engineer,118,8,8,2,2,47.129816352649705,1,0,6,45.01688325037276,0,0,0,0
IAASSE_04390,61,UK,Student,385,10,1,4,2,60.245426063877574,3,2,9,44.458148386159884,2,0,0,0
IAASSE_04391,40,UK,Software Engineer,320,13,4,1,5,25.745897336443456,5,2,8,30.016663571997945,1,0,0,0
IAASSE_04392,19,Canada,Student,421,3,5,2,2,72.23171120331635,4,1,5,3.089765913764144,0,1,2,0
IAASSE_04393,39,India,Researcher,491,10,2,2,2,89.5859653059285,5,2,4,13.979537237162564,1,0,0,0
IAASSE_04394,54,Canada,Professor,175,8,4,3,3,90.80831827803812,5,1,5,21.7984392501779,3,0,0,0
IAASSE_04395,25,Nigeria,Student,252,9,5,1,1,91.15052819458612,7,3,5,11.46657254313022,2,0,0,1
IAASSE_04396,24,Brazil,Manager,272,10,8,2,7,23.943639161155616,1,1,0,12.655728406338032,0,1,1,1
IAASSE_04397,31,UK,Student,249,4,4,1,3,26.49350103764357,4,2,8,28.644508041935637,1,0,1,0
IAASSE_04398,20,Australia,Data Analyst,676,13,7,2,5,17.197416617140885,2,1,8,6.498803864108775,0,1,0,0
IAASSE_04399,33,USA,Student,306,7,8,1,5,69.42111375320276,6,5,5,35.48950311608308,0,0,0,0
IAASSE_04400,36,USA,Data Analyst,333,12,3,1,3,63.33385475105905,3,3,4,17.97737005738179,1,1,0,1
IAASSE_04401,35,Canada,Student,536,8,7,2,1,81.2810851418223,8,4,5,24.355073632567994,2,0,0,0
IAASSE_04402,33,USA,Data Analyst,601,9,1,5,5,60.433171166276736,4,3,8,101.41312673461894,3,0,0,0
IAASSE_04403,25,Nigeria,Software Engineer,348,10,5,1,2,74.47855828911597,4,2,4,19.89798586485702,0,0,2,0
IAASSE_04404,50,USA,Data Analyst,685,5,5,2,3,85.98630366760993,2,1,9,23.894148619647495,0,2,0,0
IAASSE_04405,29,Canada,Researcher,560,9,3,3,3,52.9472421223375,4,1,5,15.17026961344796,1,0,0,0
IAASSE_04406,28,Australia,Professor,255,7,2,2,3,94.1423632962114,2,2,8,23.296649526229956,2,0,0,1
IAASSE_04407,22,Germany,Software Engineer,386,8,3,3,3,51.29803961613544,4,4,5,34.14462386464696,1,1,2,1
IAASSE_04408,44,UK,Student,538,11,6,2,3,92.9272877249776,5,4,8,18.13997414285285,0,0,0,0
IAASSE_04409,29,Nigeria,Data Analyst,387,6,6,3,4,74.9588685633269,3,1,9,42.51878484186851,2,0,0,1
IAASSE_04411,23,Canada,Software Engineer,351,16,3,5,2,55.798817523714725,2,1,9,6.592558738151478,0,0,1,0
IAASSE_04412,50,USA,Software Engineer,605,8,2,3,5,24.164246229520355,6,3,5,7.323438742805787,1,0,0,0
IAASSE_04413,22,Canada,Student,267,6,6,3,1,54.01138141768473,4,1,4,7.025432551301542,1,1,0,0
IAASSE_04414,45,India,Software Engineer,312,9,5,1,8,65.33432823781227,3,1,4,19.40345602430954,0,2,0,0
IAASSE_04415,31,Australia,Data Analyst,246,5,4,3,0,39.02319516303185,8,6,9,10.835429549521516,2,0,0,0
IAASSE_04416,22,India,Professor,685,1,8,4,3,74.09929772805954,4,3,7,6.213938912499067,0,0,0,0
IAASSE_04417,50,Canada,Consultant,319,7,7,3,0,76.82576735214101,3,2,5,24.805524794907914,1,0,0,1
IAASSE_04418,58,USA,Student,447,6,6,1,1,82.75845650634682,2,1,5,7.189987499149513,0,1,0,0
IAASSE_04419,36,USA,Software Engineer,139,8,8,3,1,87.700024211735,5,2,6,15.414035999108538,0,0,0,0
IAASSE_04420,39,UK,Data Analyst,725,8,3,4,4,57.43257632453761,4,3,0,21.177990408937436,1,0,0,0
IAASSE_04422,19,India,Consultant,624,6,5,2,4,50.45805021407712,3,3,4,12.635215925677619,2,1,0,0
IAASSE_04423,47,UK,Software Engineer,398,10,6,1,5,89.87553728756652,5,4,4,23.71408377373481,1,0,0,0
IAASSE_04424,64,Canada,Data Analyst,702,9,5,1,4,85.07377064713211,2,2,8,5.762145926544614,0,0,0,0
IAASSE_04425,56,Canada,Data Analyst,719,6,8,3,2,79.14185663596064,2,0,7,23.433922315208385,3,1,1,0
IAASSE_04426,21,Canada,Manager,529,6,5,5,1,51.64086467531226,2,1,10,8.54526659917489,1,0,1,0
IAASSE_04427,50,USA,Researcher,514,5,3,3,4,89.09947701571647,3,2,6,11.53925493303307,2,2,0,0
IAASSE_04428,30,USA,Software Engineer,668,9,1,2,2,39.69411713769052,2,1,4,22.048628584742804,0,1,0,0
IAASSE_04429,37,USA,Data Analyst,360,6,4,2,0,99.87519799445586,2,1,6,17.581068406545434,2,0,2,0
IAASSE_04430,24,USA,Data Analyst,401,9,8,1,2,73.86891379921616,2,2,7,9.036485984494051,0,0,0,0
IAASSE_04431,32,USA,Freelancer,102,10,5,4,1,91.08609996278766,3,3,8,8.631888525777153,1,1,1,1
IAASSE_04432,40,USA,Software Engineer,112,11,6,1,5,82.13163906466036,4,1,5,3.186486812493669,1,0,0,0
IAASSE_04433,31,Germany,Software Engineer,661,7,5,1,4,85.66154510034187,3,2,4,21.06220714606529,0,1,0,0
IAASSE_04434,40,UK,Software Engineer,684,6,6,0,3,32.78355200822807,2,1,7,19.2289795075217,3,2,1,0
IAASSE_04435,36,Brazil,Manager,519,4,3,3,1,25.191090442066372,1,1,5,12.859175071345728,1,1,1,0
IAASSE_04436,46,USA,Data Analyst,564,18,3,4,2,25.303319011907572,2,2,9,5.8864642459589875,1,0,1,0
IAASSE_04437,37,UK,Student,248,10,8,0,1,63.998516384264256,4,3,7,3.960247497513814,2,0,0,0
IAASSE_04438,46,UK,Software Engineer,494,9,3,1,2,91.44290378895089,3,2,6,7.753269167201053,0,0,1,0
IAASSE_04439,41,USA,Researcher,521,10,4,2,1,57.64769766724784,6,5,6,33.68251476004067,0,2,1,1
IAASSE_04440,35,India,Researcher,660,13,10,1,3,3.0859553176224264,1,0,4,4.797478227383152,2,0,0,0
IAASSE_04442,58,Brazil,Data Analyst,422,10,2,1,3,82.37635756850085,2,0,6,30.639291100170354,2,0,0,0
IAASSE_04443,25,Nigeria,Student,300,7,3,2,2,97.10640991496321,1,1,9,6.159575515033312,0,0,0,0
IAASSE_04444,43,Australia,Freelancer,308,8,3,4,3,67.73600813785639,1,1,6,3.6300886665344496,0,0,1,0
IAASSE_04445,46,Australia,Software Engineer,176,10,5,3,5,71.37397461002035,1,0,6,7.1330703950795815,2,0,0,0
IAASSE_04446,27,Germany,Researcher,652,12,4,4,4,97.99126908703079,5,4,6,6.372911398763653,1,1,0,1
IAASSE_04448,19,Germany,Software Engineer,237,7,4,1,5,87.29301027720453,1,0,6,21.115365183186224,0,0,0,0
IAASSE_04449,23,USA,Data Analyst,415,9,7,2,3,92.38781023164456,2,1,5,14.670847172039904,1,1,1,0
IAASSE_04450,22,USA,Manager,657,10,4,2,2,90.3910942995431,5,1,8,6.083195032304206,0,0,0,0
IAASSE_04451,45,Canada,Manager,628,6,5,5,3,71.54065387862484,3,2,8,29.791264383120733,1,1,1,1
IAASSE_04452,58,Australia,Software Engineer,303,7,6,3,2,43.76638971400412,6,3,6,15.419232651643433,1,1,1,0
IAASSE_04453,22,Nigeria,Software Engineer,461,5,5,4,3,72.36558310137657,5,3,6,36.161304898938845,3,1,0,1
IAASSE_04455,43,India,Student,641,7,3,6,5,92.34936710590394,1,0,6,5.633390372815188,0,0,0,0
IAASSE_04456,37,USA,Data Analyst,246,5,6,2,4,77.150633060988,4,3,4,22.53873833675325,0,0,3,1
IAASSE_04457,58,UK,Data Analyst,604,5,10,1,3,58.16361870147304,3,2,8,12.115171180969526,1,1,1,1
IAASSE_04458,44,UK,Freelancer,182,13,7,0,2,99.85230398263224,5,2,6,68.15977627336022,0,2,0,0
IAASSE_04460,24,USA,Researcher,557,8,5,2,5,80.32870565873405,4,2,6,27.506356146755163,0,0,0,0
IAASSE_04461,20,Canada,Software Engineer,144,11,8,3,2,33.83261876164197,6,1,6,50.382902366353704,1,0,0,0
IAASSE_04462,27,India,Student,460,10,5,3,3,74.95645175337785,3,1,6,13.21472502564269,1,0,0,0
IAASSE_04463,51,Canada,Freelancer,455,5,3,3,2,79.96335929016618,1,1,6,34.64999222493309,1,0,1,0
IAASSE_04464,42,Canada,Data Analyst,232,9,7,3,1,22.545562266144575,7,3,6,28.066924094503854,2,0,0,1
IAASSE_04465,52,India,Student,449,8,4,2,2,90.51603953402014,4,0,7,12.278831052786256,0,0,0,0
IAASSE_04466,33,Germany,Software Engineer,212,10,3,2,4,74.46244864812014,4,3,8,13.49905929851712,0,2,1,0
IAASSE_04467,19,Canada,Consultant,682,6,4,4,4,77.16541727097967,3,3,6,6.890454798461963,1,0,2,0
IAASSE_04469,27,Nigeria,Student,463,5,5,4,3,94.05046024415206,2,0,5,5.878368363435094,1,2,0,0
IAASSE_04470,55,Australia,Consultant,701,12,6,2,4,93.24100438902232,5,3,6,35.80442018576662,1,0,1,1
IAASSE_04471,39,USA,Data Analyst,716,8,7,5,1,85.26576661293794,2,0,4,13.962560475984366,0,1,1,1
IAASSE_04472,43,UK,Student,113,13,4,1,2,81.87985166905847,1,1,2,11.3884532359168,1,2,0,0
IAASSE_04473,60,India,Consultant,450,9,7,1,0,57.96840592508232,0,0,12,4.245528094118804,0,0,0,0
IAASSE_04474,56,USA,Consultant,707,10,8,0,5,90.81292126999745,7,2,6,33.97922707435845,1,2,0,0
IAASSE_04476,46,USA,Software Engineer,603,6,2,0,5,76.35064002192105,2,2,8,6.725550975814035,0,0,0,0
IAASSE_04477,64,India,Manager,161,11,5,1,4,47.8806612217698,7,5,7,51.61079620330924,1,1,1,0
IAASSE_04478,55,UK,Manager,175,4,7,1,1,83.99050595844894,4,2,8,21.052920325665067,1,0,0,0
IAASSE_04479,37,Canada,Consultant,278,12,5,1,4,82.34501026439254,4,0,3,25.24834389887909,0,0,1,1
IAASSE_04480,44,Nigeria,Software Engineer,553,9,3,3,6,52.17360313781513,4,2,9,19.174688084453532,1,0,0,1
IAASSE_04481,58,Canada,Freelancer,426,7,6,2,4,97.37950175551353,2,2,6,30.598619017209685,1,0,0,0
IAASSE_04482,37,Australia,Freelancer,190,8,5,2,0,94.88313779940437,1,0,6,27.141124490874663,3,0,0,0
IAASSE_04483,61,USA,Student,617,5,7,1,3,91.14264641813178,2,2,6,4.045555183777866,1,1,0,0
IAASSE_04484,36,USA,Consultant,243,8,6,2,5,2.7973375037450183,5,4,6,24.437607941509604,2,0,0,0
IAASSE_04485,37,USA,Software Engineer,515,6,7,1,2,71.36039912920442,4,2,5,7.587888078888932,2,1,0,0
IAASSE_04486,52,Germany,Software Engineer,447,15,4,3,2,63.72384203480274,1,1,5,24.491450873752278,1,0,3,0
IAASSE_04487,64,USA,Researcher,128,12,3,2,3,13.155223160065537,2,1,3,3.7668832659853213,0,2,0,0
IAASSE_04488,19,USA,Student,423,4,6,1,4,91.64466447206652,2,0,9,52.68759103342013,1,1,0,0
IAASSE_04489,47,Canada,Software Engineer,541,13,10,5,1,73.47078535486916,4,2,6,13.570407858378385,2,0,0,0
IAASSE_04490,51,Germany,Consultant,381,8,7,2,5,87.01511950997039,1,0,4,28.75588472276992,0,0,0,0
IAASSE_04491,39,Germany,Data Analyst,581,6,6,2,3,82.46796050199505,2,1,6,2.535703990393743,1,0,0,0
IAASSE_04492,20,USA,Software Engineer,332,10,4,0,3,35.168345736217645,2,0,4,6.80042623329815,1,0,0,1
IAASSE_04493,23,USA,Professor,486,11,3,1,5,86.52963463846312,4,2,3,20.920249017423707,0,0,0,0
IAASSE_04494,32,Brazil,Software Engineer,156,9,5,0,4,69.01177856179811,2,0,2,34.360034877163756,1,0,0,0
IAASSE_04495,44,UK,Data Analyst,713,7,3,1,3,98.97549538615583,4,2,8,31.688861292866545,3,0,0,0
IAASSE_04496,27,Nigeria,Software Engineer,598,15,2,2,3,23.120100062445886,3,2,7,26.750015418377572,1,0,0,0
IAASSE_04497,26,Nigeria,Software Engineer,496,4,3,2,4,95.2677241291314,4,3,5,4.597429662574569,2,0,0,0
IAASSE_04498,50,India,Researcher,159,2,2,2,4,84.3502296780209,4,2,5,35.90397048538999,1,0,0,0
IAASSE_04500,23,India,Software Engineer,557,3,7,4,4,35.8162563639317,3,3,10,9.783991574933081,0,2,0,0
IAASSE_04501,58,India,Manager,354,6,5,1,3,96.18034272895454,6,4,2,4.036475542736061,0,0,0,0
IAASSE_04502,53,Australia,Software Engineer,465,12,5,4,3,89.73775929906597,3,1,6,9.496926869410721,0,0,1,0
IAASSE_04503,19,UK,Data Analyst,208,7,4,0,0,33.45550041725713,8,6,4,3.904087727551751,0,1,0,0
IAASSE_04504,46,UK,Researcher,429,6,4,0,2,56.472617234747716,4,2,7,22.955898531048774,0,0,1,0
IAASSE_04505,21,USA,Researcher,286,10,5,3,1,87.80118795571724,0,0,6,10.79573486620394,0,1,0,0
IAASSE_04506,18,Canada,Software Engineer,428,13,6,4,2,63.163872910896046,4,3,5,32.43805791322553,1,0,0,0
IAASSE_04507,36,Australia,Student,606,12,5,4,3,71.21865323113276,1,0,8,17.67631155307766,0,1,0,1
IAASSE_04508,43,UK,Student,471,6,7,0,2,64.72365156353511,4,3,8,3.861343411313713,2,0,0,1
IAASSE_04509,42,Canada,Data Analyst,361,13,3,3,3,64.74116666951736,3,1,7,8.734639869394949,0,1,0,0
IAASSE_04510,27,UK,Data Analyst,588,14,2,1,2,56.40665492334603,3,1,5,49.53361715911796,2,2,0,0
IAASSE_04511,32,Germany,Researcher,384,11,5,1,1,24.67070771771122,3,3,7,32.56983550684848,4,1,0,0
IAASSE_04512,39,Nigeria,Student,130,7,3,2,1,14.794761651800927,2,1,7,16.620129442963776,2,1,0,0
IAASSE_04514,39,UK,Data Analyst,563,9,2,1,2,66.44672141254091,3,3,7,47.173421498584005,1,0,0,0
IAASSE_04515,53,USA,Data Analyst,239,9,6,2,2,55.02583412659048,2,1,5,18.60312235126678,0,0,0,0
IAASSE_04516,51,Germany,Software Engineer,486,5,3,2,5,39.13066550629451,8,4,5,27.668713206443478,1,0,1,0
IAASSE_04517,47,India,Data Analyst,160,6,4,1,4,60.824829735647945,5,4,7,18.537217775819958,1,0,0,0
IAASSE_04518,42,Brazil,Consultant,698,5,3,1,3,54.65620271672124,7,4,7,55.28175756831107,1,1,0,0
IAASSE_04519,62,UK,Student,415,9,7,2,1,58.693730117982454,2,1,6,38.70020294712232,0,2,0,0
IAASSE_04521,18,USA,Consultant,603,6,3,2,4,65.17506674493994,4,1,3,71.0449658480682,1,0,0,0
IAASSE_04522,62,Australia,Researcher,563,10,4,2,1,97.3991163028863,4,3,6,15.566987632246338,0,0,1,0
IAASSE_04523,21,USA,Data Analyst,509,9,6,3,2,67.9906009365221,1,1,6,15.7859193436645,2,1,1,0
IAASSE_04524,24,Nigeria,Software Engineer,377,5,10,1,3,6.943119168001688,6,1,6,6.90022032287821,2,0,0,0
IAASSE_04525,26,Australia,Researcher,329,11,4,1,0,62.36042201258226,2,2,9,48.75861036859212,3,1,0,0
IAASSE_04526,53,Germany,Freelancer,338,6,5,2,0,84.38948285966832,2,2,9,16.642002504967436,0,1,0,0
IAASSE_04527,36,India,Consultant,249,5,11,3,2,34.871393218994484,2,1,8,0.9798287588859206,0,0,0,0
IAASSE_04528,18,USA,Data Analyst,558,12,8,0,4,58.04813473519832,3,2,5,7.683859454872161,0,2,0,0
IAASSE_04529,27,USA,Freelancer,436,9,4,3,5,86.61525604095935,6,4,1,14.545761043400255,1,3,1,1
IAASSE_04530,53,Nigeria,Student,188,10,6,0,2,91.36155929516005,4,4,7,37.18416242175197,1,1,0,0
IAASSE_04531,26,UK,Student,479,11,2,2,3,20.986381646027073,4,2,4,27.520114309267566,0,2,0,0
IAASSE_04532,62,USA,Consultant,382,4,3,0,3,52.636615733939095,3,3,9,12.036374405552364,1,1,1,0
IAASSE_04534,59,Australia,Student,556,8,6,3,3,67.6367592489752,2,2,4,27.226744264941786,1,0,1,1
IAASSE_04535,49,USA,Data Analyst,426,7,2,7,4,92.86682791440693,3,2,5,31.30282778769518,0,0,0,0
IAASSE_04536,49,UK,Software Engineer,473,6,6,2,1,40.90100132324175,3,2,8,16.816894979945147,1,1,0,0
IAASSE_04537,23,USA,Manager,434,7,3,3,4,68.8049944254282,3,1,5,17.10800150080171,0,0,1,0
IAASSE_04539,34,Nigeria,Data Analyst,328,10,3,0,4,89.31406107203215,1,0,4,18.259650059965725,1,0,1,0
IAASSE_04540,27,Brazil,Software Engineer,548,5,4,2,1,97.54534178142352,2,2,3,13.872321591987948,1,0,0,0
IAASSE_04541,44,Germany,Professor,501,6,3,2,6,99.5593231624689,3,1,3,4.764931532230637,1,2,0,0
IAASSE_04542,52,USA,Manager,272,8,4,2,2,33.51606062531979,5,4,5,14.528526467025472,1,0,0,1
IAASSE_04543,38,Nigeria,Data Analyst,233,5,4,2,1,67.8170429714181,4,1,3,20.666719822369537,0,2,0,0
IAASSE_04545,45,USA,Researcher,615,10,3,1,3,49.61799810661296,3,2,6,38.12960802996132,1,2,0,0
IAASSE_04547,32,India,Student,445,7,6,2,1,85.8645269032039,0,0,3,49.715490460507645,2,0,0,0
IAASSE_04548,21,India,Student,316,8,2,2,3,65.1523671717268,3,2,5,58.752290349388936,4,0,0,0
IAASSE_04549,46,Germany,Manager,609,8,3,3,1,55.713347884504294,6,4,5,19.29344214957227,2,1,0,1
IAASSE_04550,26,USA,Student,95,1,6,2,2,90.59664920189564,1,1,6,12.300129498064878,1,0,0,0
IAASSE_04551,44,USA,Software Engineer,326,7,5,0,4,95.85568183928311,5,2,4,14.834106162086822,0,2,0,0
IAASSE_04552,43,Germany,Student,381,5,5,3,2,90.8201460778885,2,1,2,23.198042149756763,0,1,0,0
IAASSE_04553,36,USA,Professor,610,5,6,2,4,76.89012410469637,3,2,5,5.347871440972628,0,0,1,0
IAASSE_04554,45,Canada,Data Analyst,507,5,3,3,2,51.77101101841109,2,1,8,30.302544728083838,5,1,0,0
IAASSE_04555,34,India,Professor,668,6,6,2,4,59.43403684000719,6,3,5,15.770156309767758,2,1,0,1
IAASSE_04556,60,India,Professor,240,9,5,0,2,89.21868486714992,0,0,7,2.2025810241909367,2,1,0,0
IAASSE_04557,58,Canada,Student,343,6,5,3,5,79.20757796772651,2,1,3,13.0446658883101,0,0,0,0
IAASSE_04558,59,India,Software Engineer,577,3,7,1,2,85.26858397560076,2,1,7,12.6833931276331,2,0,0,0
IAASSE_04559,37,India,Student,191,9,4,1,2,76.39604133163603,3,2,5,8.840766464090926,0,1,0,0
IAASSE_04560,62,Germany,Professor,444,8,4,2,4,49.314284044008815,3,1,5,7.952866536062906,1,1,2,1
IAASSE_04561,57,USA,Software Engineer,562,5,4,2,4,89.67610655413634,2,0,4,36.93288154017678,1,0,0,0
IAASSE_04562,56,UK,Student,186,10,6,2,0,19.06577527861669,1,1,8,11.496469695038096,4,1,0,0
IAASSE_04564,64,USA,Software Engineer,662,14,8,1,2,92.12836413622352,1,0,12,8.156472299258542,2,2,0,0
IAASSE_04565,49,UK,Professor,619,7,1,4,6,47.61601470709414,1,0,8,16.80467516046933,0,0,0,0
IAASSE_04566,64,USA,Researcher,278,9,4,1,2,53.432752335185405,4,3,8,15.919738181436085,1,0,1,0
IAASSE_04568,63,Nigeria,Data Analyst,707,10,5,1,6,83.22683892629416,1,1,11,8.667197192881536,0,0,0,0
IAASSE_04570,60,India,Freelancer,302,4,12,1,3,68.60538582875826,0,0,8,2.718993243679485,1,0,0,1
IAASSE_04571,51,Germany,Student,225,9,3,1,3,90.14695409346722,1,1,6,16.345679613306615,1,0,3,1
IAASSE_04572,57,USA,Professor,283,12,7,2,4,96.12417880417767,2,0,9,3.0421629119273548,1,0,1,1
IAASSE_04573,28,Nigeria,Data Analyst,584,8,4,0,3,77.51935294935556,5,2,3,4.483487956553572,0,0,0,0
IAASSE_04574,20,Australia,Student,654,10,7,3,2,53.05997630380217,0,0,6,10.994742063876854,0,1,1,0
IAASSE_04575,50,UK,Researcher,717,9,5,2,8,69.68579382356191,4,3,9,10.402328457276283,1,1,0,0
IAASSE_04576,28,India,Freelancer,272,13,6,2,1,78.78026469290512,3,3,8,15.418688656838825,0,1,0,0
IAASSE_04578,35,Germany,Student,367,8,4,1,1,81.13645344030795,0,0,6,5.49353384464316,2,1,0,1
IAASSE_04579,47,USA,Student,234,9,0,1,5,40.36486387354189,3,1,6,10.553357348500437,0,0,0,1
IAASSE_04580,27,India,Software Engineer,233,8,6,2,3,54.73487154150711,1,1,9,9.327320096667686,1,0,0,0
IAASSE_04582,55,Germany,Manager,177,6,2,1,6,29.184118192452104,2,1,9,12.21269103785989,0,1,0,1
IAASSE_04583,36,USA,Student,313,5,5,1,0,46.811153155255646,3,2,4,18.534067068727673,0,0,0,0
IAASSE_04584,53,Germany,Freelancer,574,8,2,2,7,67.1368803021547,4,4,6,13.992314897788653,2,1,0,0
IAASSE_04585,30,India,Researcher,689,3,4,0,0,63.90899011579063,3,2,4,16.010642801637886,2,0,0,0
IAASSE_04587,20,Australia,Software Engineer,648,11,12,0,1,66.6951959434889,1,1,5,7.707669779543642,1,0,0,0
IAASSE_04588,27,Canada,Software Engineer,136,6,2,2,3,34.436286308989246,7,1,3,30.34990130089607,2,0,0,0
IAASSE_04589,55,Nigeria,Freelancer,400,12,6,0,8,50.38645954813865,6,3,5,27.936792290410057,2,0,0,0
IAASSE_04590,18,Canada,Software Engineer,157,9,6,3,2,82.40404209211039,3,2,8,14.530838076277428,0,2,0,0
IAASSE_04591,44,India,Consultant,661,4,4,0,2,47.05054345925287,5,3,8,6.221939607638573,0,0,0,0
IAASSE_04592,63,India,Freelancer,636,5,7,3,3,56.282772467630885,3,2,3,18.833445502158227,0,1,0,1
IAASSE_04593,25,Canada,Researcher,722,5,7,1,3,99.43819607652887,2,1,5,36.23432527522236,1,0,0,0
IAASSE_04594,63,USA,Software Engineer,390,6,8,2,0,94.75788273705018,5,3,9,21.036366784008514,1,1,0,0
IAASSE_04596,34,India,Student,600,6,4,1,4,98.52522196934956,2,1,6,19.496388136450772,4,0,0,0
IAASSE_04599,60,India,Data Analyst,213,9,6,1,4,23.73228855430251,6,5,5,27.381170705493112,0,0,0,0
IAASSE_04600,42,UK,Data Analyst,210,12,5,3,2,98.62669546543445,1,1,9,37.49467480837352,3,0,0,0
IAASSE_04601,56,Germany,Data Analyst,385,7,4,1,7,66.72957893186042,2,0,7,7.781571460396096,2,1,1,0
IAASSE_04602,45,USA,Software Engineer,550,5,1,1,2,59.46967228215379,4,2,10,33.63083374396187,0,2,1,0
IAASSE_04604,54,India,Student,620,8,5,3,4,85.62775214527943,4,4,4,18.2735463143311,3,1,0,0
IAASSE_04605,26,USA,Researcher,168,9,10,2,1,80.68523314776633,5,2,4,33.81827508149042,0,0,0,1
IAASSE_04606,35,UK,Software Engineer,616,10,6,2,5,52.580406208621774,1,1,6,10.829381571639933,0,2,1,0
IAASSE_04607,38,Nigeria,Software Engineer,150,10,3,2,6,92.80611997127521,4,2,9,13.305872721561176,2,0,0,0
IAASSE_04608,19,UK,Researcher,110,11,7,3,3,72.38618763985069,3,1,4,7.439312547603829,1,1,0,1
IAASSE_04609,60,Brazil,Consultant,388,7,5,5,3,38.332477151394535,3,2,7,31.73106441917107,3,0,1,1
IAASSE_04610,55,Brazil,Software Engineer,461,8,3,1,1,67.43291657690976,5,3,5,7.817039378444786,2,0,0,0
IAASSE_04611,57,UK,Researcher,423,12,7,2,7,99.15216024686897,7,5,5,13.643803992966017,1,0,0,0
IAASSE_04612,53,USA,Freelancer,330,6,8,3,5,86.8015632567841,1,1,4,33.5449584260505,2,2,1,1
IAASSE_04613,60,Germany,Consultant,177,1,9,2,1,75.6923067857366,5,5,10,21.561492019758628,0,0,1,0
IAASSE_04614,54,Canada,Software Engineer,582,12,7,3,2,92.52889857109776,5,3,7,36.10640793992487,1,0,0,0
IAASSE_04615,32,USA,Researcher,589,8,7,1,5,64.05885202980772,3,2,7,9.992690924893608,1,0,0,0
IAASSE_04616,45,Germany,Student,280,11,7,1,2,67.76675008547595,3,2,10,24.681265826476626,1,1,0,0
IAASSE_04617,35,USA,Software Engineer,458,11,2,0,2,74.51674103860634,1,1,7,43.24933284277138,1,1,0,1
IAASSE_04618,51,Nigeria,Freelancer,131,10,4,1,2,93.45173886445019,4,3,4,40.120870571777864,1,0,0,0
IAASSE_04619,39,USA,Software Engineer,389,5,6,2,1,43.2849950738656,3,1,8,30.518877215580172,2,0,0,0
IAASSE_04620,28,USA,Professor,323,8,6,1,1,89.03154353405942,3,0,9,6.003441079606169,2,1,0,0
IAASSE_04621,30,USA,Software Engineer,113,6,11,5,1,79.33286304789158,5,4,5,70.6572490492692,2,0,1,1
IAASSE_04622,21,Brazil,Freelancer,666,9,5,5,1,73.41029579716476,3,1,7,17.467665272563902,2,1,0,0
IAASSE_04623,39,Germany,Software Engineer,469,4,2,1,3,89.89278278078991,3,1,6,18.673992359615777,2,1,1,0
IAASSE_04624,24,India,Student,436,7,6,2,3,63.67427543572962,3,2,2,8.401517800407598,0,0,0,0
IAASSE_04625,60,UK,Software Engineer,710,9,6,1,3,44.75947140023741,3,2,4,13.798320302065157,3,0,1,0
IAASSE_04626,41,UK,Data Analyst,343,6,5,3,4,22.700117214134117,4,4,6,10.815017471100061,2,2,0,0
IAASSE_04627,21,USA,Student,502,7,4,1,2,23.409701189493674,3,1,8,44.36355653630467,1,0,0,0
IAASSE_04628,45,Canada,Consultant,368,9,3,4,0,58.57769311163202,4,1,6,20.078352926478487,0,1,0,0
IAASSE_04629,32,Australia,Data Analyst,438,10,4,2,3,54.608374911342096,1,1,6,33.070935525937195,1,1,1,1
IAASSE_04630,18,Germany,Manager,681,4,4,1,1,79.3021888224861,5,3,6,26.6725451653867,2,1,0,0
IAASSE_04631,20,UK,Data Analyst,526,14,3,1,7,53.94593354859026,4,3,3,39.04514604672852,1,0,1,0
IAASSE_04632,31,Brazil,Student,412,9,6,1,0,98.7718288667451,1,0,6,13.670715675628909,0,0,0,0
IAASSE_04633,55,USA,Freelancer,383,8,7,3,5,98.01394052431728,1,0,7,10.881309304141205,1,0,0,1
IAASSE_04634,18,Brazil,Data Analyst,158,5,3,1,0,99.43973670089868,1,1,7,47.771969534588415,1,0,0,0
IAASSE_04635,55,USA,Researcher,328,10,6,4,5,89.74575920023901,0,0,8,40.37842015767774,1,0,0,1
IAASSE_04636,55,Canada,Researcher,613,4,4,1,3,65.56648472494419,8,8,6,24.897287477203033,0,0,0,0
IAASSE_04637,38,UK,Software Engineer,220,8,4,2,4,72.0645528001896,8,5,6,14.191702354950229,1,0,0,1
IAASSE_04638,46,Canada,Professor,582,6,1,1,1,82.44213235731046,1,0,5,19.063791941563462,1,1,0,0
IAASSE_04640,27,Canada,Software Engineer,276,9,3,3,5,44.95950984662793,6,4,11,12.031643353021677,0,1,0,0
IAASSE_04641,45,Canada,Consultant,543,7,5,3,4,52.007140819902475,4,4,4,2.8548345630570857,0,0,0,1
IAASSE_04642,38,India,Student,106,9,3,5,5,90.63068456561734,4,3,4,16.544066482591667,0,1,0,1
IAASSE_04643,24,Germany,Software Engineer,111,9,7,0,4,73.56105373585396,2,1,7,31.393142528554133,2,1,0,0
IAASSE_04644,20,India,Freelancer,137,9,4,0,5,93.5308297977201,3,0,5,8.557416931586094,3,1,0,0
IAASSE_04645,62,USA,Researcher,395,4,4,2,1,35.26171136280976,1,1,5,17.338616313991103,0,1,0,0
IAASSE_04646,64,Australia,Manager,327,9,3,2,2,59.11649638660402,8,4,6,17.252682667442706,3,1,0,0
IAASSE_04647,37,Australia,Researcher,444,10,5,4,3,32.43265363491745,5,3,8,62.80410248702285,1,1,0,0
IAASSE_04649,52,Canada,Professor,231,8,6,4,4,99.32865206008522,2,1,8,13.382324815713124,1,4,0,0
IAASSE_04650,21,UK,Data Analyst,624,8,5,3,4,63.677264171165184,5,4,6,17.247996210631864,0,1,0,1
IAASSE_04651,22,USA,Student,572,5,0,0,3,31.873832368581283,2,2,8,26.974321980948286,0,3,1,0
IAASSE_04652,18,USA,Software Engineer,466,10,8,4,2,87.0286144941321,5,3,6,7.37725470331971,1,0,0,0
IAASSE_04653,21,USA,Researcher,400,8,4,6,3,74.88583203920899,1,1,9,50.36384562989822,2,0,0,0
IAASSE_04654,29,Germany,Data Analyst,232,7,5,3,4,58.37903824057021,2,2,5,7.794825885822785,1,1,0,1
IAASSE_04655,44,Germany,Student,366,8,6,1,6,36.81979535910152,3,1,10,4.550330240654203,2,1,0,0
IAASSE_04656,59,Brazil,Data Analyst,436,13,3,2,6,42.74395673175697,5,5,10,27.43775293065431,0,1,0,1
IAASSE_04658,42,USA,Researcher,566,7,6,1,3,62.86182157464458,4,3,8,20.730510672132812,1,1,0,0
IAASSE_04659,38,Nigeria,Software Engineer,657,10,5,2,4,67.10483688053085,3,2,9,21.436914795892367,3,0,0,0
IAASSE_04660,41,Nigeria,Student,552,5,3,5,1,96.36146666746535,1,0,6,15.858860314227849,1,0,0,0
IAASSE_04661,42,Canada,Data Analyst,420,7,3,3,2,20.697372246502148,3,1,4,9.157614500218289,1,1,0,1
IAASSE_04662,62,Australia,Student,361,9,3,2,0,67.19763279789095,2,1,5,34.0260438202335,1,2,0,0
IAASSE_04663,63,Brazil,Student,463,5,11,4,3,16.034103466230015,2,2,8,13.925990362030458,0,0,0,0
IAASSE_04664,49,Australia,Professor,728,14,5,3,2,95.83285755327319,3,2,6,18.98915249170068,2,0,0,0
IAASSE_04665,49,Nigeria,Freelancer,537,10,8,2,4,94.95501503280556,1,0,4,30.3394910307049,0,2,0,0
IAASSE_04666,22,USA,Student,202,17,8,0,3,99.4696215024707,1,1,6,15.391389006670117,2,0,1,0
IAASSE_04667,53,USA,Student,121,3,5,3,3,97.548385613744,1,0,3,12.623827367075979,0,0,1,0
IAASSE_04668,63,Canada,Data Analyst,423,3,5,2,5,91.97831790430074,2,0,7,28.333505221140527,0,0,0,0
IAASSE_04669,59,Australia,Software Engineer,358,6,4,1,3,62.76030728421803,3,1,6,28.655981332843183,1,0,2,1
IAASSE_04671,56,Brazil,Data Analyst,668,7,4,3,6,73.27216409662624,3,1,6,21.117155076873612,0,1,0,0
IAASSE_04673,50,USA,Manager,248,10,2,5,0,81.84278695251791,2,2,5,1.6783827512534535,0,1,0,0
IAASSE_04674,38,India,Researcher,669,7,3,5,2,75.5877186719774,0,0,7,30.218628792504706,1,0,0,0
IAASSE_04676,23,USA,Software Engineer,672,8,7,4,1,79.5662783491242,5,3,5,7.87698950948416,1,0,1,0
IAASSE_04677,62,Canada,Professor,515,8,4,2,3,47.91162202635261,2,2,5,31.921069900465326,0,0,1,0
IAASSE_04678,52,India,Freelancer,194,9,2,3,6,62.4013806967237,6,4,5,15.596927399559455,0,1,1,1
IAASSE_04679,56,India,Student,99,7,4,3,5,57.297956333665134,3,3,4,9.728664211334028,0,0,0,0
IAASSE_04681,58,UK,Software Engineer,444,13,4,4,1,84.30147085300403,4,3,8,6.295347028682157,1,0,2,0
IAASSE_04682,22,Brazil,Student,172,8,8,3,2,76.19596833979449,3,3,4,7.684942647015403,0,1,0,0
IAASSE_04683,59,Germany,Software Engineer,452,8,3,3,7,92.14322008355758,3,2,8,42.549323155605435,2,1,0,0
IAASSE_04685,34,UK,Software Engineer,514,8,4,2,3,93.47742444635128,4,3,7,17.48607022905412,2,0,0,0
IAASSE_04686,29,India,Data Analyst,104,8,3,2,5,52.495718282090486,2,1,5,8.322089816825235,0,0,0,1
IAASSE_04687,40,USA,Software Engineer,274,5,5,0,3,86.25005472989633,6,3,9,4.951738053616735,0,0,0,0
IAASSE_04688,33,USA,Freelancer,668,8,5,1,3,68.71309292428025,7,4,9,22.77206238168365,2,0,0,1
IAASSE_04689,20,Australia,Data Analyst,399,9,4,4,3,67.56781467916043,3,2,7,9.995077687704555,1,0,0,0
IAASSE_04690,47,UK,Researcher,602,10,5,0,2,6.780746214733162,2,2,5,2.7227303741890974,0,0,1,0
IAASSE_04691,39,Germany,Student,291,11,5,0,3,66.27595554982936,3,1,5,14.505096430510731,0,0,0,0
IAASSE_04692,26,USA,Student,690,7,9,1,3,70.71993435080203,3,1,9,17.531505623567664,1,0,0,0
IAASSE_04693,46,Germany,Software Engineer,115,12,7,2,5,86.03620520117097,1,1,8,12.855863375058432,2,2,0,0
IAASSE_04696,40,USA,Student,139,10,8,2,4,76.32554621911437,2,1,7,12.139094973353394,1,1,0,1
IAASSE_04698,49,Nigeria,Researcher,499,12,6,1,3,58.641852810419806,5,5,4,12.165481137129605,2,0,0,0
IAASSE_04699,63,USA,Data Analyst,304,2,5,5,4,98.15944415533413,1,0,4,3.9720664402941375,1,1,0,0
IAASSE_04700,64,India,Researcher,405,3,5,2,3,43.60332582269971,1,0,4,2.0711539723408534,0,1,2,0
IAASSE_04701,40,Australia,Student,597,11,3,0,1,95.42478155286854,4,1,4,13.361993946980181,1,0,1,0
IAASSE_04703,34,UK,Software Engineer,625,12,3,5,7,54.33520042339603,6,4,3,18.73442126167577,2,1,1,1
IAASSE_04704,57,Germany,Researcher,565,5,6,2,1,72.34431755220918,2,1,4,11.903912861830744,1,2,0,0
IAASSE_04705,38,USA,Freelancer,252,11,6,0,2,45.075084445598435,3,2,8,36.54166321202171,1,0,0,1
IAASSE_04706,19,UK,Professor,509,8,6,3,2,67.29011452411018,7,6,4,3.3657102060762236,2,0,0,0
IAASSE_04707,54,Brazil,Student,95,8,4,1,2,38.45558150669906,3,0,3,22.371883989543747,1,0,0,0
IAASSE_04708,23,Australia,Consultant,209,8,5,1,3,94.49040498730761,5,3,5,8.543273702792936,2,0,0,0
IAASSE_04709,61,UK,Student,246,10,5,1,1,60.61216724122175,5,3,4,25.975097543768282,1,0,0,0
IAASSE_04710,35,USA,Freelancer,496,8,7,4,2,99.49072476384795,5,3,7,15.413344896077504,0,0,0,1
IAASSE_04712,39,Germany,Software Engineer,655,10,2,4,1,88.01638852251328,2,2,4,18.67602614725402,2,0,0,0
IAASSE_04713,50,UK,Student,321,6,3,2,1,83.08649000900267,2,2,5,29.297198771101016,2,0,0,0
IAASSE_04714,47,Brazil,Student,691,9,2,2,2,73.49377234844138,2,1,8,12.114369287673894,0,0,0,0
IAASSE_04715,34,USA,Manager,204,5,3,1,2,79.53980358707868,3,1,4,52.32920013697232,1,0,0,1
IAASSE_04716,60,UK,Professor,249,7,7,4,3,58.89814971951246,0,0,6,6.059638917579041,0,0,0,0
IAASSE_04717,49,Nigeria,Researcher,513,6,4,4,2,66.18423252711987,5,3,9,7.460610680064338,1,0,0,0
IAASSE_04719,31,UK,Manager,336,10,5,2,0,67.8339585085295,4,3,11,8.484573292615309,1,1,0,1
IAASSE_04720,27,Australia,Data Analyst,597,5,7,3,3,79.18657647892164,5,4,9,18.308195996631564,1,0,0,0
IAASSE_04721,64,India,Student,435,11,3,4,1,53.53679194992106,2,1,5,47.23550462493262,3,0,0,0
IAASSE_04722,53,USA,Student,619,3,3,3,4,89.80974483246975,2,2,9,2.586578175676737,1,1,0,0
IAASSE_04723,51,Brazil,Data Analyst,168,6,7,2,4,16.87384726659653,1,1,6,13.427623416595804,2,1,0,0
IAASSE_04724,26,India,Data Analyst,662,12,7,0,2,98.31110247010703,3,1,5,52.61039028975141,0,0,1,0
IAASSE_04725,59,USA,Student,627,3,4,4,4,72.95091805634287,2,2,7,32.259980960189324,0,0,0,0
IAASSE_04726,45,Germany,Student,441,10,7,1,1,43.85558137188518,1,0,3,4.709373808392001,1,0,0,1
IAASSE_04727,28,UK,Student,239,9,5,1,3,52.85713144388106,2,1,3,16.77010454639761,0,0,0,0
IAASSE_04728,31,Canada,Professor,117,7,4,0,2,85.85756889919655,4,3,6,9.060249862181868,0,1,0,0
IAASSE_04729,56,India,Student,238,9,8,0,1,92.48288658073463,0,0,3,41.513037940331756,1,2,0,0
IAASSE_04730,64,Brazil,Software Engineer,715,14,6,1,5,91.75879581942534,5,2,4,49.923500460788034,1,0,0,1
IAASSE_04731,36,USA,Software Engineer,279,8,7,1,4,84.45175437692052,4,4,13,48.40816757613024,1,1,0,1
IAASSE_04732,32,Canada,Software Engineer,604,3,2,1,0,61.35362268192802,3,3,2,18.708758777590482,1,1,2,0
IAASSE_04734,41,UK,Data Analyst,566,11,4,2,4,37.853670197222115,2,0,9,19.066243243706936,2,1,0,0
IAASSE_04735,25,UK,Student,472,8,2,3,0,50.759632735981896,1,1,6,12.101582998516388,1,0,0,0
IAASSE_04737,26,Germany,Student,696,6,6,5,0,50.03886746236065,1,1,5,14.418951855731342,1,0,0,0
IAASSE_04738,64,Canada,Software Engineer,496,9,3,2,5,45.975480892973025,0,0,6,7.794321628677251,2,1,0,0
IAASSE_04739,50,USA,Researcher,123,8,5,3,2,19.389647328631103,2,2,9,1.7732020685304604,6,3,0,0
IAASSE_04740,50,India,Software Engineer,440,10,6,2,4,92.64319205164584,2,1,3,24.89294070286679,1,1,0,0
IAASSE_04742,20,Canada,Software Engineer,577,6,3,2,1,82.44902122455123,1,1,4,2.11228763241402,0,2,1,0
IAASSE_04743,27,UK,Consultant,202,14,3,1,2,15.217137184167001,2,2,6,19.297457908902565,0,0,0,0
IAASSE_04744,57,Germany,Data Analyst,625,12,7,3,2,81.86217626874058,5,3,5,17.45304149634031,3,1,0,1
IAASSE_04745,64,UK,Manager,457,9,6,0,3,67.60461961587563,2,1,4,38.9097554450011,1,1,0,1
IAASSE_04746,59,USA,Manager,431,11,7,2,4,61.15398261466486,1,1,9,16.170121866299006,2,1,1,0
IAASSE_04747,18,India,Software Engineer,400,9,4,4,4,43.693567754449695,4,1,9,13.951782762735533,1,0,0,0
IAASSE_04748,46,USA,Data Analyst,290,2,6,2,3,92.18252997507476,4,3,4,14.029886888587907,1,1,1,0
IAASSE_04750,30,USA,Student,301,5,3,0,2,71.15518507908092,5,2,5,10.892609989521972,1,2,0,0
IAASSE_04751,18,USA,Student,257,8,4,0,3,78.79540447689314,2,0,5,12.920419503347096,0,0,0,0
IAASSE_04752,51,USA,Student,644,9,7,4,7,93.04748110286157,1,1,9,15.22631717856534,0,0,1,0
IAASSE_04753,46,Brazil,Student,345,9,4,2,2,52.450171314340054,2,2,7,10.911136870052601,0,1,0,0
IAASSE_04754,64,UK,Software Engineer,624,12,5,2,3,74.8198576695406,3,1,7,4.825167455839195,1,0,0,0
IAASSE_04755,30,USA,Consultant,446,4,5,1,5,7.634659076047928,2,2,4,15.941867569795132,1,0,0,0
IAASSE_04756,46,USA,Data Analyst,186,5,12,0,4,83.43210551005342,4,2,7,12.039420202129797,0,0,0,0
IAASSE_04757,56,Brazil,Professor,628,7,5,2,0,88.3078907653131,6,5,7,5.624103209413627,1,0,0,1
IAASSE_04758,41,Australia,Freelancer,234,7,6,1,4,93.13535940333149,2,2,6,7.102744591106301,1,1,0,1
IAASSE_04759,43,UK,Freelancer,639,8,5,2,2,65.60812600285776,5,5,7,38.931345700947475,1,0,1,1
IAASSE_04760,34,Nigeria,Consultant,625,10,5,1,3,71.03372690728412,4,3,9,14.896684402789154,1,1,0,0
IAASSE_04761,24,UK,Data Analyst,649,15,4,2,3,89.28558278227486,2,0,5,8.436547447459692,1,1,0,0
IAASSE_04763,22,USA,Software Engineer,663,9,3,2,4,74.23913248602192,5,3,6,57.78381597549234,0,0,0,0
IAASSE_04764,43,UK,Software Engineer,333,10,1,1,2,67.14048363819127,2,2,4,11.70590614029292,0,0,0,0
IAASSE_04765,20,UK,Consultant,160,11,5,3,3,91.7907029540428,0,0,4,30.838063923057927,1,0,1,1
IAASSE_04766,24,Germany,Freelancer,625,6,6,0,4,86.24704258776626,4,2,6,10.230725822917051,0,0,0,0
IAASSE_04767,56,UK,Software Engineer,152,10,6,2,3,35.103427663773815,1,0,10,13.67638417920148,0,1,1,0
IAASSE_04768,18,Australia,Data Analyst,258,3,4,0,2,95.81653473694585,3,1,8,7.326289832021465,0,0,0,0
IAASSE_04769,34,USA,Student,308,9,4,1,1,75.4524400000408,0,0,8,6.319258493249562,1,0,0,0
IAASSE_04771,42,Canada,Software Engineer,549,9,6,1,3,93.70898648950237,6,3,4,23.952328955987934,0,0,0,1
IAASSE_04772,20,Brazil,Software Engineer,99,8,4,5,1,36.480716377297064,3,1,4,24.81384588359278,1,1,1,0
IAASSE_04773,32,UK,Consultant,655,11,10,1,3,93.60813184274517,3,3,6,27.246630881362954,0,0,0,1
IAASSE_04774,46,Germany,Software Engineer,169,7,10,1,5,59.95120185327679,5,3,4,31.124437037906905,0,1,1,1
IAASSE_04776,49,USA,Researcher,594,8,6,0,5,73.63854968028757,5,4,4,14.043673707518003,0,1,0,0
IAASSE_04778,33,UK,Student,618,8,3,3,1,85.20427170426572,3,1,6,20.604056128039122,1,1,0,0
IAASSE_04779,42,USA,Consultant,442,13,6,1,5,64.3948926160461,5,1,3,21.46439080270457,0,0,0,0
IAASSE_04781,26,India,Student,451,7,5,5,4,97.43079108533348,4,2,11,18.271079704353447,1,2,0,0
IAASSE_04783,46,Australia,Professor,710,7,7,3,1,81.89464304537724,0,0,7,5.2377717874087,3,0,0,0
IAASSE_04784,39,UK,Student,548,7,7,5,3,26.88943258203083,4,2,3,12.088313104881339,0,0,0,0
IAASSE_04785,33,Canada,Software Engineer,163,10,3,0,1,73.19054371127825,3,1,5,8.182679487698936,2,0,0,0
IAASSE_04786,58,Australia,Data Analyst,493,3,6,2,0,32.6397018476327,4,1,8,20.165807206061864,2,0,0,0
IAASSE_04787,61,UK,Researcher,272,5,5,2,3,74.60821423558926,6,2,8,32.18482794621171,0,0,0,0
IAASSE_04788,58,UK,Consultant,262,7,5,1,4,61.03785733454467,4,2,5,27.930553692754536,0,0,1,0
IAASSE_04792,36,USA,Manager,124,9,5,4,2,79.94813662929744,5,1,5,14.619250487408264,0,0,0,1
IAASSE_04793,36,Nigeria,Consultant,376,7,5,5,3,95.19913205250941,1,1,8,10.898367992205527,3,0,0,1
IAASSE_04794,19,UK,Software Engineer,215,8,2,1,0,62.81535046922373,2,1,6,33.493368055543684,0,1,0,0
IAASSE_04795,58,Australia,Data Analyst,593,11,1,2,3,44.49078719882108,4,3,8,6.945295351143174,3,0,0,0
IAASSE_04796,62,UK,Software Engineer,583,7,7,1,4,99.79992020824254,3,1,8,33.078354458401776,0,0,1,0
IAASSE_04797,32,USA,Researcher,618,12,5,0,4,30.706791313602587,3,3,7,17.457174725355085,0,0,0,1
IAASSE_04798,20,Australia,Student,564,6,8,5,2,51.9715584346711,1,0,6,6.854301777618412,1,0,0,0
IAASSE_04799,28,Australia,Data Analyst,322,2,5,1,4,50.60169800585983,1,1,5,17.66926113459744,0,0,0,0
IAASSE_04800,63,USA,Student,399,6,4,2,2,35.60243622678206,1,0,2,8.40725707383007,0,0,0,0
IAASSE_04801,47,Canada,Software Engineer,450,10,5,1,2,56.902045922458164,2,1,5,48.02636858966282,1,1,0,1
IAASSE_04802,57,India,Consultant,674,11,3,2,4,59.89182633058764,1,0,8,9.766192535827873,2,2,0,0
IAASSE_04803,35,Australia,Student,265,8,3,0,1,71.68014146832701,1,0,4,21.29369868956676,1,1,2,0
IAASSE_04804,19,USA,Researcher,654,3,6,3,2,50.33097605286005,3,2,4,48.56823555981978,1,0,0,0
IAASSE_04805,49,Australia,Professor,204,4,3,1,3,84.30945542863188,4,1,7,17.10251206269241,2,0,0,0
IAASSE_04806,25,Germany,Data Analyst,705,9,2,1,4,99.21105657824644,0,0,9,19.269270774768742,1,0,0,0
IAASSE_04807,39,India,Researcher,634,3,9,3,6,93.05310630425241,3,3,5,42.348975981854,2,1,1,0
IAASSE_04808,23,Germany,Freelancer,451,5,3,4,1,80.96837234327752,3,3,6,21.609665770041588,0,0,1,0
IAASSE_04809,29,USA,Freelancer,576,8,3,1,3,79.92129968266035,8,3,7,11.556650765699603,1,0,0,0
IAASSE_04810,64,Germany,Data Analyst,588,7,7,2,0,24.065548071683097,4,1,4,35.84031983298759,1,1,0,0
IAASSE_04811,57,Germany,Student,611,10,2,0,3,73.92088476464313,0,0,7,4.688480566453983,3,2,0,0
IAASSE_04812,53,USA,Student,655,12,8,1,2,81.71442257799245,3,1,6,9.274590105732694,1,0,0,0
IAASSE_04813,32,Canada,Researcher,623,5,5,3,2,23.66362665065955,2,1,7,20.598371576743368,0,1,0,1
IAASSE_04814,45,UK,Manager,311,8,6,4,2,49.012376790568524,2,1,5,22.12146074787033,0,0,1,1
IAASSE_04815,62,Germany,Researcher,345,7,5,2,3,48.87864666966697,1,1,5,34.920709944880066,3,0,0,0
IAASSE_04816,35,USA,Data Analyst,535,12,5,0,4,99.34921910696956,4,3,6,52.40589403205166,1,0,0,0
IAASSE_04818,30,Nigeria,Software Engineer,118,14,1,1,3,99.61267457696503,3,1,7,52.525847671260166,2,0,0,1
IAASSE_04819,62,India,Software Engineer,690,9,8,2,3,54.69104595225317,5,4,7,19.269281022409068,1,1,1,0
IAASSE_04820,32,Nigeria,Manager,425,8,3,4,1,91.65917281139834,3,2,5,18.991138991659266,0,0,0,0
IAASSE_04821,37,Brazil,Software Engineer,311,13,8,1,5,33.99508273583299,0,0,7,11.800069748764106,1,1,1,0
IAASSE_04822,46,USA,Data Analyst,444,10,6,2,0,87.05349458835063,3,2,9,13.08853445143159,0,0,0,1
IAASSE_04823,59,Germany,Data Analyst,662,11,2,0,4,67.39266508880962,2,1,6,15.980055582975547,4,0,0,0
IAASSE_04824,46,Canada,Data Analyst,91,7,5,4,1,91.14667564300228,0,0,6,11.991510193464482,1,0,0,0
IAASSE_04825,20,Nigeria,Data Analyst,530,5,6,2,3,81.59378782571342,0,0,9,3.6476371020532232,0,2,0,0
IAASSE_04826,36,UK,Student,258,8,6,1,1,90.73817828901394,0,0,6,15.062458982753526,1,0,1,0
IAASSE_04827,20,Brazil,Data Analyst,132,12,4,1,0,99.40530710573906,4,2,4,10.956078498029303,0,2,0,0
IAASSE_04828,31,Australia,Student,616,7,7,3,2,18.753165979272733,3,2,8,11.237973504860342,4,2,1,0
IAASSE_04829,57,India,Student,411,9,6,2,4,94.13590332770173,1,0,7,8.33016601235646,1,1,1,0
IAASSE_04830,21,USA,Manager,310,9,4,0,0,23.769047333033257,3,1,5,3.45510555827862,0,1,0,0
IAASSE_04832,48,India,Researcher,272,3,6,0,2,61.51204174022642,3,1,2,23.162711426051107,1,2,0,0
IAASSE_04834,49,India,Software Engineer,661,10,4,3,5,2.9813771078386777,2,2,6,26.93492730717775,1,1,0,1
IAASSE_04835,44,USA,Freelancer,650,10,3,2,3,53.50715041111948,4,2,3,12.985886795472476,1,0,0,0
IAASSE_04836,47,Germany,Student,517,9,6,2,3,82.0063217833323,0,0,5,19.06995726516314,3,0,0,0
IAASSE_04837,60,UK,Manager,213,7,1,0,5,61.70668931775263,6,3,5,12.566584848714964,3,2,0,0
IAASSE_04838,19,Australia,Freelancer,580,10,5,1,5,28.53136276294913,2,2,9,32.34612496288308,0,1,0,0
IAASSE_04839,26,Germany,Consultant,517,6,5,0,5,56.412499495858484,0,0,9,7.17921073027027,0,0,1,0
IAASSE_04840,45,UK,Student,650,8,4,0,2,19.61543943230995,2,0,7,20.32440351328608,1,1,0,0
IAASSE_04841,48,USA,Data Analyst,559,11,5,3,3,89.1072036033739,2,0,8,6.787749923053768,2,1,0,0
IAASSE_04842,51,USA,Student,207,11,4,5,2,80.37669369249991,3,1,6,26.74623644656062,3,1,0,0
IAASSE_04843,32,Australia,Researcher,617,12,3,1,5,75.79541767949726,3,2,2,9.084437170764708,2,0,1,0
IAASSE_04844,42,Australia,Researcher,290,9,6,4,3,45.76791921692334,1,0,7,8.061960520610583,0,2,0,0
IAASSE_04845,53,India,Data Analyst,363,6,5,2,1,51.29265791432632,4,4,5,4.965411240875414,2,0,0,0
IAASSE_04847,26,Canada,Researcher,143,10,4,1,3,60.79941703876442,3,3,7,12.634509715975149,2,0,0,1
IAASSE_04848,54,UK,Software Engineer,136,11,6,3,7,84.68137043177113,3,2,4,8.994002839886155,0,0,1,1
IAASSE_04849,62,USA,Consultant,201,8,3,1,5,93.83191293821365,2,1,8,33.2896019434906,2,0,0,0
IAASSE_04850,56,UK,Manager,635,5,5,2,3,75.763074872958,1,0,9,11.983429676365596,0,0,0,0
IAASSE_04851,49,Brazil,Student,370,8,4,5,1,75.68764468168854,6,2,8,3.0087760586450107,2,1,0,0
IAASSE_04852,34,Nigeria,Researcher,438,11,2,1,3,64.00502105066607,2,1,8,15.915418497775732,4,0,1,0
IAASSE_04854,54,Australia,Software Engineer,464,8,5,1,2,82.2631395629983,2,0,5,3.347801843707771,1,2,0,0
IAASSE_04855,36,India,Freelancer,546,10,4,0,3,51.850548952002626,3,2,8,7.440030853637392,2,0,1,0
IAASSE_04856,61,Canada,Consultant,341,8,6,2,0,75.99333125025261,1,0,4,15.805125831541897,3,0,0,0
IAASSE_04857,46,USA,Software Engineer,532,5,8,0,5,40.32519446454175,2,1,10,31.990794141797828,1,1,1,0
IAASSE_04858,24,USA,Data Analyst,564,6,4,1,2,67.9385678520773,4,1,7,14.31024537218132,2,1,0,0
IAASSE_04860,26,Brazil,Software Engineer,462,8,1,1,3,37.40755773257142,5,5,8,25.211979279272093,1,0,0,0
IAASSE_04861,45,Germany,Student,516,6,7,5,2,29.877485204999864,4,4,10,6.1581577320458045,0,0,0,0
IAASSE_04862,23,USA,Software Engineer,215,7,2,2,3,43.646388200377025,5,4,3,20.222436092489563,1,1,1,0
IAASSE_04863,46,USA,Student,164,5,9,3,2,62.99222479758526,2,2,7,28.23383298707175,1,0,1,0
IAASSE_04864,34,India,Data Analyst,343,13,7,3,2,72.88669630074209,2,2,10,34.280537587876324,1,0,0,0
IAASSE_04865,33,India,Data Analyst,247,7,7,1,2,99.03066786771052,3,3,5,2.9969414351735773,0,0,0,1
IAASSE_04867,48,Germany,Manager,311,10,6,1,3,89.25964596808129,4,0,9,15.450731983326708,3,0,0,0
IAASSE_04868,20,USA,Data Analyst,351,4,4,0,2,41.128645487542634,4,1,6,14.221561743752918,0,0,1,0
IAASSE_04869,38,India,Student,648,3,2,4,4,66.45572862068663,5,3,4,5.302126417160772,1,0,0,0
IAASSE_04871,53,UK,Data Analyst,365,10,3,1,5,73.52538190305854,2,2,5,39.95547710756223,1,1,1,0
IAASSE_04872,59,Germany,Software Engineer,383,10,5,3,2,77.29930347060805,9,2,5,19.786954227880265,0,1,1,0
IAASSE_04873,54,USA,Consultant,249,14,3,5,6,47.088473511417526,2,2,7,8.63220392143975,0,1,0,0
IAASSE_04874,39,USA,Researcher,151,6,10,2,5,61.816101084517484,2,1,7,18.97977292981642,1,0,0,1
IAASSE_04875,59,USA,Researcher,421,9,7,2,7,81.88123637508643,6,5,4,43.55395815065302,0,0,0,0
IAASSE_04876,29,USA,Software Engineer,400,5,10,1,4,79.63473325260935,3,2,3,30.969712374326196,1,0,0,1
IAASSE_04877,59,UK,Professor,621,5,5,0,3,82.41352932850657,2,0,3,19.029314620709364,1,3,2,0
IAASSE_04878,30,Canada,Professor,364,7,4,3,2,91.78209897789873,2,2,3,76.51219362010748,1,0,0,0
IAASSE_04879,28,Canada,Software Engineer,582,7,4,0,10,85.38574961589592,2,2,6,41.028541114410224,1,0,0,1
IAASSE_04880,33,Canada,Data Analyst,164,9,8,1,4,85.10731649071833,2,2,5,2.702307645351962,2,1,0,1
IAASSE_04881,25,UK,Software Engineer,680,11,6,2,6,99.52741699400637,1,1,5,35.31303002226933,1,1,0,0
IAASSE_04883,57,Australia,Researcher,567,10,5,0,7,93.9083337394002,6,0,6,5.171253858312525,1,0,1,0
IAASSE_04884,62,UK,Software Engineer,574,9,2,0,2,16.204503491362644,5,3,8,9.908563510753105,0,0,0,0
IAASSE_04885,19,UK,Student,353,6,10,3,6,95.58469793315496,2,1,8,21.096375006619507,2,0,0,0
IAASSE_04887,47,India,Software Engineer,161,11,4,1,1,79.90392065360743,3,2,6,13.093759302593176,2,0,1,0
IAASSE_04888,29,Nigeria,Consultant,573,12,7,2,8,68.72660488020031,3,2,5,1.0759848545321347,0,0,0,0
IAASSE_04889,27,Canada,Software Engineer,493,19,6,2,3,34.480156093454845,5,2,6,17.581099518256394,0,0,1,0
IAASSE_04890,61,USA,Researcher,537,4,8,2,2,67.43160252093169,5,2,4,15.921372322634886,1,1,0,0
IAASSE_04891,28,Germany,Data Analyst,493,11,11,0,2,95.67974024455302,4,1,5,2.0388657867993283,2,0,1,0
IAASSE_04892,32,USA,Software Engineer,157,12,9,4,3,90.40793076350896,1,1,6,16.72118650039087,1,1,0,1
IAASSE_04893,33,Canada,Software Engineer,365,7,4,2,4,71.54848319681994,3,1,6,9.083188373804765,2,0,1,0
IAASSE_04894,34,USA,Researcher,374,10,3,2,3,62.28612690418912,5,3,7,7.963387785130679,0,0,0,1
IAASSE_04895,43,India,Student,626,7,2,1,3,94.16893990204268,2,0,7,35.873603582381925,1,0,0,0
IAASSE_04897,29,Nigeria,Data Analyst,213,10,4,2,2,62.599752377430086,3,0,9,15.46711661191104,1,0,0,0
IAASSE_04898,43,Nigeria,Data Analyst,456,8,5,1,6,74.03749441588248,3,1,6,12.65764357607296,1,0,0,0
IAASSE_04899,40,Canada,Freelancer,489,8,6,4,1,88.55412723771593,1,1,7,21.773119241954724,0,1,0,0
IAASSE_04900,35,India,Student,646,17,4,3,6,44.42794256672327,8,5,3,33.60762758239659,0,2,1,0
IAASSE_04901,49,Australia,Data Analyst,703,8,6,5,3,50.38092794725672,4,3,7,46.01540958609975,0,0,0,1
IAASSE_04902,55,India,Software Engineer,576,8,7,1,4,58.36370307312316,2,1,4,9.694260697416045,1,0,0,0
IAASSE_04903,64,Canada,Consultant,149,5,3,3,1,16.874229443185005,3,2,6,12.518645806803072,3,0,0,0
IAASSE_04904,20,India,Software Engineer,406,9,9,0,2,28.505498767505692,4,1,7,18.76557255742751,0,0,1,0
IAASSE_04905,55,Canada,Manager,103,9,2,2,1,89.47759679518683,4,1,5,5.625636362683222,3,1,0,0
IAASSE_04907,47,Canada,Data Analyst,197,6,5,3,4,90.59535013926791,1,1,6,23.48492212268278,1,0,0,0
IAASSE_04908,18,Canada,Software Engineer,146,10,4,4,3,74.5507355672258,5,4,7,8.737614767098465,2,1,0,1
IAASSE_04909,47,India,Data Analyst,621,10,2,2,1,65.9060228084108,4,4,9,35.666646262430525,1,2,0,0
IAASSE_04910,62,India,Consultant,237,6,7,0,2,70.84565998231547,3,3,6,34.08546272769996,0,0,1,1
IAASSE_04911,49,Australia,Student,346,11,8,3,3,61.13369082146731,4,1,2,4.665475078209908,1,0,2,0
IAASSE_04912,45,USA,Data Analyst,497,8,4,2,2,70.59524370431197,0,0,5,5.669108187255691,2,2,0,0
IAASSE_04914,63,Brazil,Software Engineer,630,7,2,1,2,58.15116654868815,5,3,5,8.908029652573129,1,0,1,0
IAASSE_04915,30,India,Software Engineer,459,6,3,3,1,63.70387044675917,2,1,10,27.191449432793497,1,0,1,1
IAASSE_04916,44,India,Software Engineer,322,8,5,7,4,72.67510355563196,3,3,7,34.08642590969619,2,1,0,1
IAASSE_04917,53,USA,Student,328,10,4,2,7,45.46626639407695,3,2,7,38.5018869068233,1,1,0,0
IAASSE_04918,24,Canada,Software Engineer,93,8,8,3,2,70.45413631220431,2,2,12,1.9435406379345708,0,0,1,0
IAASSE_04919,39,Germany,Software Engineer,480,7,4,0,4,80.52088864975076,3,2,8,23.57686108757861,1,1,0,0
IAASSE_04920,27,India,Professor,288,6,6,1,1,72.1969591915023,1,1,3,45.15066640249665,2,0,0,1
IAASSE_04922,32,Nigeria,Consultant,459,7,4,2,2,72.03626097932701,2,2,6,18.758526728133983,3,1,0,0
IAASSE_04924,21,USA,Student,594,8,4,2,4,61.40944253088947,3,1,7,16.71552360583393,0,0,1,0
IAASSE_04925,49,UK,Manager,102,5,3,2,4,81.41047893977522,0,0,3,4.165129037900108,1,0,0,0
IAASSE_04927,23,Australia,Freelancer,540,4,3,1,1,96.38983606767142,5,4,7,35.30502246672426,0,2,1,0
IAASSE_04929,37,USA,Data Analyst,218,7,3,1,0,47.12177149319682,4,2,5,13.42111113429534,0,1,0,0
IAASSE_04930,54,India,Data Analyst,666,3,6,4,2,29.205409668806382,3,3,4,50.74478164867391,1,1,1,1
IAASSE_04931,37,USA,Software Engineer,241,7,4,2,4,77.22106089473125,2,1,6,12.278727529070867,0,0,1,0
IAASSE_04932,29,USA,Data Analyst,398,11,3,4,3,86.88507203228127,3,3,8,10.363639406921088,0,0,0,0
IAASSE_04933,50,Canada,Data Analyst,360,5,2,2,3,76.4947633929454,4,2,9,3.597094435059789,0,0,0,0
IAASSE_04934,45,Canada,Data Analyst,311,10,2,2,1,64.80792644551909,2,1,6,19.759324534902202,4,0,0,0
IAASSE_04935,25,India,Researcher,605,5,5,1,4,50.459834818434466,3,2,7,10.871343492166991,3,0,0,0
IAASSE_04936,18,Canada,Student,556,11,6,2,3,79.76132549790128,4,2,4,28.463759266307463,2,0,1,0
IAASSE_04937,54,India,Consultant,571,8,3,4,3,32.160101318026726,5,2,8,37.238644637490324,0,0,0,0
IAASSE_04938,39,Australia,Manager,546,7,4,1,4,70.63627912552359,5,3,7,21.16367975320078,3,0,1,0
IAASSE_04939,23,USA,Software Engineer,595,4,3,2,2,70.37219642857299,3,1,7,17.702465282323164,1,1,1,0
IAASSE_04940,38,USA,Consultant,515,6,7,3,4,55.256166135579754,4,0,5,21.22561455017253,5,1,0,0
IAASSE_04941,49,Canada,Data Analyst,718,3,2,3,3,77.35424182866247,2,0,5,14.474499305553321,1,1,0,0
IAASSE_04942,52,UK,Student,401,8,9,2,2,82.56592062530743,2,1,10,23.319426528053032,0,1,0,1
IAASSE_04943,32,India,Researcher,437,7,7,1,3,49.70169649757501,1,1,6,2.7499643568570376,1,1,0,0
IAASSE_04944,22,Australia,Software Engineer,691,5,6,3,8,77.70861485993885,7,3,6,72.09203243966512,0,1,0,0
IAASSE_04945,63,UK,Software Engineer,568,5,6,1,2,61.68450084341476,0,0,8,13.648222495475508,1,0,0,0
IAASSE_04946,23,USA,Consultant,183,10,4,0,2,51.03589689661736,2,2,10,3.3235693347952697,1,1,1,0
IAASSE_04947,42,USA,Freelancer,412,8,4,0,2,63.372175981382306,3,3,7,20.89553468442364,1,0,0,1
IAASSE_04948,63,Australia,Researcher,307,15,12,3,1,75.15926070908839,4,2,6,15.048083705626954,1,1,2,1
IAASSE_04949,57,Canada,Manager,451,3,4,0,5,76.33590978791732,1,0,4,28.282655423088947,1,0,0,0
IAASSE_04950,46,Canada,Student,133,7,5,2,1,76.61500879621151,3,2,4,11.957950079785626,0,2,0,0
IAASSE_04951,24,USA,Student,355,8,3,1,1,94.88484181313655,5,3,6,9.246674093903263,0,0,1,0
IAASSE_04953,30,Nigeria,Software Engineer,717,6,4,3,4,63.49697436783074,2,1,7,30.12146107523158,1,0,0,0
IAASSE_04954,55,UK,Software Engineer,707,8,5,3,7,98.55643257738072,2,1,7,49.36702322582146,1,0,0,0
IAASSE_04955,35,Canada,Data Analyst,426,10,4,6,3,22.460658475304545,1,0,6,41.61182352596184,0,0,1,1
IAASSE_04956,19,Brazil,Researcher,158,6,8,4,2,51.314922355048466,1,0,6,17.993531333878007,0,2,0,0
IAASSE_04957,25,UK,Student,166,7,9,3,3,48.52425300489055,2,0,8,34.19936771394879,0,2,1,0
IAASSE_04958,28,Australia,Researcher,486,12,6,1,3,66.50059881406291,3,2,7,12.35336442377469,1,0,1,0
IAASSE_04959,50,USA,Student,449,10,5,1,2,97.51675406499682,3,2,8,35.260891643521205,1,1,0,0
IAASSE_04960,55,Australia,Student,102,13,3,3,8,82.09076018699632,2,0,6,46.28345287345246,2,0,0,0
IAASSE_04961,44,USA,Data Analyst,358,9,9,3,3,63.95643602628049,4,1,6,12.991320888782445,0,1,0,0
IAASSE_04963,29,Germany,Consultant,600,4,7,2,2,89.31023210474929,2,1,7,7.299773481430941,1,0,0,0
IAASSE_04964,60,India,Student,646,6,4,4,2,96.12230011532797,3,3,11,23.430377667819478,1,0,0,0
IAASSE_04965,48,Germany,Student,365,12,7,0,6,62.37671234538924,4,3,3,19.862974492293073,1,1,0,0
IAASSE_04966,44,Australia,Software Engineer,139,8,7,1,2,24.69235931551752,8,8,5,9.6262747811474,0,0,0,1
IAASSE_04967,49,Canada,Software Engineer,406,5,1,3,0,97.65309286173134,6,2,7,21.33653567802778,0,0,0,0
IAASSE_04968,27,Nigeria,Student,145,10,4,2,0,88.06560594937254,4,2,3,12.304610993747877,2,0,0,0
IAASSE_04969,20,Brazil,Student,252,9,3,1,4,73.73905403128195,1,1,6,3.769645180069605,0,0,0,0
IAASSE_04970,62,Canada,Freelancer,297,11,6,2,4,19.077425074530787,3,1,11,34.27045843058747,0,1,0,1
IAASSE_04971,44,Brazil,Researcher,118,13,3,2,3,69.25311603278814,5,2,4,45.486600505931776,2,1,0,1
IAASSE_04972,52,Australia,Data Analyst,721,7,3,4,5,66.64955705605126,3,2,5,21.9047858056707,0,0,1,1
IAASSE_04973,48,Australia,Software Engineer,176,6,7,2,0,98.81429772053013,3,2,6,30.86101314061619,1,2,0,0
IAASSE_04974,32,Canada,Data Analyst,605,11,7,1,0,22.013770100206123,3,1,5,17.107006105875154,2,0,2,0
IAASSE_04975,33,USA,Data Analyst,637,11,7,1,2,96.18295111099148,6,3,4,16.41372994075236,0,0,0,0
IAASSE_04976,30,USA,Researcher,616,8,4,0,2,27.15967831421117,4,2,5,16.493368406313255,2,0,0,1
IAASSE_04977,52,USA,Consultant,246,4,4,0,4,62.429596362671404,5,4,5,37.5610995948503,1,1,0,1
IAASSE_04978,28,Canada,Student,343,10,7,1,3,45.79031930010213,2,2,10,16.356361591115483,1,0,1,0
IAASSE_04979,38,UK,Consultant,144,11,9,1,1,49.241532196803064,1,1,7,13.318280116941704,2,2,0,1
IAASSE_04980,28,Canada,Student,600,8,2,1,0,57.855593081039366,4,3,6,25.14664975297649,0,1,0,0
IAASSE_04981,47,Brazil,Data Analyst,242,5,4,2,6,26.141623047986425,4,3,5,1.9585697839686382,0,1,0,0
IAASSE_04982,52,UK,Student,654,1,4,1,0,99.17617699232156,3,0,8,4.818122068944426,1,1,0,0
IAASSE_04984,55,USA,Professor,577,8,8,3,1,74.10194290444974,4,3,4,12.523588740348139,1,0,1,0
IAASSE_04985,48,USA,Software Engineer,122,9,1,4,5,87.57422546275816,0,0,7,11.308486966145221,1,0,0,0
IAASSE_04986,31,India,Student,478,7,4,1,5,37.848921008555756,3,3,1,22.264957472536125,0,0,0,0
IAASSE_04987,41,Australia,Freelancer,137,8,3,3,2,97.76423900166675,9,6,7,25.51123450700112,1,1,0,0
IAASSE_04988,49,India,Consultant,489,2,3,4,0,76.16724143438289,6,4,9,6.690229361104438,1,0,0,1
IAASSE_04989,53,USA,Manager,407,10,4,1,7,30.015253786041452,2,2,5,23.995070118509723,2,2,0,0
IAASSE_04990,49,Australia,Professor,207,8,2,2,3,75.38828835581751,2,2,11,8.991029815543577,0,0,1,0
IAASSE_04991,32,UK,Data Analyst,298,2,9,2,3,92.2778247953557,5,3,7,4.6635984235111865,2,0,1,0
IAASSE_04992,60,USA,Consultant,348,8,7,1,4,90.40576681584766,2,1,5,16.997003799977417,0,2,0,1
IAASSE_04993,52,USA,Researcher,616,11,5,3,4,51.31670482062158,2,2,5,9.237565085403098,2,1,1,0
IAASSE_04994,20,USA,Consultant,222,8,6,5,4,81.06383069737562,5,5,7,13.030516800724898,0,0,0,1
IAASSE_04995,33,UK,Manager,642,7,7,4,3,84.02253314724052,2,1,3,21.77536205783618,2,1,1,1
IAASSE_04996,22,USA,Data Analyst,591,8,9,2,3,87.9746247444403,2,2,5,9.002352378715921,0,0,0,0
IAASSE_04997,38,Brazil,Manager,372,12,3,0,6,50.10044209242196,9,0,6,12.838512744150169,0,0,0,0
IAASSE_04998,27,UK,Data Analyst,648,5,3,3,2,53.44136508311838,2,1,3,28.691176432970163,0,0,0,0
IAASSE_04999,36,USA,Data Analyst,475,8,2,1,5,89.05981996693325,2,1,4,9.268696460468997,0,0,0,0
